tree
version=v4
num_class=1
num_tree_per_iteration=1
label_index=0
max_feature_idx=49
objective=lambdarank
feature_names=rep_count rep_days_since rep_rank itemcf_score itemcf_rank als_score als_rank content_score content_rank sib_pop sib_rank pop_rank bandpop_rank n_sources ci_prodcode_count ci_ptype_share ci_igroup_share ci_garment_share ci_colour_share a_pop_8w a_price_mean a_online_share a_buyer_age_mean a_days_since_first a_days_since_last a_pop_1w a_pop_2w a_pop_4w a_buyers_4w a_trend c_n_tx c_n_articles c_n_weeks c_days_since_last c_price_mean c_online_share c_n_tx_2w c_age c_age_missing c_fn c_active c_club_active c_news_regular product_group_name index_group_name garment_group_name perceived_colour_master_name graphical_appearance_name ci_price_ratio ci_age_gap
feature_infos=[0:32] [0:55] [1:20] [0.023350723087787628:7.0728921890258789] [1:20] [7.9888748611214866e-13:1.880457878112793] [1:20] [0.20443205535411835:1.0000001192092896] [1:20] [0:379] [1:12] [1:36] [1:12] [1:6] [0:32] [0:1] [0:1] [0:1] [0:1] [1:765] [0.00081355933798477054:0.50677967071533203] [0:1] [17:91] [0:55] [0:55] [0:205] [0:379] [0:482] [0:431] [0:3.9227054119110107] [0:195] [1:142] [1:8] [0:55] [0.001118644024245441:0.25875142216682434] [0:1] [0:51] [16:98] [0:1] [0:1] [0:1] [0:1] [0:1] -1:7:6:5:15:16:0:13:18:12:11:10:1:14:2 -1:2:1:4:3:0 -1:6:7:5:16:1:3:15:18:17:0:11:2:13:12:10:8:19:9:14:20 -1:1:16:2:0:12:6:7:11:5:13:4:17:8:10:15:14:9:19 -1:25:0:15:7:26:4:21:9:22:14:16:8:10:5:18:28:11:13:6:1:17:23:3:20:19:27:24:2:12 [0.023087579756975174:45.621738433837891] [0:71]
tree_sizes=7042 7040 7024 7040 7033 7031 6991 7021 7035 7021 7073 7034 7006 7054 7008 7025 7030 7000 6994 7069 7027 7031 6966 7045 7034 7020 7034 7048 6979 7084 7017 7035 7017 7053 7035 7041 7040 7058 7039 6969 7032 7020 6997 7001 6996 7003 7043 7052 7052 7001 7085 7055 7031 7040 7035 7008 7030 7010 7030 7023 6996 7036 7014 6956 6951 7016 7027 7070 7015 7024 6979 7022 7002 7069 7044 7010 6997 6988 7031 7027 6968 7005 7026 7041 6994 7028 6971 7084 7029 7020 6983 7029 6980 6993 7019 6995 7057 7017 7037 7021 6971 7012 7036 6963 7045 7031 7007 6994 7032 7016 6979 6974 7036 6980 7106 7068 7077 6986 7078 7031 7057 7048 6975 7071 6995 7039 7035 7018 7005 7037 6984 7033

Tree=0
num_leaves=63
num_cat=7
split_feature=14 45 25 44 1 43 27 20 25 22 20 26 33 5 33 45 33 48 19 24 35 23 21 13 48 6 43 21 21 18 21 49 23 29 48 21 45 37 29 22 25 22 6 37 6 22 17 20 7 21 15 17 15 10 5 25 35 29 17 45 7 21
split_gain=3664.79 2957.84 1494.47 643.626 604.712 472.699 489.504 319.141 218.191 191.091 171.478 166.298 165.813 148.252 142.863 139.72 121.809 110.336 92.6522 92.1582 89.1758 69.3391 69.2646 66.4796 66.4342 66.2967 58.4388 57.8362 54.0466 52.4554 57.6706 49.6383 47.6825 43.5479 41.2341 40.0596 39.6626 36.8045 34.2213 33.3454 36.0908 33.0879 32.4909 32.1566 30.5481 29.932 29.6387 29.5883 28.8763 28.1103 31.0975 27.8736 27.869 26.4823 26.0634 25.6956 25.6156 25.5951 24.4285 27.6904 24.271 24.0513
threshold=1.0000000180025095e-35 0 7.5000000000000009 1 16.500000000000004 2 123.50000000000001 0.030842863023281101 9.5000000000000018 30.361601829528812 0.036747358739376075 4.5000000000000009 6.5000000000000009 0.11841176077723505 11.500000000000002 3 12.500000000000002 0.75054106116294872 627.50000000000011 1.0000000180025095e-35 1.0000000180025095e-35 46.500000000000007 0.4552139043807984 1.5000000000000002 0.67170861363410961 11.500000000000002 4 0.93120351433753978 0.85400491952896129 0.30495168268680578 0.98918887972831737 23.002359390258793 51.500000000000007 0.17712418735027316 0.54490143060684215 0.79799920320510875 5 24.500000000000004 0.76263177394866954 34.318105697631843 27.500000000000004 29.867577552795414 18.500000000000004 22.500000000000004 11.500000000000002 36.11980056762696 0.19462481886148456 0.033561758697032935 0.89017269015312206 0.65947756171226513 0.28708791732788091 0.15301003307104113 0.099450550973415389 4.5000000000000009 0.36383353173732763 75.500000000000014 0.67204302549362194 0.89125296473503124 0.12537425011396411 6 0.90523049235343944 0.51243677735328685
decision_type=2 9 2 1 8 9 2 2 2 2 2 2 10 10 8 9 8 10 2 2 10 2 2 2 10 8 9 2 2 8 2 2 2 2 10 2 9 2 2 2 2 2 8 2 8 2 10 2 10 2 8 10 10 10 10 2 10 2 10 9 8 2
left_child=1 2 11 7 -2 6 13 15 17 29 18 -1 23 19 44 56 43 58 25 22 -20 -14 -3 36 27 46 -10 39 -16 30 37 35 -15 -19 51 -18 49 54 -12 -17 -41 -31 -13 -11 -8 -45 -7 48 -24 50 -9 -28 -38 -36 -5 -23 -4 -51 -6 -60 -26 -35
right_child=4 5 3 9 8 10 14 12 26 16 38 42 21 32 28 24 31 33 20 -21 -22 55 47 -25 60 -27 34 -29 -30 41 -32 -33 -34 61 53 -37 52 -39 -40 40 -42 -43 -44 45 -46 -47 -48 -49 -50 57 -52 -53 -54 -55 -56 -57 -58 -59 59 -61 -62 -63
leaf_value=-0.088899104007549579 0.082634814613282925 -0.066192450532012503 -0.014140928103472276 -0.041394503771475938 -0.048647529841060182 -0.063352877092199764 -0.0010691829701086971 0.03202524406300139 -0.016480093787282376 0.007459351080738693 -0.045778915524422564 -0.010798660556626568 0.06210772861724663 0.035991951926407084 0.0024098885878577696 -0.010678631846135402 -0.008428256433180778 -0.0086797987310357969 -0.022807304611573008 -0.082915283842348225 -0.075070597022420082 0.010478345674723173 -0.044688842655372596 0.045069142244368358 -0.0074635285641731887 -0.082327688418306538 -0.014721543909846936 -0.031463635644155975 0.036582890134975378 -0.0019982910746967411 0.016437354778501719 -0.033812125361136328 -0.024896665975498711 0.015069588817903039 0.062752991505355335 0.022345750487384488 -0.021854878360086857 -0.078294411509775633 0.016781617017303047 -0.023274486810834535 0.032630805770769641 -0.045613808492731708 -0.047629359850989039 -0.036018716982012235 -0.046568032342087728 0.018049402260357558 -0.012639909744310764 0.0046891423153047297 0.0017274546484666435 -0.0380956171202219 -0.019249363052587537 0.038012534434382399 0.031479444328572657 0.0382236328809335 0.040655027845108993 0.049010164119389521 -0.049698828977408974 0.030692419421682344 -0.033627387371855937 0.0048330535315591035 0.035154754912958212 0.041369491133094426
leaf_weight=329.77371861159918 1014.4717510019836 292.92550023252261 147.96708255255362 79.581901375495363 39.448306092686835 60.443896581389708 48.209620747817098 44.945689939544536 31.425471225054935 68.212366162100807 26.575493292242754 94.882892408029875 851.67494010816154 34.409170100087067 399.53430601650325 96.896649790171068 126.25874943798408 73.398382742117974 179.27266065269941 324.73665480023192 155.36440240166849 107.56400115996075 221.55734173729434 401.07202348754799 34.862451648761635 1194.019682013226 31.870568204569281 89.224461150472052 158.3230166482972 129.24553204869153 25.023908385075629 47.317207699859864 178.06194133627287 139.94940297688299 547.81096509992494 580.89296773490787 86.45942795558949 124.51334450786817 66.122948171323515 30.482758376849233 180.47385978422244 60.907883898238651 175.92116625484778 237.3343795008841 155.51989007135853 25.589423565979814 57.004318740990129 47.087333743402269 38.896140527998796 9.7961196144751721 67.520101687026909 83.230850742940675 28.644923169660615 176.98049792867096 6.9156561056151977 71.716217186229187 77.283821258810349 553.60096869696281 52.64333649922628 145.81107117768261 378.41291859750345 266.72836240162724
leaf_count=55583 21349 10187 3924 1653 4233 3079 3658 5375 3049 4964 5396 14124 61048 2112 24430 12018 7216 9602 1932 39889 2600 9596 20348 20580 6852 64971 2027 12137 8498 2514 4262 3229 13559 11623 19058 26355 9944 3261 8506 3993 11214 3078 35465 21872 19730 3496 5171 6489 3547 1701 4595 4264 4721 10369 58 4195 3643 35580 5200 14079 47649 20283
internal_value=0.000334428 -0.0147699 0.00883516 0.0182274 0.0525235 -0.0494714 -0.0316501 0.0306678 0.0331041 -0.00874472 -0.0685001 -0.0651557 0.0414237 -0.0525122 -0.000759569 0.00778617 0.00237175 0.0125665 -0.0726082 -0.061132 -0.0478199 0.0561274 -0.048764 0.0285256 0.0173924 -0.0787276 0.0498591 0.00291873 0.0123472 -0.036963 -0.0525379 0.0134528 -0.0144351 0.0262745 0.0520037 0.0168306 0.0199066 -0.0609088 -0.00257869 0.0132273 0.0242008 -0.0167795 -0.0351545 -0.0227001 -0.0360849 -0.0305178 -0.0402602 -0.0313703 -0.0378551 0.0242953 0.00173291 0.0234059 -0.00722275 0.0570663 -0.0329713 0.0268035 -0.0260249 0.0291718 -0.0150668 -0.00736018 0.0315134 0.0326119
internal_weight=11612.8 9009.03 5370.97 4770.39 2603.77 3638.06 1899.26 3258.6 1589.3 1511.79 1738.8 600.578 2222.99 1137.67 761.587 1035.6 1085.61 717.979 1646.1 925.203 334.637 1030.96 600.466 1192.04 810.353 1311.47 871.318 397.078 557.857 426.188 236.035 754.469 212.471 480.076 839.893 707.152 790.967 211.011 92.6984 307.853 210.957 190.153 270.804 331.136 203.73 262.924 117.448 307.541 260.453 675.863 112.466 115.101 115.104 724.791 86.4976 179.28 225.251 563.397 237.903 198.454 413.275 406.678
internal_count=815133 689997 445895 340723 125136 244102 152447 258765 103787 81958 91655 105172 157335 96131 56316 101430 67132 65020 77753 80460 4532 74839 40571 82496 93863 73221 38767 39362 32928 14826 9234 36800 15671 41508 35718 33571 61916 4972 13902 27225 15207 5592 49589 30332 23388 25368 8250 30384 23895 47251 9970 6291 14665 29427 1711 13791 7567 37281 23512 19279 54501 31906
cat_boundaries=0 1 2 3 4 5 6 7
cat_threshold=196814 28 345282 131200 34816 196800 100481
is_linear=0
shrinkage=0.05


Tree=1
num_leaves=63
num_cat=8
split_feature=1 45 33 9 29 26 20 28 47 45 11 48 11 20 25 13 33 35 28 7 46 1 25 6 18 21 36 45 29 17 46 19 19 28 32 2 47 17 7 26 3 21 29 35 19 28 16 33 17 37 25 18 1 29 19 12 33 35 20 15 29 46
split_gain=2937.87 1045.66 662.79 726.512 455.511 325.725 309.971 306.499 298.846 224.442 251.218 223.373 220.462 190.993 185.467 170.364 180.274 161.516 160.467 130.832 125.682 115.085 109.39 108.766 108.761 107.967 103.245 99.4982 110.548 95.94 89.7591 92.2967 113.778 136.013 89.2676 83.164 80.4447 81.8816 80.3379 88.287 78.7444 77.5739 77.0577 77.0377 75.1824 73.7124 71.0924 70.2328 68.8092 68.5255 67.0717 64.4772 64.1385 59.2561 58.3586 58.2057 73.9129 69.5969 63.7646 57.6139 57.547 57.178
threshold=6.5000000000000009 0 3.5000000000000004 1.5000000000000002 3.5971014499664311 1.5000000000000002 0.022630870342254642 2.5000000000000004 1 2 3.5000000000000004 0.66050693392753612 21.500000000000004 0.033286187797784812 41.500000000000007 1.5000000000000002 1.5000000000000002 0.77097901701927196 18.500000000000004 0.98080119490623485 3 16.500000000000004 67.500000000000014 6.5000000000000009 0.30094340443611151 0.9987146556377412 5.5000000000000009 4 3.6558742523193364 0.28708791732788091 5 168.50000000000003 270.50000000000006 212.50000000000003 2.5000000000000004 2.5000000000000004 6 0.15034247189760211 0.92514294385910045 45.500000000000007 1.0000000180025095e-35 0.36854232847690588 2.4083334207534794 0.53033089637756359 582.00000000000011 61.500000000000007 0.091507177799940123 48.500000000000007 0.230463981628418 32.500000000000007 73.500000000000014 0.12304734438657762 9.5000000000000018 2.8844444751739506 363.50000000000006 1.5000000000000002 13.500000000000002 0.28730159997940069 0.032570375129580505 0.2314560413360596 0.7427366077899934 7
decision_type=8 9 8 2 2 2 2 2 9 9 8 10 10 2 2 2 8 10 2 8 9 10 2 8 10 2 2 9 2 10 9 2 2 2 10 8 9 8 8 2 10 2 2 10 2 2 8 8 10 2 2 10 8 2 2 10 10 8 2 10 2 9
left_child=6 2 3 17 5 21 18 40 9 10 11 -7 15 46 35 16 -9 22 29 60 52 -4 -2 -19 30 54 -8 48 42 -1 31 43 33 50 -25 -12 37 -15 39 -26 -3 -28 -29 45 -16 49 -10 -37 61 -11 -33 -5 -21 55 -14 56 -48 -57 -58 -54 -18 -22
right_child=1 7 4 51 -6 8 26 12 13 24 14 -13 25 36 44 -17 19 23 -20 20 27 -23 -24 34 38 -27 41 28 -30 -31 -32 32 -34 -35 -36 47 -38 -39 -40 -41 -42 -43 -44 -45 -46 -47 53 -49 -50 -51 -52 -53 59 -55 -56 57 58 -59 -60 -61 -62 -63
leaf_value=-0.046736052077330621 -0.034327199553521572 -0.02523989301926895 -0.066362826533770028 0.0075729422374261951 0.031273778215262074 -0.040613133355401163 0.062844532669958833 -0.046038964366457866 -0.045551652917532374 -0.028411510971309596 0.032565350981170853 0.035213863249623424 -0.07713615491999537 -0.007248592207699512 0.025366063793896484 0.0049819935710208796 -0.062728109119135331 0.0019566502496956959 0.031069733154309512 0.023150300702620259 0.0047622380301810888 0.01730380170598014 -0.0024848721018899639 -0.058420565792935808 -0.032894981749011322 -0.024873122265491428 -0.01873124474281573 -0.0036450775378483319 -0.038718548316752074 0.014946797325592676 -0.015297648053932128 -0.013844195129256815 0.0051615910075108844 -0.037163861695028243 -0.0328671490762577 0.0030802582819344352 -0.033011941990803199 0.016262805581380192 0.01325431646897844 0.021294416007285263 -0.085230628695524085 0.044711710030581525 0.021526265496125113 -0.0015815112142001141 0.04901743098570327 0.027449234551999303 -0.0096768697976012154 -0.054424324354973158 -0.0063890221697500338 0.020977497264560274 0.008004581722462956 0.036856019191245558 -0.052496448325092787 0.049339249019861878 -0.026043598457550523 0.021574366151270247 -0.01615477477149915 -0.012605157291097381 -0.043698953040049553 -0.012040007452066331 -0.027337652040896346 -0.032943073452222138
leaf_weight=120.1817198577337 503.20548252307344 78.446237801690586 226.72791752533522 359.06752847752068 1409.5327788204886 321.8084976032842 1273.7397524495609 583.73821704508737 197.41724706976674 130.66722824750468 236.77114803728182 133.77048412663862 269.55260770511813 585.05758348689415 1711.7696079071611 787.34928406157997 177.39671498653479 124.98301959247328 692.4369982087519 37.946260993368924 118.96642950712703 47.768258039141074 576.55792649637442 759.22964822582435 201.856018110062 305.09731843776535 47.501072515384294 1214.8847486890154 174.49763407779392 123.30449675861746 967.36566584871616 844.62587023572996 1933.983373589348 415.67541523883119 669.70882613316644 998.27542094653472 118.07016875664704 993.08118180313613 2551.1510219367919 113.8004681157181 229.00114374468103 1254.5814560500439 400.08747738506645 760.64476681000087 425.39689833926968 749.26262554340065 775.69139636785258 51.064816345344298 629.26461192418355 140.68242433737032 594.53276278171688 397.09787493146723 340.81946393090766 30.986464686691761 78.703179621137679 189.76914712577127 400.74211221351288 629.53055819368456 458.83246429427527 122.84526552830357 355.07336037303321 752.91166463459376
leaf_count=828 26149 2704 35262 7087 18154 751 2427 28660 5221 5460 894 1541 3060 10139 37728 17588 22692 3619 2490 151 5380 2498 16707 36255 15479 11568 364 29722 4644 510 26995 13467 37566 5144 30469 28796 2667 10993 50950 3247 41997 4665 7146 22053 8285 10832 15063 2074 20394 3971 9265 5228 13321 281 7928 1048 11250 3853 4063 4486 20308 31344
internal_value=0.000439655 -0.00472703 0.000381828 -0.0199955 0.00395677 0.00180199 0.0436292 -0.0221313 0.00264874 0.0063809 0.0164801 -0.0182077 -0.0197668 -0.00866099 0.0211643 -0.0165819 -0.0200425 -0.0323868 0.01885 -0.0164844 -0.0131906 -0.0517539 -0.0174143 -0.0427014 0.00219582 -0.047195 0.0525788 -0.00949541 -0.00148323 -0.0158269 -0.00136376 0.00109319 -0.00331831 -0.0121502 -0.0466007 0.00612838 0.00444484 0.00750375 0.0103089 -0.0133312 -0.0705726 0.0423345 0.00263797 0.0104658 0.0301772 0.0194084 -0.0169718 3.70447e-05 -0.0189373 -0.0028893 -0.00482175 0.0230919 -0.0361962 -0.0146149 -0.0661217 -0.0155209 -0.020959 -0.00460553 -0.0310253 -0.0420206 -0.0396021 -0.0281218
internal_weight=32904.5 29392.7 22736.2 3389.85 19346.3 17936.8 3511.75 6656.58 17662.3 13283.1 3878.86 455.579 6349.13 4379.18 3423.28 5695.78 4908.43 2633.68 935.923 4324.69 3792.22 274.496 1079.76 1553.92 9404.25 653.353 2575.82 3290.61 1789.47 243.486 6537.44 5570.07 3788.82 1854.83 1428.94 1286.11 1696.21 1578.14 2866.81 315.656 307.447 1302.08 1614.97 1781.26 2137.17 1020.61 2682.97 1049.34 1501.14 271.35 1439.16 756.165 501.611 2485.55 348.256 2454.57 1635.27 819.3 859.575 463.665 532.47 871.878
internal_count=814881 803597 530504 125514 404990 386836 11284 273093 349076 284498 80069 2292 228392 64578 77777 205836 188248 113199 3828 159588 116588 37760 42856 70343 204429 22556 7456 98630 41512 1338 134753 107758 65442 27876 66724 31764 23799 21132 69676 18726 44701 5029 36868 42316 46013 20263 40779 30870 57118 9431 22732 12315 17958 35558 10988 35277 30376 4901 15313 17807 43000 36724
cat_boundaries=0 1 2 3 4 5 6 7 8
cat_threshold=467424 52243075 205056 16420 35337 75971 67141648 143104
is_linear=0
shrinkage=0.05


Tree=2
num_leaves=63
num_cat=9
split_feature=14 25 33 1 12 29 29 28 16 43 36 27 47 49 33 13 46 29 27 18 33 12 5 30 45 25 5 25 12 29 12 11 30 7 26 45 33 31 19 33 4 46 5 47 27 29 23 32 34 12 49 1 23 18 37 18 45 46 20 48 16 1
split_gain=3441.12 1448.35 802.709 539.771 342.162 279.547 262.685 222.372 221.937 182.421 180.196 178.732 156.62 157.902 148.927 136.772 102.018 101.742 101.324 99.278 95.3614 93.2467 80.9686 80.7177 75.9744 75.6002 70.6922 86.8271 74.3409 71.8765 69.8749 70.9058 65.1616 63.7418 60.4949 57.8838 56.6932 55.2796 54.585 53.7577 52.3158 50.8439 50.2883 48.9629 48.9405 48.5622 48.0753 47.4929 46.191 64.5446 45.454 45.3977 45.0748 44.5114 52.6143 82.2969 44.1707 44.1663 44.4348 43.5344 41.7425 41.1451
threshold=1.0000000180025095e-35 8.5000000000000018 8.5000000000000018 5.5000000000000009 2.5000000000000004 3.0323928594589238 1.7853302359580996 4.5000000000000009 0.20106383413076404 0 5.5000000000000009 152.50000000000003 1 18.491395950317386 4.5000000000000009 1.5000000000000002 2 1.7532555460929873 338.50000000000006 0.40824915468692785 2.5000000000000004 6.5000000000000009 0.1843199357390404 4.5000000000000009 3 84.500000000000014 0.022640407085418705 93.500000000000014 11.500000000000002 0.87298336625099193 7.5000000000000009 30.500000000000004 2.5000000000000004 1.0000000180025095e-35 168.50000000000003 4 7.5000000000000009 10.500000000000002 329.50000000000006 43.500000000000007 2.5000000000000004 5 0.1742086932063103 6 269.50000000000006 1.5356541275978091 23.500000000000004 2.5000000000000004 0.018204448744654659 4.5000000000000009 3.954283714294434 36.500000000000007 53.500000000000007 0.48749218881130224 43.500000000000007 0.53452381491661083 7 8 0.0082151698879897612 1.4468386173248293 0.53950104117393505 2.5000000000000004
decision_type=2 2 8 8 8 2 2 2 10 9 2 2 9 2 10 2 9 2 2 10 10 10 10 2 9 2 10 2 10 2 8 10 2 10 2 9 10 10 2 8 8 9 10 9 2 2 2 10 10 8 2 10 2 10 2 10 9 9 2 10 10 10
left_child=1 7 8 10 50 9 11 -1 -3 12 -2 14 17 18 23 20 -7 -6 26 35 37 25 -9 -5 51 53 27 28 30 38 -14 57 41 47 -29 -16 -24 -10 -28 -11 -26 -33 45 -12 -36 -17 -34 -22 49 -20 -4 -25 -49 59 55 -55 -21 -32 -59 -18 -27 -45
right_child=3 2 4 6 5 16 -8 22 15 39 43 -13 13 -15 19 42 21 -19 48 56 33 -23 36 24 40 60 29 34 -30 -31 31 32 46 -35 44 -37 -38 -39 -40 -41 -42 -43 -44 61 -46 -47 -48 52 -50 -51 -52 -53 -54 54 -56 -57 -58 58 -60 -61 -62 -63
leaf_value=-0.079495373198114297 0.056354034981570912 -0.046869631677871088 -0.010320896239280503 0.021726839762215747 -0.021328466989513389 -0.0050935267579891629 0.040098405243631702 -0.048412372367367715 -0.045962435815619498 0.0082178926335157339 0.048125854496226091 0.035270943435043056 0.0079363211162362807 -0.017671480330268226 -0.0018530250735893873 -0.034212398532262669 -0.017863726011119796 0.045548812967495092 0.021152904332495299 0.0068109707460691435 -0.022960832196802106 0.026596734124327927 -0.042731085027005102 0.0020620879334925235 0.046243041210677946 -0.049267003847604768 -0.01612404984022572 0.019199543771450753 0.028755480571261555 0.027365499936314555 -0.0042801598629362714 0.021929730022944925 -0.033629389164964378 -0.041424199767367574 -0.0057906324208707675 0.014518135744331667 0.00098381935864427479 -0.02209413119544067 0.028233788239787023 0.031444563182023294 -0.03487970213515109 -0.014566281368886637 0.014359449825151974 0.03248149040887157 0.016351732495519314 -0.0035934051588940676 0.0013579108527668397 0.0051415943858492668 -0.032929372638915717 -0.017890627829385049 0.030703802754540051 -0.050711071182656914 -0.022982111382162176 0.020472262686193232 0.031902247452871464 -0.056856644712253948 0.033601004496643432 0.01760238075525497 -0.01843159137950123 -0.047499165418811329 -0.022415565459563913 0.012700281951938411
leaf_weight=564.38345020986162 1387.7487176149152 948.03273522283416 70.765131402062252 218.46297529689036 68.566633908776566 1079.1518706395291 1058.5348597437842 963.26958562561776 667.41108793555759 477.33037554915063 355.12991016265005 762.04150346899405 890.66992436395958 1544.9281272777589 805.41467370232567 164.06586357124615 624.12279848335311 268.82652641716413 136.19992264616303 220.68019760563038 609.14216508693062 79.847781594842672 126.57281172764488 636.99833959981333 16.881426132749766 447.60594326653518 228.15640314645134 808.62225240119733 166.66577601782046 487.80801092076581 1333.6315391835524 464.35468986211345 144.27412471896969 230.34463397460058 771.94705566274934 1632.599331648089 169.48803519201465 404.75999808427878 93.763682027580217 527.09178812149912 337.62905556126498 110.50945774116553 270.58588218782097 758.55772071483079 362.67315858672373 559.57606968306936 285.80438181012869 455.64819553890266 286.23836079239845 421.39831953379326 876.70299517281819 38.517438743961975 201.43670247937553 65.949506912613288 82.559741540579125 62.788131448207423 756.82301134383306 86.404512358596548 1646.2888651282992 154.40847567678429 232.87155487551354 415.56365529308096
leaf_count=97050 3209 43009 2040 2860 2704 17618 8863 96016 31687 18936 1155 6883 14450 35534 24725 6603 7841 3136 646 3418 22089 175 8959 13844 171 8864 11573 11434 3989 11648 32146 6691 2950 14435 11677 33857 11255 23565 2954 8076 10804 3462 6172 3075 3320 11798 7488 12685 2559 2291 9091 2070 10947 548 629 1040 8109 2228 39810 2601 3518 2195
internal_value=0.000156459 -0.0107805 -0.00686536 0.02542 -0.0014256 -0.0033389 0.0173621 -0.0533655 -0.0254005 9.73019e-05 0.0432726 0.0128938 -0.00184178 -0.00296229 0.00920374 -0.0196304 -0.0174172 0.030941 -0.000352635 0.0145999 -0.0257155 -0.0248094 -0.041387 -0.00555789 -0.0114218 -0.027487 0.00141423 -0.000192401 -0.0036029 0.0153609 -0.00471763 -0.00749227 0.00401884 -0.0174657 0.00879472 0.00916893 -0.0181046 -0.0370962 -0.00297 0.0203008 -0.0296039 0.0149758 -0.00385862 0.0312567 0.0013277 -0.0107225 -0.0106305 -0.0129616 -0.0167665 -0.00825055 0.0276016 -0.00127869 -0.00358849 -0.0185143 0.00181067 -0.0179584 0.0280297 -0.0112653 -0.0164943 -0.024007 -0.0403085 0.0253488
internal_weight=31125.2 21723.6 19899.9 9401.58 15388.9 14441.5 6484.58 1823.71 4511 11612.2 2917 5426.05 10607.7 10270.3 4664.01 3562.97 2829.31 337.393 8725.41 3415.52 2568.74 1750.15 1259.33 1248.49 1030.03 1670.31 7881.57 7071.85 5128.6 809.728 4961.94 4071.27 1004.94 1496.57 1943.24 2438.01 296.061 1072.17 321.92 1004.42 354.51 574.864 994.228 1529.25 1134.62 723.642 430.079 1266.23 843.837 557.598 947.468 675.516 657.085 989.829 211.297 128.738 977.503 3066.32 1732.69 778.531 680.477 1174.12
internal_count=815175 689937 476657 125238 293667 282536 115604 213280 182990 239702 9634 106741 212690 206850 99858 139981 42834 5840 171316 70109 115408 25216 116230 29749 26889 25041 165820 139645 113214 26175 109225 94775 20591 60156 26431 58582 20214 55252 14527 27012 10975 10153 24573 6425 14997 18401 10438 45721 5496 2937 11131 15914 23632 12659 2217 1588 11527 74184 42038 10442 12382 5270
cat_boundaries=0 1 2 3 4 5 6 7 8 9
cat_threshold=35040 16 39013 921807 561703 6 145 2241 758917
is_linear=0
shrinkage=0.05


Tree=3
num_leaves=63
num_cat=8
split_feature=1 26 33 10 45 14 13 45 36 14 49 2 29 16 29 4 29 19 27 24 29 17 10 5 25 6 45 5 49 32 14 22 1 29 46 21 44 33 21 34 23 49 13 43 9 34 21 8 26 49 45 25 1 23 5 47 29 33 34 48 21 33
split_gain=2526.85 814.273 530.812 748.135 305.914 208.631 193.97 183.78 158.618 155.455 134.1 122.941 155.793 115.751 114.285 82.1285 71.8929 70.3205 85.6771 74.5412 69.8997 67.9409 65.5193 63.6613 62.0232 60.927 60.9048 59.9397 59.7362 55.4614 52.9224 50.6916 50.5274 49.7145 49.3392 48.7945 44.7368 44.5 43.2085 42.662 78.6133 40.5224 60.1805 40.1107 39.9265 39.9175 40.5305 39.7383 48.5458 86.0521 45.1324 40.5938 39.3226 56.359 38.3724 56.4015 38.2865 37.8271 37.5017 37.0723 36.8056 36.6312
threshold=10.500000000000002 1.5000000000000002 6.5000000000000009 6.5000000000000009 0 1.0000000180025095e-35 2.5000000000000004 1 3.5000000000000004 1.0000000180025095e-35 5.0981597900390634 6.5000000000000009 0.54623156785964977 0.2522727251052857 1.6398198008537295 8.5000000000000018 1.3361582159996035 437.00000000000006 90.500000000000014 1.0000000180025095e-35 1.6796225905418398 0.056079665198922164 2.5000000000000004 0.36614233255386358 4.5000000000000009 5.5000000000000009 2 0.16233500093221667 25.155297279357914 1.5000000000000002 1.0000000180025095e-35 36.797872543334968 15.500000000000002 2.6635220050811772 3 0.36854232847690588 4 36.500000000000007 0.36854232847690588 0.018204448744654659 46.500000000000007 21.231115341186527 1.5000000000000002 5 13.500000000000002 0.024817796424031261 0.9923953413963319 1.5000000000000002 159.50000000000003 14.947597503662111 6 130.50000000000003 23.500000000000004 27.500000000000004 0.15116354823112491 7 2.6963362693786626 4.5000000000000009 0.028687146492302421 0.56326717138290416 0.63071563839912426 1.5000000000000002
decision_type=8 2 8 8 9 2 2 9 2 2 2 8 2 8 2 8 2 2 2 2 2 10 10 8 2 8 9 10 2 10 2 2 8 2 9 2 1 8 2 10 2 2 2 9 2 8 2 10 2 2 9 2 8 2 10 9 2 10 10 8 2 10
left_child=8 5 3 15 10 -2 11 20 38 16 59 34 37 41 23 -3 27 18 19 43 25 57 -17 -15 35 -5 -7 -9 47 -22 -27 -30 -12 -24 -6 -10 61 -13 -1 -34 60 -14 -43 44 -16 -20 -47 48 50 51 58 -50 -11 -54 55 -23 -21 -18 -25 -4 -41 -31
right_child=1 2 4 7 6 26 -8 9 24 52 32 12 13 14 17 22 21 -19 45 56 29 54 33 28 -26 30 -28 -29 31 36 -32 -33 39 -35 -36 -37 -38 -39 -40 40 -42 42 -44 -45 -46 46 -48 -49 49 -51 -52 -53 53 -55 -56 -57 -58 -59 -60 -61 -62 -63
leaf_value=0.025738494513995236 -0.078318413300830572 0.0504403969662722 -0.05442316363879092 0.011641396530742981 0.021200892493610977 0.01844633671723479 0.028916720748342162 -0.059929160980413156 -0.025327432436321459 0.009476926720110971 0.01162421658510069 -0.01853185262203693 -0.0071540683060545528 0.0097922010665597997 -0.0061928862460263901 0.028050429587820391 -0.0536223791802133 0.028017565707303061 0.0096338863993157709 -0.0048166284776865048 -0.024496011921340349 0.011635696842864753 -0.0054917537580144102 0.01068209771096469 0.035719574916041053 -0.034799739658474285 -0.0346211519683048 -0.032869427025909025 -0.048314556267479304 -0.010829963120086092 -0.0082639885518282028 0.0095135398604145466 -0.047924140601285511 0.042630301919190337 -0.010344033192346105 0.021770230909661653 -0.022709371748434754 -0.054805628734311641 0.058236464831550039 0.039138019784657904 -0.039848153530563764 -0.042568736910919308 0.025527739056861305 0.022203720204286456 0.031722372226052085 0.0011730201965517895 -0.019713784104225779 -0.017947067997090459 -0.019233504455951862 0.011983339729856705 -0.0042481805976687893 0.010320615759380905 0.022904114767299023 -0.026829791567666385 0.0085150972563861147 -0.033002632259070318 -0.076345834149433217 -0.020072518125618947 -0.011727753364782665 0.0042907470725213866 -0.01275229175488307 0.011634784527306248
leaf_weight=127.22968497872353 455.55328401236329 188.53104105289094 23.518989437259734 104.70365594839677 933.9896331296768 67.215629275422543 633.23483251384459 637.99951600143686 57.434454424772412 157.63823130913079 64.893462756182998 518.32938034180552 2309.1471811216325 922.45778510882519 281.25051578180864 435.72931949212216 355.16886034188792 370.50517198094167 1413.3275445342297 52.232635377091356 333.95447396021336 82.825582028366625 395.96693560667336 1333.6067185978172 2086.0009971214458 733.81513750902377 175.87781207403168 334.54358848533593 129.94041351927444 268.16940127103589 257.03619744395837 50.673504788195714 333.89782881224528 56.967065219534561 137.31084716762416 504.81343875173479 177.41858273022808 99.144658042583615 961.60417645983398 34.12486240058206 417.87821588269435 168.38071902864613 36.372957626823336 1221.8693341398612 86.725512262899429 3393.5286770691164 244.30037022405304 425.23787158401683 1039.2105070562102 355.78030123701319 1688.4618001689669 127.57947684312239 63.196190673392266 370.5820543600712 98.339206809876487 382.11236282926984 24.804349928628653 120.52742969174869 212.71052710677031 464.58171972853597 269.71522666956298 537.02463677781634
leaf_count=563 87120 1266 2466 2631 7832 1807 5469 51508 842 3082 478 31862 59724 25265 5671 4490 19110 3641 22156 2055 12194 2231 8166 19819 8787 40331 9350 19152 4398 9000 6531 970 18252 432 2238 3033 9382 8471 2020 773 31053 7555 520 19943 602 41854 10376 30572 11007 3622 36918 538 1081 13588 2807 21013 2094 5211 6300 19763 11336 12372
internal_value=-1.61542e-05 -0.00542531 -0.00398329 -0.0168844 -1.42409e-05 -0.0584976 0.00183849 -0.0250022 0.0384551 -0.0342212 -0.0208111 0.000856057 -0.000211551 0.00074958 0.00260054 0.0208503 -0.0409693 0.00695078 0.00576896 0.0155807 -0.014801 -0.0315337 0.0143257 -0.00230699 0.0317374 -0.0241687 -0.0205238 -0.0508367 -0.00439521 -0.00705588 -0.0279922 -0.0322709 -0.0304323 0.000960101 0.0172293 0.0167783 -0.0010346 -0.0247496 0.0545741 -0.0330603 -0.0259012 -0.00908333 -0.0301517 0.0179329 0.00296894 0.00251889 -0.000254778 -0.00339357 -0.00207522 -0.00942161 0.00139184 -0.0159717 -0.0116923 -0.0194057 -0.0195108 -0.0254661 -0.031097 -0.045419 0.00752305 0.000938475 -0.00638511 0.00408187
internal_weight=30346.7 26609.6 25911 6092.25 19818.7 698.647 18210.1 5015.06 3737.08 2602.93 1608.61 17576.9 16505.6 15888.1 13374.2 1077.19 2011.52 7088.54 6718.04 1666.88 2412.12 1038.97 888.663 6285.66 2648.25 1095.55 243.093 972.543 5363.2 1316.57 990.851 180.614 1120.51 452.934 1071.3 562.248 982.613 617.474 1088.83 1055.62 721.718 2513.9 204.754 1589.85 367.976 5051.16 3637.83 5182.59 4757.35 1522.57 3234.78 1166.79 591.416 433.778 563.277 464.938 77.037 475.696 1546.32 488.101 303.84 805.194
internal_count=814693 799448 701171 245578 455593 98277 371472 231224 15245 138783 84121 366003 355933 315600 247801 14354 121032 108392 104751 30365 92441 50372 13088 139409 12662 49493 11157 70660 114144 42948 46862 5368 61892 8598 10070 3875 30754 40333 2583 61414 43162 67799 8075 26216 6273 74386 52230 108776 78204 15167 63037 11545 17751 14669 26051 23244 4149 24321 26119 22229 12109 21372
cat_boundaries=0 1 2 3 4 5 6 7 8
cat_threshold=563208 2032772 1733888 69350 4 14400 467462 4194305
is_linear=0
shrinkage=0.05


Tree=4
num_leaves=63
num_cat=8
split_feature=1 25 15 10 33 1 45 6 48 36 10 1 16 45 31 48 45 12 49 29 23 45 22 37 29 25 21 49 25 49 47 32 8 33 19 17 31 46 37 19 2 20 46 20 6 4 35 34 29 29 43 16 20 23 27 22 35 31 34 35 26 28
split_gain=2042.98 984.057 349.636 336.43 531.222 203.381 186.42 144.884 162.244 114.851 113.333 133.49 98.8658 80.8893 80.3886 79.7437 75.6159 73.5688 87.3403 73.9274 71.5024 70.9807 68.7562 109.371 69.6194 68.3371 64.0316 65.7676 69.0981 61.5353 60.9177 60.4092 67.9889 60.3747 58.6459 52.0592 48.3368 53.9865 47.6849 58.435 46.7416 46.6224 46.2535 45.0027 44.5334 44.5409 42.9206 42.7497 42.2157 58.6957 40.7546 59.2582 40.3762 40.3132 40.1514 39.9512 39.5744 69.8919 39.2443 38.0671 37.8436 44.2652
threshold=21.500000000000004 8.5000000000000018 0.024540800601243976 4.5000000000000009 8.5000000000000018 5.5000000000000009 0 3.5000000000000004 0.67742872238159191 3.5000000000000004 9.5000000000000018 48.500000000000007 0.21466974169015887 1 3.5000000000000004 0.32269708812236791 2 7.5000000000000009 26.002746582031254 3.614962220191956 26.500000000000004 3 40.507085800170906 37.500000000000007 0.98859956860542308 1.5000000000000002 0.99406525492668163 7.5422544479370126 72.500000000000014 6.0018053054809579 4 1.5000000000000002 8.5000000000000018 10.500000000000002 5.5000000000000009 0.23123827576637271 4.5000000000000009 5 28.500000000000004 96.500000000000014 2.5000000000000004 0.050225181505084045 6 0.025039676576852802 3.5000000000000004 9.5000000000000018 0.83971098065376293 0.030725585296750072 2.2394030094146733 1.481857478618622 7 0.14354395866394046 0.040414432063698776 5.5000000000000009 243.50000000000003 32.651483535766609 0.2469512224197388 9.5000000000000018 0.011016949079930784 0.49193547666072851 180.00000000000003 235.50000000000003
decision_type=8 2 10 8 8 10 9 8 10 2 8 8 10 9 10 8 9 8 2 2 2 9 2 2 2 2 2 2 2 2 9 10 10 10 2 10 10 9 2 2 8 2 9 2 8 8 10 10 2 2 9 10 2 2 2 2 10 10 8 10 2 2
left_child=5 2 25 20 7 9 22 -5 -9 -1 21 16 46 -14 59 -8 55 19 26 48 -3 -4 24 41 -6 -2 40 -28 47 -18 36 -15 38 -27 -13 -20 -22 -38 -33 -40 -19 -24 60 -25 -36 -46 -10 -29 49 50 -17 58 -23 -35 -32 -12 57 -16 -52 -7 61 -42
right_child=1 3 10 4 6 14 15 8 12 -11 11 34 13 31 56 17 29 18 35 -21 30 52 23 43 -26 33 27 28 -30 -31 54 32 -34 53 44 -37 37 -39 39 -41 42 -43 -44 -45 45 -47 -48 -49 -50 -51 51 -53 -54 -55 -56 -57 -58 -59 -60 -61 -62 -63
leaf_value=0.054974441726914583 -0.075472842440480248 0.036272645060883242 -0.045121099754642124 0.018587580207659365 -0.027772085257806091 0.0082502486005538653 -0.032165419899025043 -0.041282418843768071 -0.020317066155434341 0.032411059391214435 -0.022616156302091656 -0.066154922783299125 -0.026108295873134582 -0.023156244185718804 0.01122003291511633 0.0091351648180978424 0.003581137866446669 0.029006494332728224 -0.034221640300857982 0.035430167045231796 0.030794276564731538 -0.005880370134539307 -0.059982507440459035 -0.05712271129227519 -0.0036955538914617255 -0.064252809681859216 0.004482043149966683 -0.049169433781032473 -0.003768947938510596 -0.043805855356789991 -0.033217075632347236 0.0095340425333480562 -0.03983343395112296 0.043467390659156467 0.010675846358294876 0.01061332761579557 -0.030721415511307856 0.01338957620072373 0.013764766820731559 -0.015946847712208126 0.0062965818915507628 0.035626786673257811 -0.0019025265545909702 0.011319480793922827 -0.0030497300763855546 -0.037905885744111592 -0.046290368494853407 -0.0030098833172586105 -0.0041460652382329542 0.016675736937235102 0.047426723037445023 0.024356008104917334 0.023036243471838126 -0.032015560414387544 0.040218708934673539 0.025493361129536287 0.015783161930713913 -0.054491358734356669 -0.032171928189835233 0.051109371880716653 -0.0061920769355453976 0.029334789777622269
leaf_weight=815.69293271983042 372.41373577644117 460.47492677776609 79.48754011769779 243.95756187126972 370.33813009201549 69.718715597409755 153.25501226820052 782.46587749943137 330.91371278883889 1960.9681846564636 51.764038156019524 149.02677047729958 740.27697125892155 446.06001928355545 129.34916426218115 430.8221027709078 115.22735715424642 174.77224536566064 256.94856867240742 262.93032480031252 398.76359272422269 478.33166315814015 205.21379374805838 23.949881507083774 1511.4709301919211 209.03306685457937 474.82442831923254 210.19700946798548 299.14318912872113 161.45356280822307 101.27831968595274 725.96381686069071 108.75394730106927 14.970104666892437 54.50403435761109 83.354560527950525 63.498519036686048 667.54170921887271 222.37235318007879 607.83405723841861 4748.0833645744715 10.400392483454196 2883.1932620611042 135.97662661084905 101.71802104415838 1013.9544010745594 328.35376138100401 66.290848990669474 575.13847983442247 1495.173665790353 12.295716686639933 69.588340553687885 155.92490221350454 210.53618336643558 18.139936762861907 183.12228092551231 1336.6552066437434 53.087819238426164 217.40153735270724 224.49050942668691 575.03202426363714 213.61641048360616
leaf_count=1714 70500 3307 4180 5679 25402 426 7143 46944 16321 7883 1692 26029 37157 16652 1144 5977 3728 789 7501 678 2740 14432 4440 1669 44823 19377 9390 6664 7040 7540 2368 19456 6810 668 2427 2440 1222 7393 5876 21426 84869 154 60061 1371 6865 84208 18735 1835 4551 12670 70 1166 2690 23406 102 3418 13527 1111 2976 675 8456 2738
internal_value=-2.79174e-05 -0.00564697 -0.0308422 -0.00175056 -0.00357235 0.0306204 0.000844134 -0.0186056 -0.0207384 0.0391264 -0.0216714 -0.028246 -0.0161071 -0.0120329 0.0175236 0.00311723 -0.00648319 0.00354616 0.00146463 0.0103178 0.0195051 -0.00472831 -0.0123865 -0.0318452 -0.00849483 -0.0594482 0.00234804 -0.00927694 -0.0205673 -0.0235226 0.0132045 -0.00689096 -0.00251821 -0.0450123 -0.036629 -0.023245 0.0167373 0.00913993 0.000208815 -0.00795378 0.00377343 -0.0546678 0.00323276 -0.000351147 -0.0326033 -0.0347558 -0.0335043 -0.0383522 0.00790104 0.011017 -0.000605999 -0.0143759 0.00133219 -0.0261705 -0.0193396 0.0140547 0.0128061 -0.00884501 -0.0269914 0.0412606 0.005899 0.00731698
internal_weight=29647.5 25057.5 3351.47 21706.1 19996.4 4589.96 15459.4 4536.95 4292.99 2776.66 2544.51 1830.77 3510.53 2851.26 1813.3 13202.1 511.567 13048.8 9985.46 3063.35 1709.7 713.744 2257.35 375.541 1881.81 806.953 9645.15 1050.46 575.631 276.681 1249.22 2110.98 1664.92 434.539 1319.2 340.303 1129.8 731.04 1556.17 830.206 8594.7 215.614 8419.93 159.927 1170.18 1115.67 659.267 276.488 2800.42 2225.28 730.108 299.286 634.257 225.506 119.418 234.886 1519.09 182.437 229.697 294.209 5536.73 4961.7
internal_count=814701 788221 271160 517061 499929 26480 304873 195056 189377 9597 157209 135907 142433 107377 16883 227014 16378 219871 191783 28088 17132 21302 77859 7634 70225 113951 181842 24929 15539 11268 13825 70220 53568 43451 119529 9941 11355 8615 46758 27302 156913 4594 156124 3040 93500 91073 35056 8499 27410 22859 10189 4212 17122 24074 2470 5110 15782 2255 3046 1101 96063 87607
cat_boundaries=0 1 2 3 4 5 6 7 8
cat_threshold=39182 168998 930976 44033 304464000 17444 541906 65696
is_linear=0
shrinkage=0.05


Tree=5
num_leaves=63
num_cat=7
split_feature=1 24 33 10 14 1 45 45 36 6 10 5 46 14 7 3 18 48 33 16 35 6 48 22 43 4 3 26 35 33 49 48 30 23 17 37 20 26 49 46 44 18 35 19 28 11 22 37 49 23 46 19 9 9 21 33 6 21 19 11 33 48
split_gain=1814.89 765.323 350.023 526.32 322.064 187.539 161.529 148.752 131.696 102.118 93.71 82.9757 73.5392 84.1478 90.0498 72.5584 74.1555 70.0441 60.4925 60.3572 59.3417 55.7168 55.3438 54.0641 51.9797 51.5851 49.7065 45.5547 55.1736 45.0511 43.3089 42.1781 42.1107 38.9361 38.0542 41.0253 35.5861 34.6995 33.5491 51.3374 39.8651 32.9864 33.7414 32.8875 42.8773 38.9934 44.1235 47.6211 33.958 32.7938 34.056 40.8062 35.2389 35.5068 31.5421 31.52 31.4139 36.8566 31.0338 35.2269 30.8558 32.4796
threshold=32.500000000000007 1.5000000000000002 6.5000000000000009 10.500000000000002 1.0000000180025095e-35 8.5000000000000018 0 1 3.5000000000000004 3.5000000000000004 1.5000000000000002 0.09833944216370584 2 1.0000000180025095e-35 0.91794884204864513 0.38139617443084722 0.11822947114706041 0.73056983947753917 8.5000000000000018 0.15470086038112643 0.81980520486831676 10.500000000000002 0.73985332250595104 45.45484924316407 3 3.5000000000000004 0.19090823829174045 291.50000000000006 0.94174209237098705 24.500000000000004 21.231115341186527 0.47526620328426367 4.5000000000000009 14.500000000000002 0.86190477013587963 59.500000000000007 0.032704509794712074 99.500000000000014 8.0856018066406268 4 5 0.090364728122949614 0.20344828069210055 91.500000000000014 114.50000000000001 20.500000000000004 36.104957580566413 23.500000000000004 25.155297279357914 15.500000000000002 6 259.50000000000006 105.50000000000001 142.50000000000003 0.85412198305130016 5.5000000000000009 6.5000000000000009 0.6743740737438203 627.50000000000011 26.500000000000004 38.500000000000007 1.2461595535278323
decision_type=8 2 8 8 2 10 9 9 2 8 8 10 9 2 8 8 8 8 10 8 10 8 10 2 9 8 8 2 8 10 2 8 2 2 10 2 2 2 2 9 1 10 10 2 2 10 2 2 2 2 9 2 2 2 2 10 8 2 2 10 10 10
left_child=5 2 3 15 21 8 10 11 -1 -9 -4 20 36 14 -14 -2 32 25 -7 58 -5 -3 -11 27 -10 -12 -6 31 -29 -27 41 -21 -17 -18 35 37 -8 -20 -19 -40 -41 42 -24 -33 -45 46 47 -46 -49 -15 52 -52 -51 -54 -47 -22 -35 -58 59 60 61 -16
right_child=1 4 6 7 26 18 12 9 24 22 17 -13 13 49 19 16 33 38 34 23 55 -23 30 -25 -26 29 -28 28 -30 -31 -32 43 -34 56 -36 -37 -38 -39 39 40 -42 -43 -44 44 45 54 -48 48 -50 50 51 -53 53 -55 -56 -57 57 -59 -60 -61 -62 -63
leaf_value=0.048978801078186224 0.041580056861660109 -0.023013211726314375 0.030178043563528562 -0.00097515610522242639 0.034056317995495682 -0.0033611476684210768 -0.036110987674368988 0.0069337472243106053 0.034450398777858292 -0.04463511090083136 0.047812567667723446 0.026282582933264156 -0.021391642437113272 0.035079287273419434 -0.036835604616523042 0.019596339078786437 0.050283054156550724 -0.002957925900888188 0.012748488250860885 -0.013622386861908427 -0.033036165664989889 -0.064112976528765214 -0.015131049346627096 -0.065218304854655587 0.019101240035788093 -0.047231929797314935 -0.017246907632726651 0.014299636071095356 -0.031911376107129061 -0.015403834870301751 -0.050392077826980658 0.012222625052072458 -0.016406984881636059 0.034091188935859544 0.039782072517666654 -0.047282281275798817 0.010047873319920173 0.040777318891307895 0.0062862095775340944 -0.010885980266895176 -0.029544125618528306 -0.020174667843642535 -0.043220160814601519 -0.0056825547410141349 0.018664531386722177 0.0023160668080674748 0.0010780442845187343 0.0076333041609365883 -0.021906725349836384 0.021719647505746176 -0.0055073530042536838 0.024521585957205837 -0.066292870442130933 0.010300669137722027 -0.013475119205387335 0.0033174674494129185 -0.018598770404072072 0.018642315235185815 0.023372570840395943 0.0054255180576448939 -0.0012337737546158365 -0.011393999296135431
leaf_weight=990.46715419460088 202.90326838125475 100.39653584826738 143.78897438244894 453.8198205770459 46.461875391891226 420.89740633056499 177.95437123731244 170.62874040484894 1285.5716981352307 725.91006451332942 17.075483039254323 148.66556355613284 407.10596674610861 162.36524933832698 236.57409908948466 105.59382014768198 91.724738952936605 1770.8183378993999 895.36003034026362 312.1326533802785 350.33987933024764 779.11587452329695 156.56909279804677 23.494834253331646 1206.1615568702109 226.65817168913782 621.29593452299014 95.137643130496144 181.75780586595647 227.59599608974531 194.78414602368139 1324.0524452335667 303.41068443714175 132.76286042528227 177.19457096001133 21.283119722735137 51.6845580751542 123.05229011294432 292.66767140629236 1026.007519829669 418.10285797331017 1107.1750721016433 391.40145425568335 1049.147603123216 1187.5701092411764 1379.5854876118246 1902.984416204039 2246.7230319522787 96.934638433624059 695.64016272104345 437.36001249658875 147.05524387396872 18.654870305210352 38.975691138766706 404.88716145046055 70.61169698741287 101.68556801788509 171.65433523000684 64.442148582544178 235.82010384346358 226.21398572134785 274.78264190035407
leaf_count=2329 1723 7144 1225 12271 866 9798 9910 4557 4979 52482 245 3000 28549 1054 10868 1394 580 44815 10870 13443 15847 131515 7123 2607 6368 15721 27298 1278 2489 11593 12224 22369 8260 1329 897 413 1581 471 9151 23312 24616 60712 24267 32895 11117 20583 26703 27771 2516 8040 9712 1108 286 208 10538 1937 2639 2988 1216 6382 6036 8938
internal_value=-4.48277e-05 -0.0058271 -0.00347163 -0.0153061 -0.0397782 0.0269584 -0.000168632 -0.0242088 0.0335191 -0.0302336 -0.00880331 -0.00760462 0.00249913 0.00300131 0.00156547 0.0149102 0.00874754 -0.0102702 0.0129498 0.00240594 -0.0135668 -0.059578 -0.0328214 0.00357535 0.027288 -0.0282767 -0.0134507 0.00376604 -0.0160619 -0.0316263 -0.0280779 0.00432821 -0.0069875 0.021616 0.018582 0.0147958 -0.0246776 0.0163178 -0.0078138 -0.0127421 -0.0165361 -0.025308 -0.0354038 0.00491914 0.00374285 0.0051157 0.00721992 0.0105236 0.00636748 0.0141297 0.0114657 0.00215611 0.0183561 -0.0178055 -0.00129451 -0.0269707 0.0146083 0.00470297 -0.0090542 -0.0113095 -0.0166606 -0.023407
internal_weight=29048.7 23928.7 22381.4 4879.64 1547.27 5119.99 17501.8 3769.91 3482.2 2746.47 4122.72 1023.44 13379 13149.4 11649.3 1109.74 906.832 3978.93 1637.79 11242.2 874.771 879.512 2575.84 10204.4 2491.73 471.33 667.758 10180.9 276.895 454.254 1849.93 9904.02 409.005 497.828 1216.89 1039.7 229.639 1018.41 3507.6 1736.78 1444.11 1655.15 547.971 9591.88 8267.83 7218.68 5434.21 3531.23 2343.66 1500.05 1337.69 584.415 753.271 57.6306 1784.47 420.952 406.103 273.34 1037.83 973.391 737.571 511.357
internal_count=815156 779031 612208 213333 166823 36125 398875 194420 13676 161365 130678 33055 268197 256706 236298 18913 17190 129453 22449 207749 30055 138659 156808 174309 11347 27559 28164 171702 3767 27314 104326 167935 9654 7536 12651 11754 11491 11341 101894 57079 47928 92102 31390 154492 132123 99228 68107 41404 30287 20408 19354 10820 8534 494 31121 17784 6956 5627 33440 32224 25842 19806
cat_boundaries=0 1 2 3 4 5 6 7
cat_threshold=39240 1048960 52480 36960 23649 19 226
is_linear=0
shrinkage=0.05


Tree=6
num_leaves=63
num_cat=11
split_feature=1 13 33 4 14 8 25 2 45 4 36 29 29 29 45 49 47 23 49 2 43 20 29 11 36 16 36 11 17 45 17 29 16 37 16 20 45 29 1 36 1 49 46 26 45 46 6 37 45 46 26 6 33 5 37 49 29 34 22 19 11 37
split_gain=1595.07 694.446 725.01 312.468 221.507 190.344 160.424 126.091 128.271 105.31 100.294 89.9058 87.4381 85.0293 86.4222 69.9197 69.239 68.8152 62.752 60.0644 49.8047 48.6591 54.9556 55.2375 48.0969 44.4137 43.4729 42.1654 49.222 41.5229 59.2152 41.0725 40.2348 38.9947 47.9503 46.4923 38.8265 38.8115 38.3596 38.088 37.8681 37.768 37.5169 36.513 34.7212 44.9656 34.6335 33.5473 33.5424 32.8339 32.7303 32.1683 31.1539 34.9978 30.7612 46.1944 47.1628 71.6577 39.5085 39.0599 31.3003 36.7846
threshold=10.500000000000002 1.5000000000000002 5.5000000000000009 19.500000000000004 1.0000000180025095e-35 1.5000000000000002 7.5000000000000009 10.500000000000002 0 14.500000000000002 7.5000000000000009 1.3731431961059573 1.5186206698417666 2.6890897750854497 1 22.5329704284668 2 20.500000000000004 21.901765823364261 4.5000000000000009 3 0.040082411840558059 0.98540067672729503 1.0000000180025095e-35 1.5000000000000002 0.95119047164917003 4.5000000000000009 5.5000000000000009 0.041885966435074813 4 0.090615838766098036 0.97726097702980053 0.36939570307731634 22.500000000000004 0.14174107462167743 0.041213989257812507 5 0.52885684370994579 2.5000000000000004 1.5000000000000002 33.500000000000007 3.849573135375977 6 50.500000000000007 7 8 4.5000000000000009 30.500000000000004 9 10 9.5000000000000018 3.5000000000000004 35.500000000000007 0.3829257339239121 21.500000000000004 12.510421752929689 3.6772093772888188 0.033073149621486671 34.471706390380866 77.500000000000014 28.500000000000004 31.500000000000004
decision_type=8 2 8 8 2 10 2 8 9 8 2 2 2 2 9 2 9 2 2 8 9 2 2 10 2 8 2 10 8 9 10 2 10 2 8 2 9 2 10 2 10 2 9 2 9 9 8 2 9 9 2 8 10 10 2 2 2 8 2 2 10 2
left_child=10 2 4 12 6 7 -2 16 -9 37 24 43 -4 19 32 29 36 49 21 -11 42 22 41 25 -1 48 44 28 -20 51 -31 -30 -15 -22 35 -35 47 -3 -26 -29 -18 -10 -21 -7 -25 -46 -44 -5 -24 -6 -38 -8 53 -36 58 56 -56 -58 -47 -57 -59 -62
right_child=1 9 3 5 17 11 15 8 18 13 -12 -13 -14 14 -16 -17 40 -19 27 20 33 -23 23 26 38 -27 -28 39 31 30 -32 -33 -34 34 52 -37 50 -39 -40 -41 -42 -43 46 -45 45 54 -48 -49 -50 -51 -52 -53 -54 -55 55 59 57 60 -60 -61 61 -63
leaf_value=0.05956501752777435 -0.060874937378132626 -0.0023566275312814126 -0.058554584015854096 0.011887441713284564 -0.01544402382042856 -0.043391672051575694 0.034319111940847795 -0.034389477333372803 0.0034624986145404008 0.045247329551675743 0.020450889649630408 -0.0062438255690061908 0.0075993534797026627 -0.05253299546239118 0.031729670076598791 -0.058921351074781803 -0.0027615416827268778 -0.015374653602838441 -0.033521642588204316 0.0041164140600286918 0.013501421223634333 0.0058230610373031606 -0.01622726800740577 -0.0094183521087127676 0.042017078600532179 0.019275236387435595 -0.025369653107984586 -0.019058109868322314 -0.019941286453740326 -0.047544967023008922 -0.023909461587668136 0.022587388734392828 0.0055353868807237454 -0.025187175237678262 0.0013328886533550246 0.010339156636363058 -0.0078335391121513668 0.030425542089134863 0.027674421949717948 -0.062796799096436207 -0.051188518739204984 -0.016237639851237641 0.012784974628903961 -0.001786982561403349 -0.041623752341095555 0.0054429561243644169 -0.032768419878610865 0.0387358371153231 0.0078754709325837696 0.030130883710660823 0.015222966038227132 -0.019888338898527601 0.017547435612861727 0.018258121707417838 0.00081502190255553679 0.042081877228713593 0.0075878740547713989 -0.009115312293712213 -0.022718965731961749 0.0073972994843692326 -0.071133530227660752 -0.013951123680183955
leaf_weight=233.87448820099235 560.1663294431055 103.395341767231 328.29105458664708 203.47577463253401 46.662524700397626 468.62812041025609 23.96029488532804 314.30329996393993 307.17274882155471 84.502054621465504 1363.2860462989192 357.79315607831813 57.495552541688085 40.56572809163481 539.3433277385775 196.75200194912031 181.17197036056314 782.87046933197416 83.5789954373613 220.01405680598691 1148.8353803418577 1816.3296458782861 206.11731986189261 1343.8719728031429 1013.497325445991 526.88573345611803 210.2602145569399 514.91828560666181 77.593380886828527 479.17255752068013 633.96758282743394 179.16610506665893 84.011687134858221 266.46157535747625 2811.911997894058 135.94240124407224 206.80349346320145 671.60675720637664 962.16580426506698 51.808528721099719 47.180399322183803 1136.9479360223049 48.598886713152751 59.838020761497319 49.61085547786206 209.78626725100912 215.62619804940186 287.20095740212128 400.82584433420561 129.96647017891519 568.67027068370953 771.8700422081165 423.91333840275183 337.79501991160214 2118.9041629526764 82.803488136269152 142.60862846625969 64.180440979078412 295.79047274333425 1145.1788511315826 84.185563802719116 45.321512348949909
leaf_count=442 66505 3084 71565 2262 1251 54917 372 26594 11684 281 8166 17824 2772 761 3351 12843 3032 27077 3865 4278 14217 36638 6614 42302 2476 8648 9810 15377 3992 34626 39093 2907 1817 7876 42168 2606 5570 7144 4180 3355 2317 50670 931 3366 3403 3734 9477 2112 9383 1653 5774 34799 5179 5641 36167 352 1163 329 5324 18248 417 181
internal_value=1.96234e-05 -0.0044596 -0.00974112 -0.00463323 -0.0296783 -0.00338244 -0.0370836 -0.00183801 -0.00362827 0.00871867 0.03124 -0.0257306 -0.0487243 0.00658529 0.0234529 -0.0306253 0.0117943 -0.00901772 -0.00270824 0.00459953 0.00394741 -0.00158489 -0.00319488 -0.00134129 0.0378357 0.00872731 -0.00331795 -0.0152758 -0.00132189 -0.0275627 -0.0339473 0.0095997 -0.0136196 0.00539665 0.0030544 -0.0132059 0.0162906 0.0260649 0.0351196 -0.0235708 -0.0130887 -0.0120498 -0.0111708 -0.0387417 -0.0024654 -0.000229567 -0.0234374 0.027284 -0.000511985 0.0188056 0.0089488 -0.0178296 0.00490126 0.00317412 0.000407472 0.0020003 -0.00196149 -0.0192111 -0.0110945 0.00989727 -0.0386372 -0.0523848
internal_weight=28505.4 24932.6 17800.1 14174.7 3625.39 13788.9 2665.89 12902.7 11408.2 7132.52 3572.82 886.259 385.787 6357.52 663.921 2105.72 1494.5 959.499 11093.8 5693.6 5609.1 10186.8 8370.45 6926.33 2209.54 1133.83 5792.5 907.065 340.338 1908.97 1113.14 256.759 124.577 5124.86 3976.02 402.404 1266.15 775.002 1975.66 566.727 228.352 1444.12 484.239 528.466 5582.24 4238.37 264.225 490.677 606.943 176.629 775.474 795.83 3573.62 3149.71 4188.76 3683.18 2455.2 336.296 505.577 1227.98 193.688 129.507
internal_count=814962 799698 690887 472668 218219 398331 188238 322224 301157 108811 15264 76107 74337 98583 5929 121733 21067 29981 274563 92654 92373 245067 208429 146075 7098 24645 121430 29496 10764 108890 73719 6899 2578 77687 63470 10482 15718 10228 6656 18732 5349 62354 14686 58283 111620 69318 10408 4374 15997 2904 11344 35171 52988 47809 65915 56857 38257 2090 9058 18600 927 598
cat_boundaries=0 1 2 3 4 5 6 7 8 9 10 11
cat_threshold=34816 6 36969376 106497 610177 402696 65761 131114 16512 266312 45409
is_linear=0
shrinkage=0.05


Tree=7
num_leaves=63
num_cat=9
split_feature=1 26 13 33 14 7 36 13 1 45 14 25 25 49 45 23 29 48 31 35 33 23 35 20 46 10 21 12 23 35 21 27 31 48 43 29 23 44 27 21 45 15 34 29 49 37 2 5 49 44 6 1 18 21 48 27 22 5 32 46 45 49
split_gain=1482.97 585.071 432.305 444.181 213.86 162.91 106.869 105.281 103.298 113.79 98.2159 97.1378 73.8757 70.8836 60.1742 58.9649 57.3347 55.6078 53.741 50.9297 57.2522 50.5782 50.563 49.0894 47.267 41.2498 41.0057 39.9123 39.7935 39.6812 39.5544 38.7285 38.6533 37.0949 38.0649 35.887 35.3048 35.2535 37.1623 34.9883 34.688 33.8577 33.3679 33.0308 32.954 32.777 32.1879 32.0569 32.0045 31.8944 34.5716 31.5009 31.3943 31.2884 35.2823 34.0672 31.092 30.8836 30.7927 30.3308 30.321 30.2308
threshold=10.500000000000002 1.5000000000000002 1.5000000000000002 5.5000000000000009 1.0000000180025095e-35 1.0000000180025095e-35 3.5000000000000004 2.5000000000000004 53.500000000000007 0 1.0000000180025095e-35 12.500000000000002 10.500000000000002 18.947982788085941 1 48.500000000000007 2.6890897750854497 0.75054106116294872 6.5000000000000009 0.41101056337356573 6.5000000000000009 45.500000000000007 0.19098278135061267 0.016651606187224392 2 8.5000000000000018 0.90072739124298107 4.5000000000000009 2.5000000000000004 0.3178947269916535 0.88927203416824352 155.50000000000003 10.500000000000002 0.47526620328426367 3 1.50533002614975 42.500000000000007 4 76.500000000000014 0.61125501990318309 5 0.11006316542625429 0.019121041521430019 0.17712418735027316 6.4285707473754892 21.500000000000004 2.5000000000000004 0.2778663188219071 7.1507682800292978 6 6.5000000000000009 39.500000000000007 0.13383085280656817 0.87844833731651317 0.66050693392753612 110.50000000000001 32.932884216308601 0.25044746696949011 1.5000000000000002 7 8 6.0925931930542001
decision_type=8 2 2 8 2 10 2 2 8 9 2 2 2 2 9 2 2 8 10 8 8 2 10 2 9 8 2 10 2 10 2 2 10 8 9 2 2 1 2 2 9 10 10 2 2 2 8 10 2 1 8 10 10 2 10 2 2 10 10 9 9 2
left_child=6 10 3 4 11 8 -1 16 18 33 -2 44 36 21 22 59 19 -15 40 39 27 28 -13 -18 -9 -19 30 -21 -11 35 -22 49 -16 47 -35 60 -7 38 -30 -4 43 -32 -20 -5 -3 -27 -12 -10 -25 61 -51 -42 -34 -36 -55 -56 -39 -24 -41 -6 -8 -23
right_child=1 2 7 5 15 12 29 24 9 13 46 14 -14 17 32 -17 23 25 42 20 26 31 57 48 -26 45 -28 -29 37 -31 41 -33 52 34 53 -37 -38 56 -40 58 51 -43 -44 -45 -46 -47 -48 -49 -50 50 -52 -53 -54 54 55 -57 -58 -59 -60 -61 -62 -63
leaf_value=0.043563676360731669 -0.068785023428924966 -0.030393949199668674 0.024295300559325005 -0.05194338638167844 0.020724555721427906 -0.018030342702357774 0.007596005044164144 0.023643576955560075 -0.037474370120235655 0.055378556778117941 0.012920644118627712 -0.014027411536811064 -0.011236485470990371 -0.045188131673747294 -0.025233843997516055 -0.014032490658618283 -0.049156620991267337 0.028578601914846347 0.018464299874429456 -0.006250307431884105 0.0015000492795388511 0.0073798831436210372 -0.050166860994732144 -0.0060726481650820868 -0.015359038357509689 -0.032175752426975686 0.013336910222183385 -0.034391183286720792 0.017900405928392097 0.026406966103518659 -0.027891357976092702 -0.00050729992436832864 -0.026010030914249971 -0.031368166642063745 -0.0042883517558873051 0.029243310188632465 -0.050732947210483915 -0.036267742102204785 0.0034662900421620342 0.013930580554997643 0.010211652431166687 0.028348165515720742 -0.0041777403110130019 0.031508448345258712 -0.058203000413778884 -0.0074486564247806149 -0.034835122648359487 0.014581185447781515 0.026023620418238542 0.013082044054041021 -0.040440472794158647 -0.048843976248841944 0.0042740233521642917 -0.032105451950583223 -0.016917726249882085 0.015051012704582806 -0.0031071667859898702 -0.015676611346722071 -0.003328208675178617 -0.0096965823358740634 -0.03425481421824314 -0.014391693375847853
leaf_weight=1024.5212849006057 378.03038453304907 171.74898704048246 357.18882439355366 7.8433833122253409 258.25287666125223 130.38566179433838 106.30916892318055 1061.3488749132957 229.97282727377024 32.434196931775659 41.78871728759259 176.04303531884216 498.03718360536732 111.24711894593202 677.09556532138959 522.44103707652539 21.108504050644115 64.778161716647446 216.32999907084741 479.20303957979195 2331.6121284940746 229.40100730548147 473.15262338845059 89.126877627102658 77.036841530352831 153.65880958270282 682.189221983077 167.49222597922198 510.40196688764263 2323.2737105367705 191.85456947190687 2040.564930550172 120.32946034567431 200.50017622229643 1276.5283908344572 94.020684159360826 263.6338769440772 76.144328244146891 3341.8840717668645 570.73899440909736 186.65050890855491 26.846731521654874 609.92988788918592 426.37992707174271 395.53662901534699 901.94103801413439 163.65702084312215 31.147096016211435 521.80983831593767 34.082851163577288 166.68095811107196 20.616654906189069 266.35911617032252 254.78763289132621 308.74969885998871 109.12182391434908 558.52911948296241 81.7697509736754 466.06683589238673 109.54461220954545 54.646357930731028 499.47306759830099
leaf_count=2610 86841 15349 6160 240 4761 12383 792 10205 14842 483 960 10098 29207 6835 31050 18710 1317 795 3173 14063 30743 9138 37465 1243 1582 5352 11872 8481 8520 10801 1201 34615 7682 18760 42439 400 38435 4554 61499 8245 2017 301 11854 2659 38462 24164 10165 1384 3265 1100 9196 797 13052 8229 17163 3223 11278 5032 10044 3144 644 23658
internal_value=-4.89206e-05 -0.00447701 -0.00325793 -0.00762909 -0.0242011 -0.00362684 0.0298699 0.00713123 -0.0021602 -0.00380509 -0.0537276 -0.0320585 -0.0242148 -0.00113466 -0.0262254 -0.00329066 0.00443809 -0.0122262 0.0102859 0.0027236 -0.000225622 0.000694723 -0.0373841 0.0186086 0.021021 -0.0087671 0.00249645 -0.0137467 0.00402404 0.0243546 -0.00042371 -0.00436934 -0.0179016 -0.0133831 -0.011225 0.00550602 -0.0402728 0.00359159 0.00538548 0.0109022 0.0210844 -0.0205084 0.00182577 0.0287718 -0.0501228 -0.0111828 -0.0250452 -0.0311077 0.02133 -0.0127985 -0.0298084 0.00317568 -0.00536147 -0.00887213 -0.017606 -0.00849024 -0.00722502 -0.04527 0.00619364 0.0119512 -0.0088232 -0.00743455
internal_weight=27974 24371.2 23787.7 16744.1 3252.27 13491.8 3602.77 7043.62 12599.8 11132 583.476 2362.04 892.057 8721.22 1794.75 890.239 5905.24 1231.63 1467.75 5273.19 3879.2 7489.6 730.965 632.045 1138.39 1120.38 3232.5 646.695 4519.39 2578.25 2550.31 2970.2 1063.78 2410.81 2149.69 254.976 394.02 4486.96 3852.29 1393.99 641.49 218.701 826.26 434.223 567.286 1055.6 205.446 261.12 610.937 929.638 200.764 207.267 386.689 1949.19 672.659 417.872 634.673 554.922 1036.81 367.797 160.956 728.874
internal_count=814732 799485 701519 592797 184805 407992 15247 108722 327967 307227 97966 158190 80025 201187 104379 26615 96935 37146 20740 91110 66661 164041 52595 5825 11787 30311 44117 22544 86334 12637 32245 77707 51784 106040 89814 1836 50818 85851 70019 24449 5713 1502 15027 2899 53811 29516 11125 16226 4508 43092 10296 2814 20734 71054 28615 20386 15832 42497 18289 7905 1436 32796
cat_boundaries=0 1 2 3 4 5 6 7 8 9
cat_threshold=171560 172130 88262 32768 20 467372 13 218659 264526
is_linear=0
shrinkage=0.05


Tree=8
num_leaves=63
num_cat=11
split_feature=1 25 14 14 33 45 31 25 17 45 13 29 37 19 1 47 49 22 48 5 16 29 47 46 46 27 16 18 37 47 25 45 45 17 48 33 18 35 45 15 17 21 35 23 46 28 22 22 6 49 32 16 21 5 22 21 31 25 22 15 22 6
split_gain=1245.52 555.314 425.175 287.975 543.939 125.478 122.902 100.664 88.0036 83.1161 66.3613 66.2614 63.1125 63.0332 60.5746 54.9279 55.6911 54.1012 52.993 52.6293 47.6969 59.1619 46.8828 48.1037 46.5704 45.6495 52.9912 47.2388 43.7806 41.6827 41.0905 40.4696 38.3772 37.2262 34.8944 34.5593 34.1112 34.0032 33.8528 33.318 33.2431 32.1594 53.6908 33.4297 32.158 32.1959 31.7076 31.6645 31.5705 31.0444 30.8508 28.8218 44.3096 32.3348 28.7927 28.1273 27.7296 27.0222 28.9749 26.5721 25.8877 26.9831
threshold=15.500000000000002 5.5000000000000009 1.0000000180025095e-35 1.0000000180025095e-35 8.5000000000000018 0 3.5000000000000004 41.500000000000007 0.056079665198922164 1 1.5000000000000002 3.614962220191956 28.500000000000004 31.500000000000004 1.5000000000000002 2 26.491062164306644 32.215251922607429 0.46862533688545233 0.34845764935016638 0.091507177799940123 1.3298791050910952 3 4 5 269.50000000000006 0.47114317119121557 0.15022124350070956 31.500000000000004 6 15.500000000000002 7 8 0.59729731082916271 1.1315999031066897 26.500000000000004 0.3483316451311112 0.98076212406158458 9 0.10084745660424234 0.42583334445953375 0.85170719027519237 0.9354764223098756 11.500000000000002 10 3.5000000000000004 35.349924087524421 40.029211044311531 2.5000000000000004 13.10928535461426 5.5000000000000009 0.5049019753932954 0.22967968136072162 0.26217602193355566 35.048002243041999 0.98312205076217662 6.5000000000000009 10.500000000000002 33.695386886596687 0.064725596457719817 30.722649574279789 10.500000000000002
decision_type=8 2 2 2 8 9 10 2 10 9 2 2 2 2 10 9 2 2 10 8 8 2 9 9 9 2 10 10 2 9 2 9 9 10 10 8 10 10 9 10 10 2 10 2 9 2 2 2 8 2 10 10 2 10 2 2 10 2 2 10 2 8
left_child=6 2 19 4 5 12 -1 13 -7 -6 15 18 17 59 34 -11 20 -3 24 -2 28 35 23 33 -12 27 -27 -23 -17 31 48 40 57 -15 -8 -22 60 54 -24 47 -4 43 -43 -29 -34 -46 -18 -32 -10 -39 -38 52 -25 55 -31 -54 -9 58 -16 -5 -14 -62
right_child=1 3 29 7 9 8 14 56 30 10 11 -13 36 22 32 16 46 -19 -20 -21 21 25 38 51 -26 26 -28 41 -30 37 39 -33 44 -35 -36 -37 50 49 -40 -41 -42 42 -44 -45 45 -47 -48 -49 -50 -51 -52 -53 53 -55 -56 -57 -58 -59 -60 -61 61 -63
leaf_value=0.044946911565630986 -0.027664807835326141 0.015717443814224154 -0.0044177877371210884 -0.044052186173789337 -0.023961111361615797 -0.042748280823305701 0.021503602152834065 0.036712031699413387 0.018638097453535864 -0.019347385762329732 0.003757409779455947 0.028925562024201146 -0.053869466187600093 0.0074648271523876028 -0.0047725560394046799 -0.0026337217871498708 -0.031007718723250522 -0.011002302718754381 0.0098160873321529781 -0.057972190311351125 -0.01556816741407549 -0.00037086756288421074 0.0038132501001982319 -0.064931142548596346 -0.012479269597634146 0.029787840382200909 -0.011149239471331351 0.035593251765827762 -0.023517530150569406 -0.068171033950953641 -0.029022091126953239 -0.013079203303129124 -0.017474324499239587 0.027407282976077581 0.039553268579699402 -0.0016291620868453382 -0.012584176809767263 0.0056004463109310988 -0.024656974995786732 -0.0052760370668925817 0.022364428494839578 -0.018135836841761708 0.013590747531520748 0.01120789805531882 -0.025806356903437806 0.014392958863747763 0.0075414021148627209 0.018723666025020728 -0.039152953975019111 -0.046207341855695375 0.033727212419990819 -0.011573589741990112 0.030888241042615353 -0.023446140237008931 -0.021999878922802002 -0.016381915449659664 0.018146178839515973 0.030123586350286974 0.022081872210680795 0.031073964224221526 0.0072334024143522581 -0.027020617435990126
leaf_weight=663.92255858704448 191.21799257362727 296.5808794000186 274.73994210059755 8.0426708250306529 340.35971954453271 816.77477590739727 542.49272812716663 353.32282479759306 22.496247621485963 410.52590666199103 1275.660681495443 282.85623705456965 77.019192354637198 864.80103097937535 140.09973350493237 720.50229905778542 226.15429085772485 504.55203368887305 1970.2253181240521 808.33662846341031 651.45922261173837 3778.6134429479716 189.25137780117802 13.891237705945967 657.06091126147658 312.65123827988282 102.27690636785701 175.45875773462467 381.31541281286627 60.551668301224709 395.65998922730796 553.94815233629197 86.324150760658085 319.06820925348438 578.25506901484914 1382.6119548298884 273.9125725341728 105.8393891477026 216.94439185713418 427.46896012034267 193.70726576307788 217.84228375274688 327.07484610518441 679.08395381784067 47.823848076863214 1044.0760952995624 67.128468269715086 34.651831896975636 342.88869438401889 34.346290176501498 36.419557899236679 434.15991585480515 171.74772738083266 41.999225968727842 85.018598205177113 34.966287481132895 507.1493704165332 652.47418930474669 336.50765781814698 275.73248756607063 63.505374265369028 458.98302386328578
leaf_count=1526 17883 7723 9282 295 26770 58796 2158 1907 640 10222 9703 2063 4643 13652 1285 21811 9517 18180 27545 150743 35535 75536 4271 702 5703 2443 1523 1592 15273 4439 26106 21862 945 2590 1482 35927 10465 4038 7693 20979 4008 8272 8545 18369 745 7389 1843 1519 29717 1861 996 10443 2775 1268 4094 918 5196 2888 2207 3100 1577 20773
internal_value=-0.000166787 -0.00461007 -0.0278717 -0.00206488 -0.00463392 -0.0215245 0.0252695 0.0111829 -0.0298817 -8.91425e-05 0.000533248 0.00576932 -0.0112626 0.00620318 0.0213986 -0.00179154 -0.000959951 -0.00107447 0.00405627 -0.0523408 -0.000234904 0.00117194 0.00341562 0.00673559 -0.00182549 0.00382723 0.0196845 0.00253879 -0.00993475 -0.00904672 -0.0213942 -0.00408065 0.0167018 0.0128244 0.0309507 -0.00612068 -0.0203017 -0.0254241 -0.011729 -0.0152614 0.00663597 0.0103684 0.000857791 0.0163927 0.0100279 0.0124095 -0.0222058 -0.0250064 -0.0353913 -0.00824694 -0.00670061 -0.00366208 0.00925292 0.0145942 -0.0428313 0.0226943 0.0259376 0.0232974 0.0142204 0.0282189 -0.0272286 -0.0228281
internal_weight=27540.5 23448.6 2307.71 21140.9 17709.8 3750.91 4091.98 3431.08 2039.94 13958.9 13618.5 4185.8 1710.97 2570.6 3428.05 9432.7 9022.17 801.133 3902.95 999.555 8728.89 7627.07 2286.83 1880.63 1932.72 5593 414.928 5178.07 1101.82 1308.15 1223.17 1022.4 2307.31 1183.87 1120.75 2034.07 909.84 285.756 406.196 857.781 468.447 1399.46 544.917 854.543 1178.22 1091.9 293.283 430.312 365.385 140.186 310.332 696.764 262.604 248.713 145.57 206.714 860.472 1129.08 476.607 283.775 599.508 522.488
internal_count=813951 793326 218210 575116 520306 202114 20625 54810 137757 318192 291422 45014 64357 47707 19099 246408 236186 25903 42951 168626 224826 187742 44312 32348 15406 116280 3966 112314 37084 49584 78961 35152 15459 16242 3640 71462 38454 14432 11964 48604 13290 36778 16817 19961 9079 8134 11360 27625 30357 5899 11461 16106 5663 4961 8533 3693 7103 6380 3492 3395 26993 22350
cat_boundaries=0 1 2 3 4 5 6 7 8 9 10 11
cat_threshold=83840 34816 335560976 302794626 81986 195 462068616 1205704 211244 282695 33025
is_linear=0
shrinkage=0.05


Tree=9
num_leaves=63
num_cat=11
split_feature=2 29 13 33 14 14 1 4 6 8 45 36 29 16 45 25 18 37 21 37 15 23 49 30 45 25 45 47 23 31 22 29 45 24 45 48 34 22 36 25 44 15 35 45 35 6 1 45 21 35 33 23 35 47 16 49 31 37 23 11 6 21
split_gain=1232.58 496.182 317.775 271.544 199.364 189.415 164.848 142.321 102.115 93.6715 69.8376 68.7977 62.7711 61.7158 60.0944 56.6888 56.1768 51.2082 46.2495 43.6997 43.0308 42.4181 45.7644 41.5772 39.7134 38.5841 37.8175 36.7659 36.7169 36.3373 50.7026 35.8399 35.6917 38.5945 47.1321 34.7351 38.8718 34.6759 34.6735 34.6631 34.6098 34.452 33.6852 32.5576 31.5772 47.1523 31.5057 30.9252 30.3454 32.057 29.99 29.7759 29.645 30.4457 29.5638 33.5278 29.4033 29.3117 28.1485 27.8837 27.7253 27.6067
threshold=6.5000000000000009 0.52885684370994579 1.5000000000000002 4.5000000000000009 1.0000000180025095e-35 1.0000000180025095e-35 6.5000000000000009 17.500000000000004 17.500000000000004 1.5000000000000002 0 2.5000000000000004 2.6890897750854497 0.36939570307731634 1 8.5000000000000018 0.11822947114706041 21.500000000000004 0.97714897990226757 26.500000000000004 0.82059532403945934 51.500000000000007 4.8871574401855478 10.500000000000002 2 15.500000000000002 3 4 53.500000000000007 18.500000000000004 35.048002243041999 0.86180371046066295 5 1.5000000000000002 6 0.72590532898902904 0.038102755323052413 41.253204345703132 3.5000000000000004 74.500000000000014 7 0.041885966435074813 0.78019323945045482 8 0.83424907922744762 12.500000000000002 22.500000000000004 9 0.1353641748428345 0.94849690794944774 10.500000000000002 14.500000000000002 0.73385417461395275 10 0.93969696760177623 8.771792411804201 11.500000000000002 42.500000000000007 42.500000000000007 35.500000000000007 5.5000000000000009 0.98776748776435863
decision_type=8 2 2 8 2 2 10 8 8 10 9 2 2 8 9 2 10 2 2 2 10 2 2 2 9 2 9 9 2 10 2 2 9 2 9 8 10 2 2 2 1 10 10 9 10 8 10 9 2 10 10 2 10 9 10 2 10 2 2 10 10 2
left_child=6 5 3 4 14 8 11 23 47 10 -5 -1 17 37 38 19 27 18 -9 24 29 39 -23 -4 -8 48 54 -15 -21 52 -31 57 -13 -34 -35 -19 44 -12 61 -18 -24 -16 -25 -14 -37 -46 -28 -2 49 -11 -47 -6 53 -17 55 -7 -40 -30 -49 -29 -60 -3
right_child=1 2 7 9 51 26 15 12 -10 25 13 32 43 16 41 20 21 35 -20 28 -22 22 40 42 -26 -27 46 59 31 30 -32 -33 33 34 -36 36 -38 -39 56 -41 -42 -43 -44 -45 45 50 -48 58 -50 -51 -52 -53 -54 -55 -56 -57 -58 -59 60 -61 -62 -63
leaf_value=0.04793740292850128 -0.00025824324960054261 -0.0027974450712650433 0.031069076422153754 -0.019298407818334765 0.017640245699236137 -0.018609798490943959 0.007713192887990248 0.013529803314646413 -0.056366443934544125 0.018415819988409163 -0.0082226837462517303 0.039259679896154642 0.02285092502163262 0.0066529952246507833 -0.047332687531471705 0.010922643694612256 0.020105581262861088 -0.012949765848650409 -0.056378207441806688 0.021472613623235395 0.046096969947184471 0.016239160982070327 0.014060752017506393 0.024569921507453258 -0.033466219727303174 -0.0076086185957985183 0.0024166216963278468 -0.003775875049422112 0.0020841190560289546 -0.061048091436331879 0.018675121808722241 0.030043762330936325 0.025489302933974486 0.014292327840822515 -0.045361457184546539 0.0022400373570485182 0.019267072260588596 -0.039745006247335735 -0.046391986750936171 0.0042906077641143231 -0.012807171284386088 -0.028507553107918866 -0.023567685673730111 -0.0061734046888100528 0.0094114326974937788 -0.032083169375825761 -0.02941055791575016 0.018046477111130391 -0.037219031801978525 -0.044268677229634859 -0.0085986960003632609 -0.0058650623362197811 0.025778819319971252 -0.037735640149847496 -0.0035189977368186402 -0.061169422026962253 -0.015425867035586446 -0.032842777984401342 -0.014617164479668033 -0.03329960472160149 -0.049951852264201936 -0.03882147884578014
leaf_weight=515.33682073140517 115.287000288954 325.9071902744472 653.57778612920083 592.70025870861718 171.09823723335285 113.5036501372233 98.118194726761431 948.25436318758875 643.99642922531348 55.03357549814973 1928.8678206927143 526.75083775632083 533.89814913319424 901.59030587156303 595.37285041983705 277.44737488823012 687.54027182504069 517.19712221145164 19.411147836595774 298.77664395258762 131.43669286975637 267.12290438800119 136.98786141013261 67.985551410820335 123.16880495753139 311.19110107817687 428.79019098985009 4869.2120470157824 152.96054109279066 31.044404607266188 40.797016501892358 60.308931553736329 1463.3665077057667 108.32051347335801 30.311921490821987 2574.4462667552289 260.22912915400229 86.88041990774218 155.69819603324868 700.27047598571517 599.83440889476333 468.23772730294149 67.388455223059282 116.05488355061971 257.28659839881584 191.76301598525606 89.817508386448026 21.84864637372084 346.23257637384813 25.916551813366823 458.91754616145045 568.59555730625289 525.69283562665805 21.557689023204148 95.703393681207672 81.683953830739483 160.93365668435581 93.334689775248989 91.296479273587465 76.415535261854529 162.29485589207616 58.778696412453428
leaf_count=1132 7701 10947 5895 38105 1912 5766 1723 10401 123867 4092 74098 1361 3292 19216 50925 2145 12335 15330 1009 3723 419 7207 3878 767 3444 16688 13577 91497 2737 528 324 603 5629 639 437 33154 4107 5095 10606 16063 23497 35997 1512 2665 4130 8610 5522 985 37328 2941 8441 14691 3484 412 3779 5714 10216 2440 5955 3525 17555 3197
internal_value=-0.000434307 -0.00519294 -0.00298116 -0.00723571 -0.0221477 -0.0300112 0.0234517 0.00601013 -0.0441416 -0.00400387 -0.00282579 0.0314627 0.003323 -0.00184416 -0.0312581 0.0119769 7.45193e-05 0.00149329 0.0118449 0.00220418 0.019787 0.00652206 -0.00130649 0.0258815 -0.0165784 -0.0211756 -0.0117894 -0.00256611 0.00914942 0.0156956 -0.0175059 -0.00301103 0.0273714 0.0229652 -0.00203908 -0.000869308 0.000815145 -0.0096763 -0.0187298 0.0121696 -0.00773396 -0.0388538 0.000621347 0.0179154 -0.000589353 -0.00858013 -0.00326144 -0.0235349 -0.0308564 -0.0030607 -0.0157117 -0.000346126 0.018676 0.00596954 -0.0257023 -0.0375035 -0.0311374 -0.0115417 -0.0319506 -0.00425662 -0.0377595 -0.00872928
internal_weight=27099.8 22601.1 20756.8 14090.4 2504.62 1844.22 4498.73 6666.41 1034.72 11585.8 10847.4 2644.09 5877.46 10254.7 1764.93 1854.64 8238.97 5227.51 967.666 826.668 1027.98 2391.76 1003.95 788.952 221.287 738.374 809.499 5847.22 605.381 896.539 71.8414 306.604 2128.75 1602 138.632 4259.84 3742.64 2015.75 701.318 1387.81 736.822 1063.61 135.374 649.953 3482.41 907.967 518.608 390.727 427.183 80.9501 650.681 739.694 824.698 299.005 290.891 195.188 316.632 246.295 275.44 4945.63 253.591 384.686
internal_count=814970 783790 593369 494056 138491 190421 31180 99313 156063 355565 294516 9198 91139 256411 121888 21982 177218 85182 11410 14670 7312 62980 34582 8174 5167 61049 34358 114238 9503 6893 852 5780 8066 6705 1076 73772 58442 79193 34966 28398 27375 86922 2279 5957 54335 21181 19099 32196 44361 7033 17051 16603 6041 2557 15259 11480 20822 5177 24495 95022 23510 14144
cat_boundaries=0 1 2 3 4 5 6 7 8 9 10 11
cat_threshold=34825 1655424 675233 109220 592563 71936 311370 10 65768 544778 33669760
is_linear=0
shrinkage=0.05


Tree=10
num_leaves=63
num_cat=6
split_feature=1 25 14 14 33 45 31 6 45 5 1 25 45 21 29 21 35 5 45 12 35 11 49 29 47 5 19 3 36 29 18 3 31 29 21 35 37 20 49 48 45 26 48 30 33 23 5 6 5 25 23 6 34 49 20 36 20 18 23 17 19 19
split_gain=1255.94 542.085 369.321 262.948 414.146 141.479 91.0712 81.0078 76.9741 71.4911 69.0991 57.637 53.1512 52.2006 73.7907 49.534 52.0671 47.0547 46.0687 46.0512 45.6991 45.0654 43.5671 43.3077 42.596 42.5459 39.9248 42.5834 39.3943 37.6115 41.3624 36.771 35.4647 35.143 34.3664 33.8204 32.9988 31.4154 30.957 30.2678 30.0583 29.8201 35.0072 29.4608 29.1698 27.7812 27.0678 26.4892 26.4183 26.3152 39.6319 32.2139 27.5575 26.6776 25.977 25.9395 25.641 25.6242 30.6151 25.4829 33.5515 25.4164
threshold=19.500000000000004 7.5000000000000009 1.0000000180025095e-35 1.0000000180025095e-35 10.500000000000002 0 5.5000000000000009 18.500000000000004 1 0.11510723829269411 10.500000000000002 42.500000000000007 2 0.9987146556377412 3.6113295555114751 0.94986033439636242 0.41522988677024847 0.24387667328119281 3 1.0000000180025095e-35 0.57979625463485729 8.5000000000000018 5.8616199493408212 1.9382504820823672 4 0.33683124184608465 55.500000000000007 0.2461875528097153 5.5000000000000009 0.30148103833198553 0.11822947114706041 0.14620546996593478 6.5000000000000009 0.32345247268676763 0.10829974710941316 0.88165265321731578 25.500000000000004 0.032778425142169006 27.324561119079593 0.86186924576759349 5 115.50000000000001 1.4563087224960329 6.5000000000000009 3.5000000000000004 51.500000000000007 0.13786729425191882 4.5000000000000009 0.44644804298877722 25.500000000000004 51.500000000000007 5.5000000000000009 0.02540772128850222 3.7508392333984379 0.032426344230771072 2.5000000000000004 0.0082473917864263075 1.0000000180025095e-35 47.500000000000007 0.61651584506034862 117.50000000000001 114.50000000000001
decision_type=8 2 2 2 8 9 10 8 9 10 10 2 9 2 2 2 10 10 9 10 10 8 2 2 9 10 2 10 2 2 10 10 10 2 2 10 2 2 2 10 9 2 10 2 10 2 10 10 8 2 2 8 8 2 2 2 2 10 2 10 2 2
left_child=6 2 7 4 5 15 54 26 25 24 28 32 20 14 38 16 -3 23 -12 -16 22 -15 -6 37 44 59 -2 -28 34 -4 45 -23 -10 -9 -8 -26 -25 -18 49 -30 -32 42 -38 -13 -7 -31 -47 -11 55 50 53 -52 -53 -14 -1 61 -51 -49 -59 60 -5 -34
right_child=1 3 29 8 12 9 10 33 11 47 18 43 13 21 19 -17 17 -19 -20 -21 -22 31 -24 36 35 -27 27 -29 39 30 40 -33 48 -35 -36 -37 41 -39 -40 -41 -42 -43 -44 -45 -46 46 -48 57 -50 56 51 52 -54 -55 -56 -57 -58 58 -60 -61 -62 -63
leaf_value=0.0285399941935984 0.038232486568307918 0.0085003581625659706 -0.021465925115286652 -0.0010291652789390239 0.024192419681729554 -0.047100061516770174 -0.0079627189348900895 -0.064598075167538502 0.020415062608317217 0.004473194401133594 0.0251561473752554 0.044124974784743864 0.037795322524222325 -0.068303935060976304 0.008210466844961099 -0.024838207216152958 -0.046963893948249159 0.019131426050765159 -0.0061404501507213482 0.031738208456798554 -0.040910952395736201 -0.010874062911546875 -0.021494127969719806 0.010756156513498375 -0.00359816803611003 0.015265260042225011 -0.033307931664325482 0.033632027557801009 0.009102891452124692 0.0016411814212672722 0.012996351375197703 0.038427508787521575 0.00026749512057631605 -0.043570426490077425 0.037043626801951716 -0.033056858265516263 0.016880884641105407 -0.015912686016640795 -0.01744388500841014 0.024057125594548912 -0.0089626582377365389 -0.025708186486129537 -0.044015074239733158 0.020712071406344526 -0.030099942537968011 -0.032884215735797889 0.003049521559455716 -0.042686104053237695 0.0086729225963730408 -0.011422206175196998 0.0084304575978441446 -0.012459953493940176 -0.040715423499070424 -0.0016168999846253224 0.043814560462873783 0.0055626453689109345 0.0019344591456350612 0.010592657941803323 -0.022387169003455512 0.0096026889003158148 -0.029599570500124274 -0.068376667783630038
leaf_weight=565.45884140860289 20.754485339624807 528.32156999944709 396.23881724919192 206.7995331841521 79.434031700482592 528.77493659732863 43.610770902596414 396.3047993570799 706.28108522761613 168.89452250348404 157.58694668859243 238.11469232523814 54.135012323502451 28.028868109802715 1115.6113076058682 352.93985974416137 133.46214080322534 112.19424903998151 357.72041874052957 252.55196361383423 137.48414374049753 804.25240807875525 131.88810598431155 192.66253626160324 211.16765370941721 262.33291985956021 259.72385950968601 22.109403749112971 475.11587467754725 157.98630257695913 391.44217900861986 34.841319947503507 22.204955060500652 534.27026175725041 656.51766282971948 178.11854282906279 106.27986252028495 218.64009395614266 234.42643241537735 1250.029188470915 240.65587229514495 221.71315946435789 24.988198914914392 341.34396661794744 574.11991699505597 215.63621952361427 67.682408867869526 84.774264603620395 750.44629627536051 368.89485198515467 98.070819168584421 233.71339360135607 138.62237970391288 155.36089584161527 661.83210891252384 59.69150258647278 9248.6593559106113 99.239184873178601 217.92872832319699 133.58436604007147 199.98743745288812 29.185826095752418
leaf_count=2317 813 12482 21687 4777 3987 45665 362 94553 7330 5430 1815 1004 1479 3366 11194 18821 7725 2603 5817 1161 12997 35230 9294 4639 10155 3700 25900 671 3926 4671 8628 587 321 78187 2143 11240 2731 8826 7695 6208 8610 8593 1175 3133 40872 10519 1931 5635 14555 11083 3518 15138 10117 7398 1545 1280 150707 3841 14447 2000 6069 799
internal_value=0.000244092 -0.00438519 -0.0253819 -0.00154493 -0.00392774 -0.0181007 0.0254577 -0.0455035 0.0122267 -0.0271144 0.0206186 0.0171132 0.0003504 0.000886108 0.00175146 -0.00803704 -0.00416627 -0.0108017 0.00394565 0.0126533 -0.0184955 -0.0109215 -0.00415874 -0.0146278 -0.0329976 -0.00106864 -0.0225009 -0.0275619 0.0241458 -0.00840093 -0.00350092 -0.00861144 0.0121454 -0.0528229 0.0342036 -0.0168968 -0.00570918 -0.0281752 0.000329914 0.0199768 0.00469458 -0.0147209 0.00409905 0.0306282 -0.0380826 -0.0151607 -0.0243959 -0.0120535 0.00528724 0.000742812 -0.00872727 -0.016729 -0.0233797 0.00921108 0.0369214 -0.016974 0.00141648 -0.0189675 -0.0120638 -0.00908507 -0.015264 -0.041323
internal_weight=26890.8 22723 2702.8 20020.2 17070.2 3954.22 4167.87 1233.16 2949.97 2063.02 2940.58 2147.27 13116 12767.2 11900 1891.2 1538.26 1009.94 515.307 1368.16 348.806 867.123 211.322 897.746 1492.18 802.704 302.588 281.833 2425.27 1469.64 1073.4 839.094 1567.81 930.575 700.128 389.286 545.644 352.102 10531.9 1725.15 632.098 352.981 131.268 579.459 1102.89 441.305 283.319 570.837 861.529 10297.5 679.903 470.407 372.336 209.496 1227.29 111.082 9617.55 401.942 317.168 540.371 406.787 51.3908
internal_count=815102 790969 256170 534799 489831 204880 24133 200124 44968 137285 20271 28422 284951 258673 219490 67595 48774 36292 7632 12355 26278 39183 13281 33689 107932 16546 27384 26571 12639 56046 34359 35817 24285 172740 2505 21395 17138 16551 207135 10134 17238 12499 3906 4137 86537 17121 12450 29353 16955 199440 37650 28773 25255 8877 3862 2400 161790 23923 18288 12846 10846 1120
cat_boundaries=0 1 2 3 4 5 6
cat_threshold=608128 56352 38912 160003 102761088 466988
is_linear=0
shrinkage=0.05


Tree=11
num_leaves=63
num_cat=9
split_feature=1 33 10 27 24 45 10 48 35 21 2 20 46 49 0 11 37 1 36 15 26 4 45 6 49 20 5 31 24 14 11 20 35 6 1 23 5 45 46 49 22 37 36 45 48 21 30 45 23 24 23 25 18 49 37 49 49 45 31 47 33 10
split_gain=1109.2 447.03 376.078 192.239 149.435 149.102 98.2823 105.278 93.7786 96.3073 93.2085 54.8984 51.1509 49.6149 47.811 46.2383 54.453 46.1592 51.3537 45.4499 43.8967 43.673 42.8615 41.9885 41.3002 40.1251 38.8168 35.6795 34.2208 51.9253 35.2477 34.0172 33.6467 33.1765 32.2283 31.5783 31.3382 30.9196 30.7639 29.2402 28.1809 35.658 28.1205 29.0112 33.6446 27.2772 26.4699 26.149 26.1205 25.5902 25.3624 26.5786 28.5805 27.5665 28.284 27.4433 27.4423 27.3618 28.2173 26.3586 26.0265 31.2033
threshold=19.500000000000004 5.5000000000000009 7.5000000000000009 1.5000000000000002 2.5000000000000004 0 4.5000000000000009 0.68825104832649242 0.77097901701927196 0.96015870571136486 2.5000000000000004 0.029471346177160743 1 5.2822303771972665 1.5000000000000002 1.5000000000000002 26.500000000000004 6.5000000000000009 5.5000000000000009 0.65421196818351757 20.500000000000004 8.5000000000000018 2 9.5000000000000018 13.675438880920412 0.032778425142169006 0.3987653255462647 9.5000000000000018 1.0000000180025095e-35 1.0000000180025095e-35 35.500000000000007 0.031386261805891998 0.25403225421905523 4.5000000000000009 34.500000000000007 33.500000000000007 0.15274555236101153 3 4 1.6226282119750979 36.004032135009773 25.500000000000004 2.5000000000000004 5 0.76059174537658703 0.47930935025215154 15.500000000000002 6 45.500000000000007 1.0000000180025095e-35 3.5000000000000004 7.5000000000000009 0.33161512017250067 29.833333015441898 61.500000000000007 21.901765823364261 5.2822303771972665 7 22.500000000000004 8 21.500000000000004 6.5000000000000009
decision_type=8 8 8 2 2 9 8 8 10 2 10 2 9 2 2 8 2 10 2 8 2 8 9 8 2 2 10 10 2 2 10 2 8 8 10 2 10 9 9 2 2 2 2 9 10 2 2 9 2 2 2 2 10 2 2 2 2 9 8 9 10 10
left_child=10 2 12 34 8 13 25 22 9 11 17 33 -2 19 15 16 -9 18 -1 -5 42 -14 40 -10 35 38 31 -25 30 36 50 -15 -32 -4 -3 -24 -30 -23 -7 -22 41 -8 -12 44 -44 -20 -39 -31 -16 -37 -17 59 53 54 55 56 -53 58 -57 -52 61 -58
right_child=1 3 4 5 -6 6 7 14 23 -11 20 -13 21 26 48 28 -18 -19 45 -21 39 37 24 27 -26 -27 -28 -29 29 47 32 -33 -34 -35 -36 49 -38 46 -40 -41 -42 -43 43 -45 -46 -47 -48 -49 -50 -51 51 52 -54 -55 -56 57 60 -59 -60 -61 -62 -63
leaf_value=0.041466498399711317 -0.023953120526848223 -0.060954999765520962 0.014986181488728887 -0.01433910127384345 -0.056788375232649006 0.01126423952147006 0.013664844143441655 0.029647682243100573 -0.010859249765909441 -0.039811795911784076 -0.026713702128291841 0.0029656897227625257 0.03870204137284413 -0.03707857805606965 -0.034942873521694694 0.041509003048856866 -0.0030425692454942093 0.018143239502602864 -0.012456267718292911 0.020830465064785194 -0.0096929472021036328 -0.02370044669475033 -0.034896158414716313 -0.040536969822662305 -0.031428907648374443 0.027539529891126471 0.016148857822023223 -0.024401528926330639 -0.036648645346239815 0.021290815433605777 0.012360657676987484 -0.016066214184195789 -0.045076495266507671 -0.024165530314292458 0.0067414720012907124 -0.0031930895897058827 -0.00088587628391527016 0.018828799276065122 -0.020822938756875464 0.024360273442282837 0.018649330161841195 -0.026192202687289164 -0.011952668403794374 0.00066126570381127192 0.028337050182544222 0.025834247969236931 -0.0057210119400567328 -0.0066662312547969074 0.036713734465289256 -0.028362689104298594 0.019638868513351369 -0.0046639814276844991 0.0058977673478574251 -0.021363821812825576 0.018219890637114249 -0.030190183378213664 -0.00017189562234825773 -0.023244980672976132 0.024627182129258809 -0.021363694457762795 0.0075754000860693942 0.031912989033361067
leaf_weight=1083.5047707848717 83.120930317556486 149.37301218591165 58.593304914422333 272.16244414646644 355.49400760210119 649.71348721487448 95.4883985274937 288.95238996529952 241.73299439274706 264.17362070106901 53.270724738016725 651.23003287310712 150.29857723531313 398.40564620686928 10.168377741705624 33.720514603541233 223.30446417746134 557.46481197373942 48.156849178019911 132.46948268683627 64.640878237318248 53.042420506477356 115.20192404987756 831.88955657929182 349.61101650132332 404.16427332395688 53.131282633170485 639.97118331311503 206.69944175181445 103.77995953243226 35.036737074609846 394.38404740917031 73.764073867117986 419.43570448283572 18.78143466101028 638.34674053976778 86.553086953470483 423.39027305040509 70.997541958466172 1009.601727995323 154.06496289710049 123.33670072664972 60.9799296380952 439.4415571114514 267.77532801800407 514.0201014727354 144.99873299105093 268.69541062647477 124.46834123530425 115.3629320175387 36.973269823356532 2005.8537450704025 2652.1591742618475 143.14356488897465 211.90654421132058 29.079261365346611 5242.7464468884282 223.12376438011415 71.538895899429917 211.24478944798466 1589.5560459373519 71.887985669076443
leaf_count=2661 2443 47518 1679 20391 47044 7658 3966 2156 9983 20877 1214 22373 1046 40566 224 756 3295 3461 431 4609 599 1832 6880 52504 21821 3210 2620 50100 30768 1886 1229 24215 4081 29343 1066 27015 5174 6213 1737 6338 4393 7233 1138 4681 1905 1745 3458 9896 1106 11046 1810 36108 61093 4515 2588 1424 80568 8085 957 15490 31447 1096
internal_value=-6.29056e-05 -0.00444076 -0.0188861 -0.000986917 -0.0262113 -0.000479916 0.000776461 -0.00025848 -0.0226272 -0.0129243 0.0238346 -0.00648663 0.0107639 -0.0170252 0.00113357 0.000838909 0.0155056 0.0308348 0.035066 -0.00271148 0.0156393 0.0147518 -0.0124213 -0.0304566 -0.0168685 0.0150149 -0.0240158 -0.0336276 0.00026829 -0.0107374 0.000852338 -0.0267919 -0.0268498 -0.0192611 -0.0534175 -0.0110568 -0.0262851 0.00893201 0.00784992 0.0222758 0.00252183 -0.00888311 0.00687854 0.00936569 0.0201917 0.0224733 0.0123553 0.0016895 0.0302445 -0.00720708 0.00110364 0.000977977 0.00130914 3.75734e-05 0.000373029 -4.61779e-05 0.000477 -0.0142334 0.00740436 -0.0150571 0.00197289 0.000291686
internal_weight=26495.6 22396.7 4317.37 18079.4 3462.52 17911.2 16660.6 15535.8 3107.03 1393.43 4098.86 1129.26 854.851 1250.55 13944.4 13809.7 512.257 2203.15 1645.68 404.632 1895.71 771.73 1591.41 1713.59 1218.52 1124.88 845.921 1471.86 13297.5 665.728 12631.7 792.79 108.801 478.029 168.154 868.912 293.253 621.431 720.711 1074.24 372.89 218.825 821.468 768.197 328.755 562.177 568.389 372.475 134.637 753.71 12522.9 12489.2 12241 9588.84 9445.69 9233.79 8910.04 323.742 100.618 248.218 6904.19 5314.63
internal_count=814764 790591 248895 541696 233903 493112 400711 388106 186859 74272 24173 53395 14992 92401 305752 304422 5451 8298 4837 25000 15875 12549 82354 112587 66762 12605 67401 102604 298971 47724 251247 64781 5310 31022 48584 44941 35942 11503 9395 6937 15592 11199 8938 7724 3043 2176 9671 11782 1330 38061 245937 245181 227881 166788 162273 159685 149219 10466 2381 17300 113111 81664
cat_boundaries=0 1 2 3 4 5 6 7 8 9
cat_threshold=55816 64256 663937 47877 71894 562016 140676 73732 6308609
is_linear=0
shrinkage=0.05


Tree=12
num_leaves=63
num_cat=10
split_feature=1 24 14 33 9 1 45 5 14 45 31 6 47 16 35 37 30 19 29 13 45 31 33 6 49 29 7 45 20 45 9 29 27 45 6 21 23 34 33 27 46 28 33 33 29 32 20 21 37 46 4 3 17 37 1 49 22 47 27 34 3 34
split_gain=1101.01 471.688 305.204 220.081 236.895 106.668 81.079 77.9552 73.788 61.6264 56.8814 54.5798 50.8296 49.9861 49.505 47.1791 44.3586 43.1995 42.2914 80.934 40.9694 39.8966 38.7145 38.6236 37.0738 34.4442 34.0208 33.2421 33.0926 32.6959 31.6649 39.8145 35.8425 32.6194 31.3256 32.4738 31.0976 29.9075 29.5666 30.8716 27.5493 27.2866 28.472 26.5321 33.1024 31.2217 26.3049 25.65 25.5185 26.5759 25.0701 34.4806 27.7747 24.5653 23.5721 24.2614 24.0945 23.4693 23.4665 22.9878 22.6971 22.6926
threshold=22.500000000000004 1.0000000180025095e-35 1.0000000180025095e-35 6.5000000000000009 1.5000000000000002 5.5000000000000009 0 0.37404623627662664 1.5000000000000002 1 4.5000000000000009 11.500000000000002 2 0.10102041065692903 0.98076212406158458 25.500000000000004 15.500000000000002 54.500000000000007 3.614962220191956 1.5000000000000002 3 5.5000000000000009 2.5000000000000004 4.5000000000000009 17.280166625976566 1.5205633640289309 0.90660670399665844 4 0.032998910173773773 5 35.500000000000007 0.87979057431221019 129.50000000000003 6 19.500000000000004 0.60160982608795177 3.5000000000000004 0.027027863077819351 27.500000000000004 269.50000000000006 7 5.5000000000000009 12.500000000000002 19.500000000000004 1.542070806026459 1.5000000000000002 0.049570044502615936 0.24847046285867694 24.500000000000004 8 2.5000000000000004 0.37724575400352484 0.68990385532379161 26.500000000000004 52.500000000000007 27.324561119079593 37.254066467285163 9 137.50000000000003 0.019044255837798122 0.20787812024354937 0.027103814296424392
decision_type=8 2 2 8 2 10 9 8 2 9 10 8 9 8 10 2 2 2 2 2 9 10 10 10 2 2 8 9 2 9 2 2 2 9 8 2 2 8 10 2 9 2 10 8 2 10 2 2 2 9 10 10 10 2 8 2 2 9 2 10 8 8
left_child=5 3 7 4 6 21 15 17 9 -5 47 -8 -4 24 26 -2 25 -3 30 20 -20 -1 -12 -19 38 40 -13 -18 -28 -14 31 32 -15 -32 35 -33 -36 -21 39 -11 -6 -9 -43 44 -38 -46 54 -7 -34 -50 57 52 -52 -40 -45 -56 61 -10 59 -24 -48 -57
right_child=1 2 12 8 16 10 11 41 50 13 22 14 29 18 -16 -17 27 23 19 37 -22 -23 58 -25 -26 -27 28 -29 -30 -31 33 34 48 -35 36 -37 43 -39 53 -41 -42 42 -44 46 45 -47 60 -49 49 -51 51 -53 -54 -55 55 56 -58 -59 -60 -61 -62 -63
leaf_value=0.039748303345129701 0.0089356987991261686 0.039224089338907829 -0.0015281029885861894 -0.014322577722587132 0.014661029055281043 -0.0074813602250931536 -0.0072110445174634876 -0.061301061438003158 0.025157196693980945 -0.018489839490908912 -0.01451692652332718 -0.044214830594866208 0.0040982274914648422 -0.016236035279507306 -0.03784994161835336 -0.015017013148415276 0.010600949956955446 0.0097663581922240953 0.0099673001076466608 0.0077428562427813048 -0.013079017860619721 0.025806616938011496 0.022111516308893891 -0.035282101986667092 -0.026080759081357954 0.028415112533691434 -0.025712053631872678 -0.024343448117267779 -0.0053989897370383955 -0.038104118711955029 0.0012129082340598758 -0.0071961878105337718 0.013731045892146644 0.026595184076531199 0.042699890477566844 0.016283844196297945 -0.016102775406003054 0.048287801844735891 0.011623407658897481 0.0048021804527104582 -0.013616279105123677 -0.051834214394443689 -0.02722976996792989 0.022682638423516435 -0.014775997561632946 0.0045562318447288303 0.041564623678433693 0.035038722425153823 0.0052068383631575796 -0.0299138658300756 0.027122069269693967 -0.059058141380919152 -0.045650927550145701 -0.0071973339738272595 0.0020535163089524465 0.010340160956273645 0.010572366689772258 -0.025599149379437497 0.027668895144020312 0.0043609307535511918 -0.029631464072981003 -0.042811526340859801
leaf_weight=762.30905704200268 321.73761864472181 23.383141496218741 934.69692639401183 673.32936318044085 251.38630830287002 37.730595190543681 372.85076852038037 365.85932295868406 452.94397515710443 476.54340791900177 151.88096086145379 127.52245680638589 64.918803534004837 629.93099297909066 772.05622638424393 551.83045453554951 118.69785969424993 57.68362760450691 811.6562238195911 65.143360490445048 238.22091914946213 1776.9271542909555 238.05070191249251 224.26629584282637 222.23493778321426 311.0684017429594 442.84782806364819 129.00128863437567 369.01888173189946 171.11142773972824 281.49860004894435 188.78844726341777 228.48450630274601 226.32256537093781 38.761196965351701 627.07849379326217 494.46415228676051 164.37654593260959 374.45174906688044 199.41379135427997 114.44122538925149 317.6968943598913 218.70345900946995 130.47643201379105 277.99758791737258 792.15368854778353 8.1685327929444593 342.76257096463814 120.10010748833884 80.162981818662956 53.890100059565157 17.935751174576581 12.061270909849553 314.67932062037289 7301.0559496287024 23.991256743436679 48.894977587042376 14.539050232386215 194.26438155304641 745.64430323638953 97.770256462623365 80.993571368744597
leaf_count=1765 8672 678 32318 38206 4267 368 16512 95118 5650 19923 3729 13087 2480 38847 59114 22694 2598 2801 7385 531 5790 7757 2285 22202 11018 3340 33644 4770 18328 11292 3346 5476 4182 1996 613 11769 21461 812 8023 4392 2927 38826 31861 991 8393 21005 83 1485 4018 3882 541 468 245 9515 113749 905 542 532 1115 8819 3029 2760
internal_value=0.000272816 -0.00422357 -0.0252299 -0.00167543 -0.0123311 0.0235591 -0.0192288 -0.0428138 0.000951227 0.000297225 0.0138452 -0.0245464 -0.00698744 0.000987927 -0.028434 -0.0061248 0.0097203 -0.0205054 0.00201534 0.0106272 0.0046713 0.030062 0.00890273 -0.0260561 -0.00737212 0.0163135 -0.0205359 -0.00826344 -0.0165687 -0.0269453 0.00106764 0.000509619 -0.0086925 0.0132164 0.00147699 0.0108399 0.000649752 0.0371906 -0.00424231 -0.0116337 0.00577894 -0.0502086 -0.0421465 0.0004507 -0.00547415 -0.000511142 0.00165874 0.03078 0.00245013 -0.0104415 0.018836 -0.00603219 0.0115341 0.00303932 0.00201097 0.00163422 -0.0176986 0.0233151 0.011971 0.00874661 -0.0225159 -0.0307473
internal_weight=26278.9 22029.3 2378.32 19651 3882.46 4249.57 2957.86 1207.59 15768.5 15217.1 1710.33 2084.3 1170.73 14543.8 1711.45 873.568 924.595 305.333 12956.5 1279.4 1049.88 2539.24 1329.84 281.95 1587.32 676.896 939.389 247.699 811.867 236.03 11677.1 11169.3 1058.68 507.821 10110.6 815.867 9294.73 229.52 1365.09 675.957 365.828 902.26 536.4 9255.97 1564.62 1070.15 7691.35 380.493 428.748 200.263 551.37 83.8871 65.9514 689.131 7585.41 7454.94 153.88 467.483 1177.96 983.695 105.939 104.985
internal_count=814930 787607 237576 550031 189953 27323 172051 191486 360078 352642 17801 140685 46090 314436 124173 31366 17902 25681 261565 14518 13175 9522 15948 25003 52871 10534 65059 7368 51972 13772 247047 241705 50929 5342 190776 17245 173531 1343 41853 24315 7194 165805 70687 172918 50859 29398 122059 1853 12082 7900 7436 1254 786 17538 118947 117956 4207 6182 12219 11104 3112 3665
cat_boundaries=0 1 2 3 4 5 6 7 8 9 10
cat_threshold=1572992 575492 185502336 224 8651 1315842 209057 45126 37058 35685009
is_linear=0
shrinkage=0.05


Tree=13
num_leaves=63
num_cat=8
split_feature=1 26 33 10 48 13 36 14 14 24 12 27 7 29 46 33 43 14 46 16 49 47 46 48 1 29 16 22 5 31 46 6 35 21 22 28 34 20 21 34 33 20 49 34 20 48 20 37 12 47 20 34 27 36 29 46 6 29 16 23 26 25
split_gain=938.737 355.487 262.277 311.858 88.2022 77.6662 74.8522 69.0566 66.9157 107.758 66.4824 78.6995 58.5812 54.4098 51.374 49.7247 44.3875 42.4208 55.7226 41.5699 40.9224 40.8546 36.5282 36.3328 36.0348 38.0944 36.9285 34.2635 33.6912 33.2295 32.5099 31.0683 30.9258 37.9447 30.6846 38.1893 29.5324 28.6152 42.322 33.5619 49.3845 28.5225 28.1589 28.0594 27.9892 26.4376 26.05 26.6925 25.9117 25.6542 25.0328 34.7539 30.009 23.6321 24.3463 29.0414 23.4757 23.2759 23.043 22.9133 22.8867 23.9647
threshold=9.5000000000000018 1.5000000000000002 6.5000000000000009 7.5000000000000009 0.6311357617378236 1.5000000000000002 3.5000000000000004 1.0000000180025095e-35 1.0000000180025095e-35 1.0000000180025095e-35 4.5000000000000009 201.50000000000003 0.62778198719024669 1.6398198008537295 0 2.5000000000000004 1 1.0000000180025095e-35 2 0.74133810400962841 5.0981597900390634 3 4 0.95565089583396923 24.500000000000004 1.5661138296127322 0.36939570307731634 30.63950347900391 0.13480823487043384 11.500000000000002 5 6.5000000000000009 0.56385868787765514 0.77405327558517467 37.254066467285163 49.500000000000007 0.024817796424031261 0.013244641013443472 0.3340220451354981 0.017921375110745433 29.500000000000004 0.013245313428342344 29.833333015441898 0.022041162475943569 0.020920197479426864 0.55111020803451549 0.025039676576852802 28.500000000000004 4.5000000000000009 6 0.033225961029529578 0.034867091104388244 10.500000000000002 10.500000000000002 0.42388592660427099 7 14.500000000000002 1.0165390968322756 0.19756097346544269 2.5000000000000004 87.500000000000014 108.50000000000001
decision_type=8 2 8 8 8 2 2 2 2 2 8 2 10 2 9 10 9 2 9 10 2 9 9 10 8 2 10 2 10 10 9 8 10 2 2 2 10 2 2 10 10 2 2 10 2 10 2 2 10 9 2 10 2 2 2 9 8 2 10 2 2 2
left_child=6 7 3 14 17 12 -1 -2 9 10 11 -6 15 21 32 29 -12 31 41 42 56 22 34 -23 -17 -26 -27 -20 49 -5 -9 57 -3 -34 35 -10 -15 -24 39 -39 -41 43 60 -19 -32 -16 -28 -48 -7 -21 51 52 -40 -8 -55 -56 -11 -4 -31 -14 -18 -62
right_child=1 2 4 5 8 48 53 30 13 20 16 -13 59 36 45 24 19 18 27 28 -22 23 37 -25 25 26 46 -29 -30 58 44 -33 33 -35 -36 -37 -38 38 50 40 -42 -43 -44 -45 -46 -47 47 -49 -50 -51 -52 -53 -54 54 55 -57 -58 -59 -60 -61 61 -63
leaf_value=0.037567011318924017 -0.06024172979941133 0.035013255345227111 -0.0140866871604693 -0.034086176799317067 0.027841162963429051 0.00017519389086260821 0.024288844220329418 0.025640674745344594 -0.059396957898097624 0.025509700635020095 -0.026228525286348128 0.0035170745698276627 0.032890410583906508 0.0073819899146896663 -0.042897351141280113 0.012962894083143734 -0.0085737299225453305 -0.030301169980061517 -0.033702337729710916 0.0033395393103187337 -0.035097912109063746 -0.035138520094775902 0.028304831500239287 -0.00020851503636344027 -0.024807901180035737 -0.025565614145656695 -0.022034932903390148 0.019666063155751458 0.01759047614526529 -0.043438700425209795 -0.056207687376107755 -0.020969655337610384 -0.0093719035659442628 0.025517237829050732 0.01392817346621324 -0.0011155700988029938 0.032261670786198147 0.012374457009163486 -0.037389116033605667 -0.05348650495647185 0.0078372589027694596 -0.048717805144944455 -0.027160082520239572 0.010985477124596304 -0.013085155346330136 0.0021231885580476244 0.023689754704914391 -0.0058774253644055686 -0.018185777873704564 -0.026503375558792466 0.021083952653058693 -0.04541023597473335 0.010091218035648952 0.03428089201918303 -0.013615537903691896 0.013978780673168309 -0.018773683266598316 0.027677761687473754 -0.012515752121259325 -0.041226093849607737 0.00032779151925636926 -0.0078084226123693208
leaf_weight=889.73261884693056 303.40093849302502 251.48162460746244 66.850434771738946 745.18940325500444 432.02360737370327 553.66543710767291 1452.9479940582532 23.451689061475918 50.511091697961092 47.541571362409741 156.06108950986527 1398.7340834758943 7.1620790669694534 195.31784092704765 30.901293048635125 116.07983921794221 1123.8596118411515 70.937883210368454 29.143563203746453 2172.6856499848654 295.03794919024222 102.45604250230826 188.37467933027074 242.5376559139695 574.86189122404903 166.34224549867213 80.353979263920337 273.65456637274474 430.63272288173903 67.003597365692258 57.813436889788136 857.27471469662851 128.33545589807909 185.58328553265892 58.38480004388839 57.332486390136182 316.94592546857893 78.119411839870736 29.926651493413374 74.229005283210427 54.120861653937027 56.011946833343245 107.46230138139799 85.726487503619865 104.57085979636759 351.79956576763652 150.68080760654993 146.62892539333552 289.2071204863023 59.633408435503952 421.61268145265058 26.604054387891665 771.36871934356168 118.45963463140652 101.27538163983263 633.55312433117069 64.537535418232437 57.573521889280528 428.91408671229146 457.95584846532438 5977.4911580246408 1061.4442881041905
leaf_count=2412 87130 2501 3802 48145 3385 17391 6302 675 2511 2296 15923 17913 209 1850 1337 2025 42837 2545 986 57438 40513 4529 1850 6315 40342 11233 5334 5443 10537 6897 5268 58037 2828 2527 1276 1146 2137 1354 1210 2743 1221 2552 4150 2075 5200 7292 3799 6064 12983 2639 5126 758 11592 738 929 4074 8794 1143 28489 46662 110181 16551
internal_value=-0.000126587 -0.0036983 -0.00276495 -0.0132013 6.13697e-05 -0.0196218 0.0252234 -0.0456401 0.00114894 -0.00029903 0.000503609 0.00931729 -0.0234526 0.00836927 0.0123925 -0.0203178 -0.000955009 -0.0115228 0.000101099 -0.00055794 -0.0254682 0.00486188 0.0078506 -0.010632 -0.0131296 -0.0158822 -0.00631029 0.0136229 0.00486921 -0.027389 -0.0208473 -0.0175959 0.0216985 0.0113306 -0.0137059 -0.0298353 0.0229385 0.0101339 0.00776354 -0.0129843 -0.028304 -0.0187841 -0.002308 -0.00806815 -0.0279864 -0.0019676 0.00239396 0.00925161 -0.00619493 0.00238134 0.01123 0.00611536 0.00809707 0.0203904 0.0136494 0.0101143 0.000297612 0.00556126 -0.0170856 -0.0397471 -0.00196439 -0.00090379
internal_weight=25909.5 22713.5 22224.3 4732.15 17492.2 3784.05 3195.97 489.237 15995 13327.1 12920 1830.76 2941.17 2667.84 948.101 2476.05 11089.3 1497.17 515.474 10933.2 407.117 2155.58 1810.58 344.994 1234.95 1118.87 544.006 302.798 2662.95 1241.11 185.836 981.699 565.4 313.919 166.228 107.844 512.264 1644.36 1455.98 206.469 128.35 212.676 8270.26 156.664 162.384 382.701 377.664 297.31 842.873 2232.32 1249.51 827.899 801.295 2306.24 853.288 734.829 112.079 124.424 495.918 465.118 8162.8 7038.94
internal_count=814144 799689 701416 246058 455358 229573 14455 98273 378775 333157 281554 21298 199199 45618 16485 152328 260256 76583 13601 244333 51603 41631 30787 10844 68797 66772 26430 6429 70614 83531 11143 62982 7856 5355 4933 3657 3987 25854 24004 5318 3964 7172 173719 4620 10468 8629 15197 9863 30374 60077 18686 13560 12802 12043 5741 5003 11090 4945 35386 46871 169569 126732
cat_boundaries=0 1 2 3 4 5 6 7 8
cat_threshold=82946 34817 232292 321007490 586512 784 39886993 73760
is_linear=0
shrinkage=0.05


Tree=14
num_leaves=63
num_cat=12
split_feature=2 25 15 10 33 1 1 13 1 10 36 29 46 15 45 5 49 5 17 49 1 3 29 25 45 29 12 18 49 46 5 36 16 45 45 16 46 45 20 11 29 49 32 49 11 45 7 17 45 33 34 46 45 20 33 21 12 49 11 18 21 25
split_gain=868.997 359.216 178.746 146.288 178.028 104.518 88.8388 84.8093 80.9232 72.4214 55.7375 52.062 51.3502 49.5235 43.5983 43.1001 41.5021 40.8217 39.9688 38.7473 34.7172 34.238 43.0433 34.2331 33.6978 33.3778 32.9448 32.7933 31.7464 31.6083 30.9352 30.0562 29.757 32.5903 27.9604 27.3941 27.3429 27.1502 26.6796 40.4978 36.6467 34.6076 31.7623 29.7206 37.0326 26.6873 26.679 32.1693 26.4224 30.516 29.8922 26.582 26.1511 25.7017 25.2632 25.0561 24.849 38.5307 24.6572 23.9226 23.8555 23.84
threshold=5.5000000000000009 9.5000000000000018 0.024540800601243976 4.5000000000000009 9.5000000000000018 23.500000000000004 6.5000000000000009 1.5000000000000002 6.5000000000000009 5.5000000000000009 5.5000000000000009 0.97726097702980053 0 0.020942983217537407 1 0.13480823487043384 7.1507682800292978 0.47704295814037329 0.48912529647350317 6.2590656280517587 16.500000000000004 0.72341638803482067 1.4123044013977053 8.5000000000000018 2 1.0860621929168703 4.5000000000000009 0.64809083938598644 20.666666984558109 3 0.36614233255386358 1.5000000000000002 0.91366460919380199 4 5 0.42163743078708654 6 7 0.024481002241373066 8.5000000000000018 3.6772093772888188 2.1174163818359379 2.5000000000000004 15.826377868652346 25.500000000000004 8 0.6166779398918153 0.052911534905433662 9 12.500000000000002 0.031052083708345894 10 11 0.032852914184331901 4.5000000000000009 0.41396726667881018 2.5000000000000004 14.296585083007814 22.500000000000004 0.56873315572738659 0.6743740737438203 68.500000000000014
decision_type=8 2 10 8 8 8 10 2 8 8 2 2 9 10 9 10 2 8 10 2 8 8 2 2 9 2 10 8 2 9 8 2 10 9 9 10 9 9 2 8 2 2 10 2 10 9 10 10 9 10 10 9 9 2 10 2 10 2 10 10 2 2
left_child=6 2 17 21 5 32 10 13 -4 18 31 27 23 14 35 38 -9 -2 55 30 -21 -3 -23 34 -22 -19 -18 52 54 46 36 -1 33 -5 -8 -7 -11 -20 39 -13 45 -42 43 -41 -45 -40 47 -15 49 -14 51 -50 -6 -49 -16 -10 -47 -58 -12 -52 -53 -59
right_child=1 3 8 4 11 7 12 16 9 19 58 15 48 29 28 -17 26 25 37 20 24 22 -24 -25 -26 -27 -28 -29 -30 -31 -32 -33 -34 -35 -36 -37 -38 -39 40 42 41 -43 -44 44 -46 56 -48 53 50 -51 59 60 -54 -55 -56 -57 57 61 -60 -61 -62 -63
leaf_value=0.053465792008696639 -0.019183760136824622 0.024959443988649726 0.019460242634067738 -0.018071971443582795 0.015842366523438525 -0.03182936231042393 -0.014784582420082 -0.0190936317901097 -0.048809297639584907 0.026870823855672649 0.019510106212878492 -0.036729725091025622 -0.011472170454462225 -0.024734702234667224 -0.038602419341505323 0.014249763859928266 0.010549689872512365 -0.05657895550633632 0.026493832161399902 0.0056854376823946328 -0.0045694980589328516 -0.0025385944514293782 0.018331894685612079 0.025405578115359241 -0.03205660733854785 -0.023874774135384372 -0.010779987297806534 0.00061508978306008507 -0.060921710156430692 -0.022122722478890376 -0.015877381740986334 0.03080297003629966 0.042545151114022052 0.017023981461047607 0.014323650063887984 -0.0089148928863825548 -0.02153461115212317 -0.0064666616727470511 0.010652696432143742 0.0017553595358039038 -0.033452370624299149 0.014561873521336914 -0.025482407625693856 -0.0050587523293537748 -0.043512771422510726 -0.0022256690597740069 -0.025771614324470594 -0.0052050635736440509 0.014165357959987915 0.019775851996851179 -0.070753634808236959 -0.052043334430737748 -0.017927675238129159 0.017120046528054041 -0.018553639012311187 -0.0052192976989881117 -0.00026530744687314304 -0.020760377902898985 -0.039082975757962338 0.010676672459838055 -0.0023532896805179642 0.015794754830639478
leaf_weight=177.69698131177574 147.34817570843734 448.3575859987177 165.11289271875285 83.045772458892316 52.98274325649254 179.34257646417245 101.92657526582479 279.98142246087082 39.147127443458885 78.033453406649642 1074.7444664365612 91.93110548495315 119.04300945438445 113.44315134105273 379.05163916712627 564.47201899904758 516.06029009865597 405.74433298030635 153.82732500042766 77.409446277655661 146.94520769576775 475.27171158744022 507.06344547285698 646.97158898413181 920.62677461199928 109.52942551416345 272.67239904380403 489.34991775080562 97.894807829521596 461.63718256936409 462.72129433759255 1139.4088936401531 67.373479404952377 195.70708452630788 278.86825783830136 468.5174297200283 30.857579373754561 96.142836256884038 570.29410202940926 1343.1605911772931 35.026247242465615 688.01626039505936 146.2414162075147 246.73910686047748 79.661685595288873 5649.5097283241339 128.86240966524929 305.78759476472624 86.538072290597484 208.72463317541406 29.672656622715294 37.44780785869807 771.41135573177598 215.79148725699633 294.48635518481024 136.09426659019664 1724.7532148433384 43.490472289733589 13.777366649359463 10.586717815604059 57.208454033825547 677.7774342095945
leaf_count=343 13673 3185 1391 1093 1634 10097 2014 12351 1990 3318 4723 6871 1734 7073 34114 11024 12204 94001 2195 1432 10795 8364 4895 3869 95015 11222 10694 13763 8980 29821 39873 3246 372 1898 4470 17175 2486 2787 11131 36999 583 6551 7996 7178 3921 112289 10641 16613 1178 2888 804 1072 41548 7365 18703 3900 19025 873 98 81 794 6049
internal_value=-0.000384571 -0.00433688 -0.0204742 -0.0017647 -0.00304132 -0.012189 0.021064 -0.0146398 -0.0138435 -0.0164502 0.0271097 -0.000219006 0.0117851 -0.0194357 -0.0257947 0.000828496 -0.00273593 -0.0432827 0.00200589 -0.0210144 -0.0263174 0.0135708 0.00827265 0.0182632 -0.0286536 -0.0499234 0.00315436 -0.00964361 -0.0338877 -0.0119963 -0.0102562 0.0340512 0.013939 0.00639709 0.00642973 -0.0152202 0.013279 0.0147239 0.00015185 -0.00523078 0.00124775 0.0120222 -0.00353956 -0.00154718 -0.0149588 0.000342366 -0.00541443 -0.00119897 -0.000709748 0.00817914 -0.0135502 -0.00492602 -0.0157 0.0041063 -0.0300379 -0.0160407 -0.000402731 0.00380197 0.0185932 -0.0505266 -0.0214809 0.0134628
internal_weight=25617.3 21634.7 2969.54 18665.2 17234.5 4059.66 3982.62 3713.53 2306.92 2141.81 2405.63 13174.8 1576.99 2644.81 1419.29 11861.1 1068.71 662.622 425.212 1716.59 1144.98 1430.69 982.335 1027.77 1067.57 515.274 788.733 1313.74 771.433 1225.52 571.612 1317.11 346.126 278.753 380.795 647.86 108.891 249.97 11296.6 1907.73 9388.87 723.043 1815.8 1669.56 326.401 8665.82 763.885 635.022 549.221 327.768 221.454 181.194 824.394 521.579 673.538 175.241 8095.53 2446.02 1088.52 40.2594 94.6563 721.268
internal_count=814465 787151 284078 503073 486629 199194 27314 195831 165182 163791 8410 287435 18904 160582 89069 230490 35249 118896 10872 152919 107242 16444 13259 10353 105810 105223 22898 56945 61797 71513 45677 3589 3363 2991 6484 27272 5804 4982 219466 62965 156501 7134 56094 48098 11099 149367 41692 31051 8551 4622 3929 3044 43182 23978 52817 5890 138236 25947 4821 885 1866 6922
cat_boundaries=0 1 2 3 4 5 6 7 8 9 10 11 12
cat_threshold=6662 591745 1312000 529955 3524 163850 32839 197034 787488 1306666 17473 155652
is_linear=0
shrinkage=0.05


Tree=15
num_leaves=63
num_cat=11
split_feature=1 29 33 14 14 1 5 36 46 5 25 13 8 29 35 16 20 23 16 35 32 21 29 45 6 32 37 19 47 45 19 46 3 33 37 6 45 47 36 5 29 6 35 11 27 16 15 46 47 18 36 18 37 29 26 26 37 27 45 46 24 37
split_gain=914.363 349.244 164.552 200.484 152.921 91.5667 88.6716 70.4162 67.1094 66.3336 63.3075 53.7632 62.6026 54.3728 49.1136 45.8214 50.5351 44.2024 43.3403 41.8325 39.5666 38.0632 48.0854 32.5213 31.5445 30.8106 30.6304 30.1916 34.2488 29.8652 29.4384 28.9194 28.4406 37.5957 29.2604 34.1326 26.9086 26.7213 26.7088 26.1431 26.3859 25.8132 30.1012 25.4178 24.8313 24.0568 31.4474 23.8528 23.6344 23.5867 23.5551 23.4592 23.0277 22.792 22.6292 31.9571 26.9316 21.8029 26.99 32.7513 21.5252 21.3298
threshold=32.500000000000007 0.57359308004379284 5.5000000000000009 1.0000000180025095e-35 1.0000000180025095e-35 6.5000000000000009 0.10021013766527177 5.5000000000000009 0 0.19003626704216006 67.500000000000014 1.5000000000000002 6.5000000000000009 3.7018518447875981 0.98076212406158458 0.14354395866394046 0.033118095248937614 24.500000000000004 0.35067567229270941 0.25403225421905523 1.5000000000000002 0.19069264084100726 1.4381744861602785 1 3.5000000000000004 1.5000000000000002 31.500000000000004 75.500000000000014 2 3 655.00000000000011 4 0.21320323646068576 12.500000000000002 20.500000000000004 15.500000000000002 5 6 1.5000000000000002 0.15274555236101153 0.7427366077899934 14.500000000000002 0.80277779698371898 11.500000000000002 155.50000000000003 0.24357284605503085 0.11787864938378335 7 8 0.19900990277528766 1.5000000000000002 0.63762626051902782 36.500000000000007 3.5651031732559209 238.50000000000003 149.50000000000003 52.500000000000007 215.50000000000003 9 10 1.0000000180025095e-35 22.500000000000004
decision_type=8 2 8 2 2 10 10 2 9 10 2 2 10 2 10 10 2 2 8 10 10 2 2 9 10 10 2 2 9 9 2 9 10 10 2 10 9 9 2 10 2 8 10 8 2 10 10 9 9 10 2 10 2 2 2 2 2 2 9 9 2 2
left_child=5 4 3 6 9 7 10 38 21 44 -3 12 18 15 29 54 32 -5 26 47 -7 22 -4 41 -8 -6 -10 28 39 -12 -18 -27 34 -34 43 53 45 -22 -1 40 -25 -20 60 -17 -2 46 -9 -19 -31 -37 -11 -26 -30 -36 55 -13 -56 58 59 -39 -43 -47
right_child=1 2 8 17 25 20 24 36 11 50 14 13 -14 -15 -16 16 30 19 23 -21 37 -23 -24 27 51 31 -28 -29 52 48 -32 -33 33 -35 35 49 -38 57 -40 -41 -42 42 -44 -45 -46 61 -48 -49 -50 -51 -52 -53 -54 -55 56 -57 -58 -59 -60 -61 -62 -63
leaf_value=0.052864512359903672 -0.050301566933472257 -0.038168868673257556 -0.0452557928715146 0.02324784060317445 0.0039959927460018431 0.022534565145221983 0.018258630303661261 0.007054834598238937 -0.0034039556725877183 -0.0029524412888708232 -0.004887302915025751 0.0018475583012653386 -0.021635206512150937 0.030991807532495665 -0.031006878707651109 0.044571590184722898 0.018387641114725326 0.02594742442212913 0.020304821708005391 -0.0089163079780521237 0.034072205958853012 -0.032737699686417931 0.048943713499698088 -0.026761231353392447 -0.014737702563213925 -0.031453513719382729 -0.016707622675192487 -0.00030089371533143671 -0.048007965686071734 0.0069002314627104842 -0.0088981664389543181 -0.0061017667501999974 0.039746154139647293 -8.050231062823129e-05 -0.0080945118711660494 -0.012954892889038089 0.023718385630495366 -0.014630107119439843 0.031111998807691384 0.04223486859780045 0.013152291862710948 -0.0021399817277616617 -0.039938620755547549 0.0021994988622598267 -0.015297765280268251 -0.024861524217146883 -0.065623375893623867 -0.01526835482491196 -0.039096230499179693 0.039949578846222369 -0.03193218164792546 0.019198634573887919 0.0024500672093449249 0.028295660964078203 0.00050801049631201995 -0.012011965455623837 0.024747822445034293 0.027587304555380471 -0.0084765473891105138 0.012804612440912529 -0.046797120806720161 0.015210196547837285
leaf_weight=172.65419013425708 640.1588338437723 649.59575159358792 16.93662480963394 280.71445858723018 276.25698085303884 518.49265080899931 135.39126754086465 37.830317666986957 1145.4548048896249 135.73603541147895 588.66489207278937 806.90607821429148 397.99060892139096 174.20522978389636 489.79783469997346 55.439320188015699 985.52812806633301 158.49430294870399 43.334520156960934 442.09198204043787 65.217555341310799 241.51999452873133 31.190921084955335 39.895796676399186 318.76903237728402 186.67239471594803 693.64550919114845 6971.7590596633963 35.501787736429833 36.61087989853695 106.84405074967071 299.98258525901474 100.58711040345952 134.99491548305377 1015.0519778004382 27.300205061677843 873.22202104399912 121.27621892187744 1120.4503757823259 68.112182449083775 589.98821100319037 199.54511920374352 109.8269075222197 86.741738924058154 60.867950866115279 31.034360949415714 18.673246068414301 36.361429582582787 122.37174972565845 64.780821447260678 142.56868059188128 55.971924870740622 50.154148391506169 40.100838199374266 575.55564074916765 850.83096143207513 138.14271790347993 86.012297966983169 378.82278193812817 578.03868054272607 26.306110464734957 517.47740191710182
leaf_count=332 138592 63028 2080 3958 10284 4189 3162 267 43926 11813 24059 7278 35461 1543 33823 311 10625 2293 2117 13334 657 17100 625 3159 18669 11644 34396 143880 2562 1601 1075 14504 886 1629 21747 654 3873 2752 3244 952 16726 10905 9403 1389 4841 296 211 1159 12188 803 13488 1958 1882 193 4667 12317 651 584 8298 8343 3219 3009
internal_value=-0.000358755 -0.00477301 -0.00281869 -0.0129394 -0.0261722 0.0200203 -0.0205355 0.0256718 -0.000695203 -0.0392021 -0.0255239 -0.000238756 -0.00231403 0.00392783 -0.018759 0.00295269 0.00750769 0.00690758 -0.00153257 -0.000418857 0.0110119 -0.0239357 0.0146545 3.63628e-05 -0.0020144 -0.00929971 -0.00845334 0.00074685 0.0100204 -0.0105825 0.0156905 -0.0168111 0.00161417 0.017397 -0.00132549 -0.00400214 0.0181137 0.00608053 0.0342088 0.0136212 0.0104334 -0.0139776 -0.0190467 0.0196742 -0.0473922 0.00935422 -0.0203461 0.018601 -0.0288224 0.0244051 -0.0180996 -0.00948287 -0.0179749 -0.00658458 -0.00207991 -0.00528055 0.00533937 0.00404734 0.00208804 0.00783953 -0.00824236 0.0127389
internal_weight=25400.5 20881.3 19139 3314.84 1742.24 4519.2 2397.17 2771.34 15824.2 979.332 1887.04 15534.5 10371.5 5163.01 1237.45 4988.8 2617.37 917.662 9973.52 636.948 1747.86 289.648 48.1275 8134.42 510.132 762.912 1839.1 7755.41 783.652 747.648 1092.37 486.655 1525 235.582 1289.41 1147.23 1478.24 1229.37 1293.1 697.996 629.884 379.013 335.678 142.181 701.027 605.015 56.5036 194.856 158.983 92.081 278.305 374.741 85.6559 1055.15 2371.44 1657.74 713.698 1164.15 1078.14 699.315 225.851 548.512
internal_count=814614 778559 573393 179232 205166 36055 158488 11232 394161 168734 134699 374356 308588 65768 71671 64225 39312 20744 273127 16786 24823 19805 2705 194805 23789 36432 78322 169161 25281 37848 11700 26148 27612 2515 25097 23397 7656 20634 3576 20837 19885 25644 23527 1700 143433 3783 478 3452 13789 1457 25301 20627 4444 21940 24913 19595 5318 19977 19393 11095 14124 3305
cat_boundaries=0 1 2 3 4 5 6 7 8 9 10 11
cat_threshold=544512 34825 52748992 235712 92677 271053 133888 103522 32769 996680 65553
is_linear=0
shrinkage=0.05


Tree=16
num_leaves=63
num_cat=10
split_feature=1 25 14 14 33 21 1 48 36 35 26 23 48 31 33 6 29 46 12 23 29 26 49 18 45 5 36 13 35 43 22 23 20 46 47 21 34 36 45 33 18 45 49 11 15 18 34 19 11 22 45 33 17 21 23 35 29 4 46 47 49 35
split_gain=818.632 330.672 204.652 181.51 267.03 81.0174 74.4214 66.6043 65.3506 52.7772 52.5582 50.8407 49.388 45.1347 44.3104 43.9414 44.6128 39.5359 37.873 37.1729 35.3217 33.9263 33.4573 32.8255 32.6663 31.6165 30.6321 30.0244 29.8495 49.5432 31.2016 29.3992 29.3757 28.6398 28.5144 31.2495 27.8581 34.7955 27.5265 29.7711 26.3717 25.8026 41.5055 39.8044 25.9005 25.5003 26.6821 25.4747 34.7185 25.1872 23.8067 24.1195 23.4919 23.1882 31.458 23.8973 23.1704 23.1569 23.0477 27.6997 38.7176 26.9488
threshold=32.500000000000007 6.5000000000000009 1.0000000180025095e-35 1.0000000180025095e-35 10.500000000000002 0.97542423009872448 6.5000000000000009 0.61431849002838146 1.5000000000000002 0.82404541969299328 3.5000000000000004 24.500000000000004 0.64685022830963146 7.5000000000000009 2.5000000000000004 11.500000000000002 3.6113295555114751 0 7.5000000000000009 10.500000000000002 0.7196214795112611 37.500000000000007 20.074350357055668 0.13060200959444049 1 0.18730541318655017 7.5000000000000009 1.5000000000000002 0.65549451112747203 2 43.00793647766114 2.5000000000000004 0.024322351440787319 3 4 0.81503424048423778 0.026273793540894989 1.5000000000000002 5 9.5000000000000018 0.2299679517745972 6 5.6203536987304696 12.500000000000002 0.059114735573530204 0.19082633405923846 0.019228813238441948 222.50000000000003 4.5000000000000009 31.675571441650394 7 53.500000000000007 0.30839161574840551 0.68931040167808544 36.500000000000007 0.45643940567970281 1.1066505908966067 15.500000000000002 8 9 8.0022125244140643 0.17156863212585452
decision_type=8 2 2 2 8 2 10 10 2 10 2 2 8 10 10 8 2 9 8 2 2 2 2 10 9 10 2 2 10 9 2 2 2 9 9 2 10 2 9 10 10 9 2 8 8 10 10 2 8 2 9 10 10 2 2 8 2 8 9 9 2 8
left_child=6 2 10 4 5 7 8 -3 -1 21 -2 32 25 17 -8 -11 45 49 19 -14 38 -9 47 -15 -19 50 -10 56 29 -16 34 -7 -5 -27 -31 -36 -25 -38 57 52 -30 42 44 -44 -20 -17 -47 -23 -49 -13 -6 -52 -40 54 -45 -56 -12 -4 -43 60 -60 -62
right_child=1 3 20 11 12 31 14 9 26 15 27 13 18 23 28 16 -18 24 41 -21 -22 22 -24 36 -26 33 -28 -29 40 30 -32 -33 -34 -35 35 -37 37 -39 39 -41 -42 58 43 53 -46 46 -48 48 -50 -51 51 -53 -54 -55 55 -57 -58 -59 59 -61 61 -63
leaf_value=0.052927233492641751 -0.056390936522995899 -0.03038023442229611 0.0069460218149740606 -0.0049260772545912197 0.00046930674029883727 0.035054866538895828 -0.014258938385419069 -0.02509405164983939 0.02670963968241144 0.0033863877399380841 -0.038219172871114003 0.01515545060056675 0.029923744515930585 -0.01287764769885958 0.02763518267979008 -0.035402504375904295 0.0075496501197502329 -0.01951608379169268 -0.013845813266032415 0.0036319684133813974 0.0058662502784393947 0.011240255079372556 -0.023223211402326929 0.014077720278783529 0.018407327916046601 0.028194319622432823 0.015425419890994147 0.010211878720633311 0.0067812956636339964 0.023271184460498168 0.033373308758913568 -0.032181936137662764 0.027608585547906184 -0.014307409905303343 -0.012327682802475926 -0.061324487806575949 -0.03842066313503955 0.0056258182362158319 -0.041977099710484606 0.0021286744375865678 0.022919708723361954 -0.0060957598078714955 0.001233742909890161 0.043225672792078423 0.016491737743959668 -0.049915491285823163 -0.012759682967940444 0.018558114069612244 -0.011518542983143367 -0.037004043376887112 -0.025748830200606383 0.021060405496790103 -0.0072658261055158595 -0.029429009810644696 0.0079175458802077641 -0.026987412518925658 -0.0067958652852196447 -0.04216538616403135 0.019071853287892574 -0.00084162612819798852 0.018120497201479225 -0.0048632804482058277
leaf_weight=183.64972064271569 349.54566947906278 431.63789741776418 27.543548476649448 79.033814315451309 151.2980691116536 12.714552656747399 153.03037088457495 139.66345637943596 1520.8250162224285 215.58374729647767 468.51894585916307 32.964786329306662 136.45835945266299 385.21618618012872 123.22210695687681 367.94577225297689 113.5248865110334 50.608730073552579 98.635912912664935 2777.0142266838811 308.84008103027008 526.51574765099213 126.2958987574093 364.06099744478706 918.67558097839355 68.632598978001624 1041.2500312197953 38.664055597269908 379.33757323236205 34.559379644226283 35.198314728680998 736.28913450357504 491.96692824712954 63.810846451669931 219.79591834382154 34.170139498775825 62.349596532993019 131.05590260867029 84.486390792764723 291.60625596309546 790.63948231539689 1511.780515100807 283.79700634046458 21.137463562423363 216.58143411413766 51.125989543972537 407.37552522215992 121.46495437505655 394.40764710283838 58.314849521266297 465.20604655286297 25.596672226674855 112.7709690798074 357.28905289445538 72.131912019569427 136.66880927188322 69.736934332060628 131.82856797706336 452.68323843739927 5089.1487464735983 160.59633746789768 549.95120792859234
leaf_count=345 102429 34246 1178 1572 5809 352 4970 11893 4899 7365 73798 659 987 12459 980 25392 3854 1364 5345 31902 9395 16516 6377 6681 10348 2335 6109 2312 6300 406 364 56818 4687 3247 3982 850 1556 3431 5482 13631 6934 36422 6791 450 7819 4069 24212 2422 18464 1875 30092 879 4210 23959 3505 6285 7212 10383 7059 103429 3894 12361
internal_value=-0.000121776 -0.00432301 -0.0242704 -0.00232467 -0.00427566 -0.0161893 0.0191582 -0.0123592 0.0243128 -0.00914711 -0.0409598 0.0100004 -0.000835077 0.00621776 0.0111159 -0.0169098 -0.021558 0.0132686 -3.40205e-05 0.00491255 -0.00798588 -0.0022527 0.00057223 -0.0017429 0.01616 -0.0130261 0.0221626 -0.0312062 0.013554 0.00252541 -0.00790746 -0.0308157 0.0231017 0.00895194 -0.0136956 -0.019234 0.00599742 -0.00918417 -0.0145799 -0.00790036 0.0177383 -0.00164604 -0.00846536 -0.0141415 0.00693073 -0.0255778 -0.0173966 0.00355239 -0.00432667 -0.016631 -0.0175936 -0.0226627 -0.022803 -0.0215197 -0.00886518 -0.015026 -0.034248 -0.0317905 -0.000587724 0.000755481 0.0076646 0.000421781
internal_weight=25256.4 20740.8 1883.54 18857.2 16283 3644.55 4515.68 2895.54 2745.72 2463.9 926.466 2574.25 12638.4 2003.25 1769.95 1155.56 939.972 1060.56 11863.9 2913.47 957.076 1308.35 1168.68 942.683 969.284 774.544 2562.08 576.92 1616.92 446.946 323.724 749.004 571.001 132.443 288.525 253.966 557.466 193.405 648.236 488.864 1169.98 8950.4 1186.24 871.024 315.217 826.447 458.502 1042.39 515.873 91.2796 642.101 490.803 197.257 587.227 229.938 208.801 538.256 159.372 7764.16 6252.38 1163.23 710.548
internal_count=815351 779212 230030 549182 504550 211980 36139 154810 11353 120564 185751 44632 292570 38373 24786 64892 57527 14246 250208 32889 44279 55672 43779 24127 11712 42362 11008 83322 19816 6582 5602 57170 6259 5582 5238 4832 11668 4987 34884 23323 13234 217319 54154 40990 13164 53673 28281 37402 20886 2534 36780 30971 9692 34199 10240 9790 81010 11561 163165 126743 23314 16255
cat_boundaries=0 1 2 3 4 5 6 7 8 9 10
cat_threshold=47392 34945 339968 73829 67267360 629381 575532 553349 19556 4227713
is_linear=0
shrinkage=0.05


Tree=17
num_leaves=63
num_cat=13
split_feature=1 33 9 14 25 45 25 31 48 25 17 46 29 19 7 45 25 5 36 46 47 45 21 13 43 43 21 22 29 45 35 23 36 21 1 46 35 21 35 16 47 29 13 17 22 20 21 30 15 37 21 33 48 37 43 16 34 21 9 3 48 46
split_gain=772.152 269.5 235.016 115.971 206.791 101.2 65.9107 60.0439 53.5804 51.0427 50.4523 47.6436 45.1395 38.1725 44.3659 34.6901 33.8947 34.4045 31.7776 30.7619 42.2666 31.6233 46.7997 30.3836 30.2513 28.6273 28.0234 30.9879 27.6964 26.8208 26.7417 30.1536 25.7655 32.3465 24.9572 25.7867 24.5932 23.6095 23.327 23.1412 22.8988 22.6674 48.0935 23.4063 22.5229 22.2452 22.1661 22.1592 28.4701 38.9246 27.6045 23.3766 22.2782 21.9894 21.9855 21.8506 21.5396 21.3507 20.7474 21.1261 24.3234 20.4499
threshold=15.500000000000002 6.5000000000000009 11.500000000000002 1.0000000180025095e-35 5.5000000000000009 0 37.500000000000007 2.5000000000000004 1.0814917087554934 26.500000000000004 0.026455767452716831 1 1.603030323982239 105.50000000000001 0.98711824417114269 2 44.500000000000007 0.1742086932063103 5.5000000000000009 3 4 5 0.49935065209865576 1.5000000000000002 6 7 0.99711209535598766 43.267791748046882 1.2785964608192446 8 0.55718955397605907 14.500000000000002 6.5000000000000009 0.35495558381080633 1.5000000000000002 9 0.81365740299224865 0.94986033439636242 0.40212766826152807 0.2736185491085053 10 3.7905281782150273 1.5000000000000002 0.090615838766098036 29.022649765014652 0.024322351440787319 0.95437195897102367 14.500000000000002 1.0000000180025095e-35 30.500000000000004 0.70018726587295543 32.500000000000007 0.76545280218124401 26.500000000000004 11 0.68790584802627575 0.02540772128850222 0.42453952133655554 76.500000000000014 0.10427295044064523 1.731389105319977 12
decision_type=8 8 2 2 2 9 2 10 10 2 10 9 2 2 8 9 2 10 2 9 9 9 2 2 9 9 2 2 2 9 10 2 2 2 10 9 10 2 10 10 9 2 2 10 2 2 2 2 10 2 2 10 10 2 9 10 10 2 2 10 10 9
left_child=7 2 5 4 -3 16 19 -1 24 11 -7 13 23 14 -6 30 -2 36 26 21 -21 22 54 -12 28 -15 29 -28 -9 38 46 -32 33 55 61 -36 37 -18 -11 -14 -24 47 43 -43 -37 -20 -4 -31 49 -49 -50 -52 -51 -48 -5 -10 -25 -33 -8 60 -60 -26
right_child=1 3 15 6 9 10 58 8 32 18 12 -13 39 25 -16 -17 17 -19 45 20 -22 -23 40 56 34 -27 27 -29 -30 41 31 57 -34 -35 35 44 -38 -39 -40 -41 -42 42 -44 -45 -46 -47 53 48 50 52 51 -53 -54 -55 -56 -57 -58 -59 59 -61 -62 -63
leaf_value=0.040694288318333889 -0.022440777510804026 -0.037937058345297064 0.029560361873012132 -0.0012723190952483312 -0.0084879146900750987 -0.041058317472388063 0.032803198155690383 0.011329276239683404 0.018200657431090634 -0.0045274037333941477 -0.032078410711685289 -0.023598711934148114 -0.030669861328870587 -0.00028195447341941083 0.023989941054478461 -0.008068735287096316 0.0012630177826427375 0.016240964266757522 -0.050537845139941098 0.015480028442478226 -0.0075668155655010038 0.016284684871426206 0.012423283683337682 0.0079430605877311364 0.02382870168796538 -0.029805762861180904 -0.0075358669954077688 -0.053171327781378092 0.037268370336770912 0.0005560928237845228 0.028880337145022424 -0.035378200900161125 0.017957366991462588 0.032676168575766155 -0.0094387798106622591 -0.043134133146712654 -0.018072368096446332 -0.029346532367062902 -0.034716534272003621 0.0017357681240252791 -0.019455290658838886 -0.011030131238064471 0.034783131867783236 0.045424096216523518 0.010924745837444334 -0.011276157458223274 0.021729905323398566 -0.0054174898786319529 -0.026655207273159367 0.00097540128191960407 0.018131065786454979 -0.039433612785008766 -0.054414033474874279 -0.059996505905439527 -0.043833421514662019 -0.038156808183357781 -0.030895570259644463 0.002482220489557221 0.0073186431099531981 0.030077120885438124 -0.065605111306151806 -0.0072961966484640988
leaf_weight=339.54339242214337 507.00915827939752 405.60737030825112 254.48175240680575 63.869942059158348 222.58097488270141 592.71464883279987 279.74885693425313 222.20809548092075 38.715990122407675 179.18817158637103 819.11433905421291 481.95689137745649 67.251378479180858 163.93774125515483 191.17409319337457 252.69512386620045 481.11895200458821 136.26317708007991 39.953383240615949 247.02895973483101 814.65086082275957 716.99076530104503 377.75690038828179 90.672523064771667 285.76315884687938 162.14502810605336 693.83745154272765 34.558817496756092 197.52995389094576 10221.110762487166 94.364333075471222 38.339302034815773 830.32783570652828 889.97373657673597 273.96684828773141 15.12373473215848 497.39506406511646 67.426962923724204 96.124616045155562 229.96404507453553 52.889933145372197 150.60592409595847 140.04305264819413 15.855938195250927 540.33036550297402 209.31930345704313 13.677741599269213 170.46315725380555 55.165189404506236 22.461628568824381 163.93221275066026 14.972999970428644 85.978538716444746 10.372587716206906 59.342569506261498 23.427952480502427 52.329302038764581 260.92130003566854 175.13092633616179 111.84681576071307 7.2177617186680427 61.880991528742015
leaf_count=754 40109 105237 3135 1687 18698 64610 1624 1416 235 10237 79791 39255 6210 9702 5778 7703 14905 3599 3719 5069 27626 12344 6990 3212 1307 13130 30197 3893 638 175468 908 1542 4875 3027 3122 262 27717 4995 8881 13621 2525 1142 537 70 4303 8798 172 4700 2319 1041 3901 571 3326 415 2915 285 2903 5873 1694 505 108 381
internal_value=-0.000310185 -0.00398273 -0.0148941 -0.00108324 -0.00298029 -0.0207496 0.0079925 0.0206957 0.0186291 -0.00191757 -0.0288139 -0.0116429 -0.0231392 -0.003386 0.00662563 0.00751782 -0.0116104 -0.00698845 -0.000946683 0.00423443 -0.00206338 0.00942545 0.000350658 -0.0283808 0.0119178 -0.0160999 -0.000577154 -0.0100488 0.0232831 3.66968e-05 0.0133163 0.00500843 0.0245913 0.0302526 0.00752303 0.0028308 -0.0100776 -0.00273058 -0.0149652 -0.00598281 0.00816834 0.000430554 0.0137271 -0.00448491 0.00892197 -0.018439 0.0252315 4.50664e-05 -0.0100443 -0.0206912 0.00280921 0.0123722 -0.0434037 -0.0177773 -0.026199 -0.00430508 -0.00683295 -0.00286988 0.023097 0.0134734 0.00275831 0.0187324
internal_weight=25012.4 21293.6 4466.11 16827.4 13921 3541.26 2906.47 3718.79 3379.25 13515.4 1852.05 1221.79 1259.33 739.838 413.755 924.852 1689.21 1182.2 12293.6 2332.53 1061.68 1270.85 553.859 962.116 1596.8 326.083 12044.3 728.396 419.738 11315.9 672.157 393.625 1782.45 952.118 1177.07 829.421 1045.94 548.546 275.313 297.215 430.647 11040.6 306.505 166.462 555.454 249.273 278.532 10734.1 512.974 278.903 234.07 178.905 108.44 24.0503 123.213 62.1439 143.002 299.261 573.944 294.196 182.349 347.644
internal_count=815712 795107 281420 513687 450600 261672 63087 20605 19851 345363 170347 86563 105737 47308 24476 19748 91325 51216 258800 59156 32695 26461 14117 85906 11429 22832 246283 34090 2054 212193 12045 8323 8422 3547 9375 7687 47617 19900 19118 19831 9515 193075 1749 1212 4565 12517 3722 191326 15858 9067 6791 4472 4367 587 4602 520 6115 7415 3931 2307 1802 1688
cat_boundaries=0 1 2 3 4 5 6 7 8 9 10 11 12 13
cat_threshold=1507456 676562 459467 5251 270933154 760392 4160 4257 563200 200977 100698512 128 77975
is_linear=0
shrinkage=0.05


Tree=18
num_leaves=63
num_cat=14
split_feature=1 33 10 27 45 28 14 25 48 31 7 25 10 49 48 48 6 29 16 47 46 47 10 7 36 46 18 1 19 45 6 21 45 29 0 18 31 21 14 5 22 19 47 33 15 34 45 32 7 45 11 12 36 45 17 48 45 34 21 25 46 45
split_gain=783.331 259.704 237.259 116.71 99.6429 83.5633 81.6083 61.9263 61.1633 60.2348 47.6539 46.8701 42.3718 41.3026 37.9051 35.8394 35.4004 37.4337 49.3216 33.3308 31.3462 29.0421 28.9406 28.2642 27.7824 27.458 33.4634 27.4175 29.1527 40.3961 26.9744 37.7407 26.9462 26.4603 30.4896 25.7307 25.1419 24.2986 33.9835 24.2351 23.7327 22.7989 22.117 21.9904 30.5673 21.7622 21.4157 21.9416 21.3756 20.9657 20.8663 28.578 24.2272 20.8411 20.7445 23.4025 20.6396 20.6426 20.5589 20.5565 27.0854 20.4575
threshold=15.500000000000002 6.5000000000000009 7.5000000000000009 1.5000000000000002 0 3.5000000000000004 1.0000000180025095e-35 5.5000000000000009 0.67742872238159191 7.5000000000000009 0.81943064928054821 41.500000000000007 2.5000000000000004 5.2822303771972665 0.32269708812236791 1.6124041676521303 4.5000000000000009 1.0860621929168703 0.24357284605503085 1 2 3 8.5000000000000018 0.83423346281051647 9.5000000000000018 4 0.19900990277528766 10.500000000000002 34.500000000000007 5 8.5000000000000018 0.94721361994743358 6 1.7096179127693178 1.5000000000000002 0.27622890472412115 1.5000000000000002 0.67083400487899791 1.5000000000000002 0.46814665198326116 38.80217361450196 23.500000000000004 7 3.5000000000000004 0.020942983217537407 0.021177966147661213 8 4.5000000000000009 0.95331859588623058 9 1.5000000000000002 1.5000000000000002 2.5000000000000004 10 0.038585608825087554 0.67170861363410961 11 0.034867091104388244 0.66742426156997692 4.5000000000000009 12 13
decision_type=8 8 8 2 9 2 2 2 10 10 8 2 10 2 8 10 8 2 10 9 9 9 10 8 2 9 8 10 2 9 8 2 9 2 2 10 10 2 2 10 2 2 9 10 10 10 9 10 8 9 8 8 2 9 10 10 9 10 2 2 9 9
left_child=9 2 12 -3 13 -4 7 -6 42 36 -9 21 24 48 45 27 49 22 -19 -16 58 33 -18 -20 -2 26 -21 28 29 41 31 61 -29 34 -8 46 -1 38 40 -22 53 -11 -7 44 -25 -12 47 -14 -5 -10 51 -32 -52 -30 -54 -56 57 -45 -15 60 -38 -27
right_child=1 3 5 4 6 8 11 10 16 15 14 -13 35 20 19 -17 17 18 23 25 39 -23 -24 43 -26 30 -28 32 37 -31 50 -33 -34 -35 -36 -37 59 -39 -40 -41 -42 -43 -44 56 -46 -47 -48 -49 -50 -51 52 -53 54 -55 55 -57 -58 -59 -60 -61 -62 -63
leaf_value=0.051982470124037776 0.024515218183535983 -0.048899134434324726 -0.051709030783267496 -0.038635460078648563 -0.027869187981996498 0.015201061978760564 0.0029887748343817894 -0.0217536897946672 -0.011679110060338622 0.02096162022997922 0.032192852166509342 0.022254240076606285 0.010372125450522801 0.02001816578537767 -0.02141908133604729 0.028056207107979337 -0.029026599282566512 -0.028379503723145683 -0.032854354165715575 -0.031668721497344864 -0.032589596655166475 -0.0098939054176204241 0.002247421768110108 -0.020461163935736253 -0.016976370050957073 -0.021014135025610399 0.0044080433497950657 0.0097196757114138884 0.013140661056721167 -0.01877854360474944 0.024038010013233364 0.033213879511769982 -0.024263002153956031 0.023414769591411408 0.026773686033186889 0.017003098713306179 0.033046274724775358 0.023329364588206229 0.023730465487968644 0.01818469809424466 -0.063940120686223775 -0.015419582727440127 -0.032973643675317105 -0.043242898383944024 -0.00053295685961442349 -0.034227746115348505 -0.021129633914066824 -0.036288093889596709 0.0018651808634098461 0.020527924786312206 0.00028876656542019122 -0.00034688924489305805 -0.01849066929171329 -0.024809407295571875 -0.03761743262848067 0.0050712194543283068 0.0061423592485125274 0.016879797328837404 -0.014528304669320737 0.029845741853847349 0.0011919811781109736 0.0081469312275130844
leaf_weight=109.84315386880189 372.0207937147934 120.73089372564573 195.75939927261788 30.962343131192029 208.12253914051689 21.0561007570941 1441.4677640473237 258.06616544886492 79.97450951160863 224.93575708777644 9.8721749209798855 500.64595393929631 160.80191480391659 53.487565406830981 163.60245179035701 463.22211814066395 679.20718224986922 370.86133336578496 99.932781847659498 142.73822677019052 453.61416240222752 264.28221000591293 82.168365174904466 404.87293741921894 41.651163374190219 57.086808937368914 111.85283850552514 131.94270346825942 71.23371408181265 127.53742341510952 207.8443845026195 141.40335206082091 82.726224590558559 224.79206191608682 143.87000139476731 129.41419921768829 98.601714987540618 805.61321744916495 126.32143604662269 21.711404204368591 13.883925326168535 49.135992069263011 665.12736257549841 42.014228859683499 363.22306596371345 109.83528210851364 160.18963958998211 24.744858568999916 342.5630370855215 97.224909328622743 10332.385688907816 275.57463854074012 323.92407857417129 47.830054256599396 31.566799726104364 258.14398533501662 445.29065849375911 17.30533721158281 160.20463440881576 1141.9558949242346 176.51091376133263 362.06159661640413
leaf_count=201 4025 45616 39344 4657 42480 990 32481 22566 3057 1399 395 3089 3181 2986 3815 2245 59719 27664 9299 8952 47911 8785 3227 22842 1128 2369 4055 1816 514 1423 1167 2509 1642 2027 1420 2197 399 4065 691 1159 224 425 58787 3365 17711 7581 5325 898 18792 2289 198609 4701 13430 525 2747 9906 15811 704 10084 3816 1080 9030
internal_value=-6.8414e-05 -0.00376151 -0.0144869 -0.000907196 -0.000544226 -0.0202451 0.000473345 -0.00113873 -0.0183426 0.0212389 -0.000692899 0.00859634 0.00858658 -0.0152484 -0.000250555 0.0157703 -0.0148846 -0.0164114 -0.0123113 2.51016e-05 -0.022607 0.00525451 -0.0256588 -0.00788267 0.0201847 0.000337458 -0.0154441 0.0123119 0.0147488 0.0032179 0.000691436 0.0113512 -0.00429235 0.00750056 0.00522465 -0.00161595 0.0288424 0.0190622 0.00561272 -0.0294912 -0.0118382 0.0137858 -0.0316532 -0.005801 -0.0111018 -0.027679 -0.00872837 0.00319294 -0.001958 0.00655615 0.000164503 0.0102761 -0.000286551 -0.00343056 -0.00989778 -0.000139419 0.00229734 -0.0222892 -0.00537548 0.0268722 0.0142171 0.00367101
internal_weight=24876.5 21205.3 4452.84 16752.4 16631.7 3564.02 15569.1 12994.1 3368.26 3671.29 12786 2575.06 888.823 1062.54 12527.9 2144.38 2682.08 2504.88 1743.5 12408.2 689.018 2074.41 761.376 1372.64 413.672 12244.6 254.591 1681.16 1466.49 401.609 11990 560.552 214.669 1810.13 1585.34 475.151 1526.91 1064.88 259.269 475.326 132.948 274.072 686.183 1272.71 768.096 119.707 345.736 185.547 373.525 177.199 11429.4 483.419 10946 119.064 613.635 289.711 504.61 59.3196 213.692 1417.07 275.113 419.148
internal_count=815347 794882 281563 513319 467703 264809 382114 334312 225465 20465 291832 47802 16754 85589 269266 14969 165688 160342 97396 261290 62140 44713 62946 69732 5153 257475 13007 12724 9266 3247 244468 13908 3458 35928 33901 11601 5496 6019 1954 49070 1263 1824 59777 60433 40553 7976 9404 4079 23449 5346 230560 5868 224692 1039 26083 12653 19880 4069 13070 5295 1479 11399
cat_boundaries=0 1 2 3 4 5 6 7 8 9 10 11 12 13 14
cat_threshold=38920 268517376 4273 52836515 23584 985544 155855 4456528 205000 598124 65645 274701 143457 393220
is_linear=0
shrinkage=0.05


Tree=19
num_leaves=63
num_cat=6
split_feature=1 33 9 27 45 17 16 13 45 8 31 34 30 18 2 49 23 25 21 1 35 22 2 33 47 21 35 18 49 13 1 21 35 18 6 35 49 46 5 16 27 27 46 23 25 14 46 32 25 27 20 16 27 17 12 5 4 20 19 39 12 37
split_gain=726.8 250.409 214.011 98.7947 78.8397 68.7466 62.7011 58.0997 81.6885 59.4441 57.9287 55.174 41.0578 39.4792 38.7178 39.7943 39.5192 37.574 37.0476 35.9284 42.5577 32.6187 32.2677 30.3422 29.6622 27.7484 64.5224 30.3885 27.7206 27.6247 27.5586 27.5416 26.8399 32.0956 29.6266 26.7913 34.7033 26.7645 26.5649 26.0541 49.6718 25.6049 25.127 24.7844 27.9195 25.8315 24.7133 24.4709 23.9046 23.7504 30.3049 23.501 23.2489 22.3945 22.1701 21.5171 21.3647 21.259 20.9687 20.9531 26.0113 20.3393
threshold=16.500000000000004 6.5000000000000009 11.500000000000002 1.5000000000000002 0 0.032522473484277732 0.23669467866420749 1.5000000000000002 1 1.5000000000000002 5.5000000000000009 0.015141294803470375 9.5000000000000018 0.125657893717289 2.5000000000000004 25.5531120300293 3.5000000000000004 24.500000000000004 0.85400491952896129 2.5000000000000004 0.27178031206130987 32.824148178100593 2.5000000000000004 2.5000000000000004 2 0.66322249174118053 0.83424907922744762 0.72474747896194469 2.8229255676269536 1.5000000000000002 42.500000000000007 0.96625417470932018 0.81365740299224865 0.29935064911842352 3.5000000000000004 0.55086207389831554 5.8616199493408212 3 0.19756047427654269 0.42980295419692999 195.50000000000003 20.500000000000004 4 3.5000000000000004 15.500000000000002 1.0000000180025095e-35 5 7.5000000000000009 13.500000000000002 308.50000000000006 0.030842863023281101 0.88762626051902782 45.500000000000007 0.59729731082916271 1.5000000000000002 0.30761364102363592 8.5000000000000018 0.032426344230771072 25.500000000000004 1.0000000180025095e-35 1.5000000000000002 20.500000000000004
decision_type=8 8 2 2 9 10 8 2 9 10 10 10 2 10 8 2 2 2 2 10 10 2 10 10 9 2 10 10 2 2 10 2 10 10 8 10 2 9 10 10 2 2 9 2 2 2 9 10 2 2 2 10 2 10 8 8 10 2 2 2 8 2
left_child=10 2 4 -3 32 52 41 8 22 14 57 18 37 -14 35 16 -16 58 28 -12 -21 49 -8 -22 31 26 55 56 -9 43 38 -18 33 -2 -34 36 -10 -4 -28 40 -23 -5 -41 -7 45 -45 -30 54 -38 50 -13 -31 -6 -50 -36 -26 -27 -1 -11 -20 -61 -62
right_child=1 3 12 6 5 29 7 11 9 17 19 21 13 -15 15 -17 24 -19 59 20 23 39 -24 -25 25 27 30 -29 46 51 -32 -33 34 -35 47 -37 48 -39 -40 42 -42 -43 -44 44 -46 -47 -48 -49 53 -51 -52 -53 -54 -55 -56 -57 -58 -59 -60 60 61 -63
leaf_value=0.021842075569563357 -0.01216002790282569 -0.046364573523562436 -0.013287130883643715 -0.039867642331270707 -0.057162470907898361 0.024914044451803695 -0.034995233797045229 -0.028181754107334679 0.028130369367490721 -0.0037477827041483957 0.023285826317174366 0.0080764483874221256 -0.019754673068882091 0.0093036158539309809 0.046235580229659047 -0.018924804400337111 0.020367340427406882 0.007399983034435953 0.016599741296659049 -0.012824678316871677 -0.0036003088042745241 0.007596786731278362 0.013871190107031878 0.017236134746118407 -0.016386094787106183 0.00042580054774995287 -0.0305676429969861 0.017987910295724028 0.0022007825906421394 -0.016518402826415104 0.02330186833857005 -0.012020434861853535 0.020397769188008924 0.010208532056613697 0.017418524843598619 0.024502875879689533 -0.051268877186742182 0.021782688999899873 0.0016881164834965691 -0.032558730142123467 -0.061489203194930564 -0.0078070326360800205 0.0084745111105439287 -0.038888718148814505 -0.01485312821803963 -0.018906472687153786 -0.010792121860480336 0.030591029757213895 -0.039526252387876021 -0.00080131471618043518 0.027887488099645915 0.016051922709664643 -0.033788252853294475 0.034143594467896936 -0.023823684784097205 0.0015381457649652961 -0.033519509819325249 0.036625389168852898 -0.028752878506485238 0.036010678808560646 -0.053827919392746962 -0.0037272627890062244
leaf_weight=468.37708800658584 388.06358241988346 113.72734929676517 55.625863114139065 59.731458159163594 153.09122896939516 22.702020687749609 243.58820696233306 108.80564552289434 44.915050659328699 112.07836541696452 1082.4349345038645 311.61912850150838 202.5727401804179 262.90768546774052 41.212900419021025 278.45755085279234 302.58104011823889 129.91725873504765 403.01824046531692 159.43322856351733 203.25379842426628 68.406382450833917 36.353754588635638 1175.3208743918221 187.51180823089089 5629.8139007100835 366.76179863529978 244.16009172989288 986.57442804472521 134.54281995375641 27.722623231820762 79.84694983495865 45.025364495348185 266.14449153770693 30.979960218537599 261.04870445514098 36.168221511645243 400.95286023872904 76.451166430721059 24.247905119555071 36.084787204163149 1949.5566712807631 1301.6254327797797 395.46677500940859 514.32777399220504 300.40950788138434 564.16736711142585 18.992294924100861 12.280759761109946 152.53979152604006 526.48450429202057 87.000381516059861 504.28171331412159 20.727274280972779 598.41244171734434 1280.8623945804429 41.737421972735319 591.83885627519339 348.40126124693779 31.8116810771171 18.185823800275102 168.15175212733448
leaf_count=2068 17475 45536 1423 9879 28046 1134 32868 1241 384 9276 4416 7065 7473 5625 615 11317 5452 6075 3831 1987 3047 1149 1689 8460 11602 123516 17841 5273 7774 6813 520 3735 798 8704 763 2192 1029 5233 3756 1719 1203 71222 20052 55899 39350 15890 5384 818 161 2825 4880 2335 45851 79 37035 35103 7577 1425 46466 200 311 2111
internal_value=-0.000129074 -0.00372106 -0.0143477 -0.000917349 -0.0200466 -0.026069 -0.00059042 0.00055737 -0.00163431 -0.000828597 0.0203509 0.00512367 0.00702667 -0.00341783 0.000190084 -0.000503261 0.000127407 -0.0161266 -0.000458612 0.0163048 0.0113321 0.0103726 -0.0275504 0.0141621 -0.000131185 -0.000803809 -0.00598699 0.000897622 -0.0043576 -0.0200073 -0.0219859 0.0131966 -0.0102788 -0.00305166 -0.0171739 0.0158042 -0.00429202 0.0175965 -0.025047 0.00551168 -0.0179797 -0.00885672 0.00742362 -0.0229188 -0.0239149 -0.0304588 -0.00260082 -0.0199191 -0.0258205 0.0173282 0.020613 -0.003656 -0.0396221 0.00514044 -0.0216724 -0.000798625 0.00014669 0.0302277 -0.0227724 0.00990978 -0.00254454 -0.00989574
internal_weight=24689.5 21008.8 4381.5 16627.3 3459.44 2111.82 16513.6 14504.3 9802.6 9522.66 3680.66 4701.72 922.059 465.48 8932.26 8557.12 8278.66 590.397 2280.71 2620.44 1538.01 2421.01 279.942 1378.57 8237.45 7855.02 1939.31 5915.71 1659.55 1454.45 470.936 382.428 1347.62 654.208 693.41 375.14 114.091 456.579 443.213 1430.36 104.491 2009.29 1325.87 1232.91 1210.2 695.876 1550.74 648.385 69.1763 990.643 838.104 221.543 657.373 33.008 629.392 1468.37 5671.55 1060.22 460.48 621.167 218.149 186.338
internal_count=814976 793573 280665 512908 260911 195318 467372 386271 326526 291969 21403 59745 19754 13098 230152 226307 214990 61817 20852 17910 13494 38893 34557 11507 214375 205188 68822 136366 14399 121421 22117 9187 65593 26179 39414 3845 1653 6656 21597 24123 2352 81101 21771 112273 111139 71789 13158 38616 1269 14770 11945 9148 73897 240 37798 46705 131093 3493 55742 6453 2622 2422
cat_boundaries=0 1 2 3 4 5 6
cat_threshold=1114240 34816 987666 43344 175360 41219
is_linear=0
shrinkage=0.05


Tree=20
num_leaves=63
num_cat=11
split_feature=1 24 33 14 14 10 33 1 33 35 6 45 21 22 10 20 45 36 14 45 48 21 3 22 45 1 25 45 37 37 49 17 36 46 34 49 46 46 21 28 10 37 35 19 25 30 18 22 11 34 21 16 35 31 48 27 36 46 45 46 37 28
split_gain=588.131 236.401 138.95 138.321 117.706 85.9079 69.6264 57.7067 53.6602 50.4194 44.2748 40.1134 38.6109 39.7593 36.3435 36.3336 34.0292 33.2833 32.9789 32.6151 30.8881 34.0331 28.4214 27.8408 27.8062 27.6859 27.4456 27.4313 26.9762 31.7446 31.2516 26.9389 25.8166 26.7685 34.7301 25.3552 26.5418 25.1849 24.402 24.1347 23.8982 23.4894 23.4887 23.2477 23.2879 29.0275 23.2009 22.8709 22.7477 25.5964 28.0246 25.5426 22.0335 31.0145 28.9057 34.5479 34.4676 30.5442 25.82 26.5876 23.5827 21.5832
threshold=19.500000000000004 1.5000000000000002 2.5000000000000004 1.0000000180025095e-35 1.0000000180025095e-35 4.5000000000000009 9.5000000000000018 2.5000000000000004 2.5000000000000004 0.86811593174934398 3.5000000000000004 0 0.98918887972831737 35.274013519287116 1.5000000000000002 0.030842863023281101 1 3.5000000000000004 1.5000000000000002 2 0.42512150108814245 0.96625417470932018 0.38139617443084722 28.751505851745609 3 40.500000000000007 46.500000000000007 4 29.500000000000004 48.500000000000007 20.074350357055668 0.026455767452716831 1.5000000000000002 5 0.012696327641606333 6.9978065490722665 6 7 0.94986033439636242 4.5000000000000009 2.5000000000000004 25.500000000000004 0.53033089637756359 30.500000000000004 63.500000000000007 14.500000000000002 0.19900990277528766 30.116389274597172 4.5000000000000009 0.012343825772404672 0.23448216915130618 0.28490260243415838 0.45643940567970281 3.5000000000000004 1.4855431914329531 60.500000000000007 14.500000000000002 8 9 10 25.500000000000004 114.50000000000001
decision_type=8 2 8 2 2 8 8 10 10 10 8 9 2 2 8 2 9 2 2 9 10 2 8 2 9 8 2 9 2 2 2 10 2 9 10 2 9 9 2 2 10 2 10 2 2 2 10 2 8 8 2 8 10 10 10 2 2 9 9 9 2 2
left_child=7 2 4 39 10 16 9 17 24 20 -2 18 19 23 -5 -12 40 -1 28 25 -7 -22 -6 -14 -9 -13 32 31 30 48 61 -11 33 -18 -35 37 -37 -21 -17 -3 -4 -29 -23 -24 45 -45 47 -31 -30 -50 -51 -52 58 -54 55 57 -56 -55 -10 -60 -59 -8
right_child=1 3 5 14 22 6 11 8 52 27 15 12 13 -15 -16 38 26 -19 -20 35 21 42 43 -25 -26 -27 -28 41 29 46 -32 -33 -34 34 -36 36 -38 -39 -40 -41 -42 -43 -44 44 -46 -47 -48 -49 49 50 51 -53 53 54 56 -57 -58 60 59 -61 -62 -63
leaf_value=0.037460683589957543 0.0094105281685910834 -0.054991959895613486 -0.052473071505111601 0.032390006256436996 0.027242954178242341 -0.041922278305745853 -2.5573161865046059e-05 0.002636771860848923 0.018762983509945538 -0.04618775564595104 -0.035207263822450673 0.015679881211004405 -0.043289642090219342 -0.024992733894136063 -0.012557407108901922 -0.012526067746978502 0.0056701458549554273 0.020815464284154667 0.030275794998931644 0.012006773170773404 0.0027196708175125928 -0.032985670196553608 0.021454714597368609 -0.001839479993984398 -0.033068311388391308 -0.00089394775463607842 0.024665789545712202 0.0033222438175945844 -0.024854252062735838 -0.03414088659661247 -0.019417387412090995 -0.018748118876081771 0.019838544290828514 0.035550601319749457 -0.053790399159041394 0.018259511406360535 -0.033664648706725073 -0.024912333485249183 -0.032895578304420976 -0.032542336149024083 0.0080386539060300494 -0.016537377806638165 0.00023673074494399128 0.00028420603080888621 0.020489488893994115 -0.02932201751140804 0.01535773517352223 0.0020809181872441639 -0.043879044900090647 -0.029009828815393941 -0.030765847083932138 0.0018648436648051664 0.034483960153572323 0.021113055976999771 0.032307848465149822 0.020862355415104769 -0.019910366667130353 -0.030077243365604595 0.0069287457506216014 -0.02620694263252419 0.00074660225493200386 0.0099300819587509331
leaf_weight=425.97451472887769 98.899745829636231 249.18028298160061 30.960493654944003 43.563388887792826 103.31314245425165 43.093001138069667 760.89426133199595 156.53926415252499 170.4351563625969 131.55084162141429 515.62780700821895 256.66480889497325 38.174336868338287 347.01469050487503 646.75638139538933 581.10440470790491 473.04134769318625 1125.3444338971749 105.38821809180081 112.1692814794369 1027.3984258840792 121.47029132384341 88.730886813951656 666.46546160441358 68.856548743322492 6798.3262008486199 388.66885711275972 213.1781118697254 147.53843183931895 41.1556117227301 111.23147748783231 301.03499842400197 311.12585477717221 10.520640939939765 39.776726431678981 22.410170631017536 168.85199960396858 57.6480616198387 198.14737320796121 297.18654406873975 27.745825861347839 477.6950020971708 91.714580038096756 210.39222681010142 64.056887914426625 131.4069621800445 350.78962200309616 775.83469216839876 34.25596374925226 87.758624586800579 59.132319756085053 919.66781910392456 242.78535955771804 142.16008331347257 318.78513774555176 453.15780029445887 31.690862711519003 70.525564898271114 145.68028960074298 84.278125565033406 346.58502670610324 1908.0899111405015
leaf_count=912 2770 89089 1177 598 1201 4370 19669 2435 1217 12350 51478 3078 2954 20769 33174 31222 5517 4575 1046 7251 44116 10744 1872 32370 1626 158144 2616 8985 2604 1717 4020 21167 4381 82 1277 1607 19280 6729 17795 49537 955 25405 6070 5212 874 6441 7424 12689 1252 3235 2710 17493 709 1323 1489 2846 317 1006 1200 1145 3259 23922
internal_value=-3.32718e-05 -0.00334915 -0.00199828 -0.0245015 -0.0144932 -0.000569107 -0.00155775 0.0180806 0.0128829 -0.00939393 -0.0224312 -0.000184946 -0.00231884 -0.0112638 -0.00950843 -0.0248901 0.011865 0.0254917 0.0032205 -0.00104676 -0.00260515 -0.00107663 0.00404407 -0.00437426 -0.0100726 -0.000279908 0.0136432 -0.0171049 0.0026494 -0.00121439 0.00600336 -0.0269101 0.0085554 0.00172328 -0.0284359 -0.0153935 -0.0280554 -0.00161849 -0.0178823 -0.0431867 -0.0220297 -0.0102818 -0.0190151 -0.00102605 -0.00614223 -0.0113567 0.00470095 5.96839e-05 -0.00674461 -0.00421603 -0.00274333 -0.00025282 0.0154807 0.018093 0.0150577 0.0106811 0.0273725 0.00231985 0.00491092 -0.00607639 -0.00464952 0.00709711
internal_weight=24469.6 20686.8 19450.1 1236.69 1991.68 17458.4 16176.6 3782.8 2231.48 2407.14 1393.78 13769.5 8467.73 1051.65 690.32 1294.88 1281.84 1551.32 5301.74 7416.07 1283.68 1240.58 597.9 704.64 225.396 7054.99 1223.13 1123.46 5196.35 2416.13 2780.22 432.586 834.465 523.339 50.2974 361.08 191.262 169.817 779.252 546.367 58.7063 690.873 213.185 494.587 405.856 341.799 1167.78 816.99 1248.35 1100.81 1066.56 978.8 2006.08 1605.69 1362.9 1012.43 350.476 559.271 400.394 229.958 417.111 2668.98
internal_count=814497 790438 618040 172398 118865 499175 483170 24059 18572 133207 103265 349963 252182 56093 33772 100495 16005 5487 97781 196089 65300 60930 15600 35324 4061 161222 13873 67907 96735 49124 47611 33517 11257 6876 1359 34867 20887 13980 49017 138626 2132 34390 16814 14399 12527 11653 21830 14406 27294 24690 23438 20203 14511 10949 10240 8434 1806 5588 3562 2345 4265 43591
cat_boundaries=0 1 2 3 4 5 6 7 8 9 10 11
cat_threshold=1467520 43009 65902 151918 47212 69878 1313 172370 159105 1271080 132659
is_linear=0
shrinkage=0.05


Tree=21
num_leaves=63
num_cat=10
split_feature=1 33 14 25 45 14 25 29 11 33 36 16 25 47 18 35 29 48 29 12 49 28 6 35 37 26 20 46 22 37 22 22 6 49 36 49 47 48 45 47 12 1 11 49 45 10 32 31 33 20 34 6 18 45 46 22 12 46 35 49 18 18
split_gain=626.994 208.805 161.872 114.427 88.6819 75.1852 126.472 53.0766 52.3755 59.9924 51.6974 49.372 46.2885 45.649 43.967 42.2779 41.1269 34.6732 34.6441 32.4119 32.1643 32.1183 29.6693 28.98 26.3292 39.6365 26.5447 26.0932 26.0646 25.3421 33.2158 24.8286 24.1692 24.0543 24.013 23.8023 23.6435 23.4775 23.3282 25.9294 23.1305 25.9403 23.0794 30.5817 21.9903 21.9598 28.9473 21.9327 21.8534 21.8498 21.7857 21.3759 21.2781 21.4375 21.2624 20.7309 19.8405 19.7007 19.5626 19.2641 19.2567 18.7794
threshold=10.500000000000002 6.5000000000000009 1.0000000180025095e-35 13.500000000000002 0 1.0000000180025095e-35 4.5000000000000009 1.3872109055519106 5.5000000000000009 13.500000000000002 6.5000000000000009 0.21466974169015887 13.500000000000002 1 0.091507177799940123 0.98304599523544323 1.7408522963523867 0.63658654689788829 1.7408522963523867 1.5000000000000002 18.31180572509766 88.500000000000014 3.5000000000000004 0.5847701132297517 23.500000000000004 240.50000000000003 0.030842863023281101 2 38.593172073364265 46.500000000000007 35.967981338500984 29.867577552795414 14.500000000000002 6.4285707473754892 1.5000000000000002 7.8009901046752939 3 0.37817828357219702 4 5 3.5000000000000004 19.500000000000004 4.5000000000000009 11.555885314941408 6 4.5000000000000009 4.5000000000000009 4.5000000000000009 47.500000000000007 0.031840590760111816 0.023292844183743003 12.500000000000002 0.058481533080339439 7 8 38.337652206420906 4.5000000000000009 9 0.25403225421905523 14.728317260742189 0.4629120826721192 0.35805861651897436
decision_type=8 8 2 2 9 2 2 2 8 8 2 10 2 9 10 10 2 10 2 10 2 2 8 10 2 2 2 9 2 2 2 2 8 2 2 2 9 10 9 9 8 8 10 2 9 10 10 8 10 2 10 8 10 9 9 2 8 9 10 2 8 8
left_child=10 2 3 33 27 6 -6 13 24 14 34 -5 18 23 32 16 -13 -9 21 28 36 31 -17 54 25 -8 -26 -3 -16 30 48 35 -10 51 -1 -7 60 -12 -33 59 -29 50 43 -31 49 46 -14 -27 -28 -25 -42 -2 53 -39 -4 -38 -22 -46 -54 -40 -11 -32
right_child=1 4 7 11 5 12 8 17 9 20 37 15 45 -15 19 22 -18 -19 -20 -21 56 -23 -24 44 26 47 29 40 -30 42 61 38 -34 -35 -36 -37 55 52 39 -41 41 -43 -44 -45 57 -47 -48 -49 -50 -51 -52 -53 58 -55 -56 -57 -58 -59 -60 -61 -62 -63
leaf_value=0.044135606193178405 0.0069993885491737217 0.021734556588994352 0.021208086598944808 -0.029078781880673778 -0.037016146182385155 -0.050494439766730362 0.026748483567299315 -0.031528597261407158 -0.00065535367842282227 0.0035857541674241388 -0.029223103614328297 -0.016104856648983753 0.01715530735869486 -0.026600168568407287 -0.015878506807589229 0.0098225560456035015 0.0040794298041616035 0.017683212242012573 0.029534946394258507 0.013148742391081956 0.020501023481220376 -0.071475366344343427 -0.022810306691813921 -0.0083091392623081319 -0.026955583187435253 0.019163272211176294 0.0084306956924285973 0.0025869541770923024 0.0062467213892689333 -0.052358628835283194 0.0038398526229864631 0.013866384687926206 -0.030282074184540288 -0.044986910371184061 0.024334405273319246 0.0032855617235749294 -0.00077497928177214682 0.011319829714158972 0.003912011989851024 -0.029339830830223613 0.021003602781172987 -0.030742636508082028 0.025356188417568939 0.0082303997320170852 -0.039722437511150975 -0.0038424009263629865 -0.023236431646426539 -0.010421991226255424 -0.034098738866512317 0.021327151498256189 -0.036732104288079534 -0.031540993589549031 -0.0070493290003541308 -0.032339137831447685 -0.0057509681871952718 0.0054490248946724483 -0.0097943951374893576 -0.0078758622092396213 0.017652920033053181 -0.013174686892723024 -0.035477100594212566 -0.020956088632563943
leaf_weight=175.88692233711481 44.131774922832847 27.032835329417139 185.78278204798698 457.98692930606194 242.84937498156796 41.398583168629557 322.99800192355178 34.30355963180773 84.635915277525783 48.314687019796111 27.008644922170788 418.94405716401525 1239.3960332137067 199.35634096781723 538.02466853300575 74.620598888257518 619.84204839495942 451.68150770640932 94.477258932776749 177.42370388982818 52.021298635751009 10.983003094093872 690.47825219738297 163.77090751263313 66.746209937846288 94.557688096538186 578.59051577630453 79.709298967267387 173.29822022467852 17.298234625719488 110.26177858817391 280.30975295568351 369.13347367779352 442.11231513752136 1548.6646806271747 35.930289017735049 6505.5833365238504 53.982994162477553 757.87992347893305 65.437777028768323 46.453899537213147 425.11627040008898 213.27502180985175 316.48650289536454 64.237969587557018 158.91277921246365 41.811755982926115 163.96817368548363 26.973775016143918 93.584413767792284 18.965697480831295 157.75435531442054 83.209718462079763 34.820792593061924 111.18127330532297 1678.9691780597204 1193.0285583161749 181.10368947708048 1212.2698201725725 205.46808144776151 81.535513788112439 233.69274628488347
leaf_count=454 2931 2100 3920 37143 75576 2198 3814 1320 3347 1649 429 29809 10183 9846 29404 1861 24269 6996 837 4731 349 393 48216 6057 2931 830 6620 3808 6493 566 2015 5201 20470 68990 5719 1173 155236 441 20482 3487 459 56802 1483 3559 3273 3797 684 1642 482 2071 447 26247 828 431 3772 31822 40626 6530 7064 7055 1358 2219
internal_value=-0.000189 -0.00327574 -0.0129786 -0.0198317 -0.000739543 -3.4012e-05 -0.00163346 0.000453168 -0.000960933 -0.00236653 0.0206607 -0.0144797 0.00720602 -0.00613654 -0.0122435 -0.010703 -0.00409908 0.0139239 0.00102457 -0.0057175 -0.000973752 -0.00100141 -0.0195845 -0.00056376 0.00617242 0.0152088 0.00277331 -0.019419 -0.0104822 0.00418454 -0.000764437 -0.000188296 -0.0248235 -0.0383726 0.0264757 -0.026824 0.00015044 0.0134865 0.00148116 -0.00205836 -0.0218769 -0.0262796 0.0127035 0.004364 -0.00786262 0.0135839 0.0157519 0.000557312 0.00627257 0.00257085 0.00284589 -0.0231506 0.014422 -0.0088513 0.0116986 0.000503738 -0.00845164 -0.0180225 0.0160453 0.000216226 -0.0198747 -0.0130661
internal_weight=24345.7 21209.8 4390.87 2905.87 16818.9 16221.7 13289.7 1485 13046.8 10902 3135.84 2261.87 2932.01 999.017 1342.52 1803.88 1038.79 485.985 1491.88 888.747 9559.45 1397.41 765.099 799.661 2144.85 581.524 1563.32 597.278 711.323 1496.58 949.519 1386.42 453.769 643.998 1724.55 77.3289 8314.4 1411.29 1309.1 1028.79 570.245 490.536 547.06 333.785 502.697 1440.12 1281.21 258.526 605.564 257.355 65.4196 201.886 1384.28 88.8038 296.964 8184.55 1245.05 245.342 1295.48 963.348 129.85 343.955
internal_count=814945 799579 283251 239466 516328 452712 397222 43785 321646 295485 15366 141298 55490 35469 64445 104155 54078 8316 40826 40628 231040 39989 50077 25623 26161 6286 19875 63616 35897 16944 11336 39596 23817 98168 6173 3371 190065 9193 36225 31024 61516 57708 5608 4125 17931 14664 10867 2472 7102 8128 906 29178 8764 872 7692 187058 40975 9803 7892 27537 3007 4234
cat_boundaries=0 1 2 3 4 5 6 7 8 9 10
cat_threshold=51201 302990064 33808 335544320 1718016 52733825 1708768 592322 37158 10373
is_linear=0
shrinkage=0.05


Tree=22
num_leaves=63
num_cat=11
split_feature=2 25 14 10 48 6 1 16 45 48 35 45 15 11 23 19 46 31 49 29 4 6 15 23 45 21 47 29 46 12 29 34 45 29 5 49 28 15 47 34 45 25 29 31 1 29 49 45 48 17 6 1 48 15 46 2 10 48 37 16 27 19
split_gain=586.684 218.766 147.482 104.563 113.82 69.0543 60.1231 54.5939 42.9747 41.8983 40.047 36.4637 38.8817 46.6811 35.5653 35.4119 34.2806 33.3202 33.1528 31.8176 31.4744 31.0786 52.5735 29.8979 29.6229 29.3259 28.4238 28.2147 30.053 28.0911 58.1375 36.876 27.101 26.2 25.9663 25.7492 23.7958 23.6213 23.2204 25.0877 23.2102 22.7521 22.6904 22.4779 22.2227 26.2758 21.8951 21.5952 20.9037 20.1032 21.6281 19.7267 20.1642 19.6664 19.467 19.0594 19.0499 22.8559 18.928 18.8758 18.633 18.5275
threshold=8.5000000000000018 9.5000000000000018 1.0000000180025095e-35 4.5000000000000009 0.64194935560226452 17.500000000000004 5.5000000000000009 0.35067567229270941 0 0.86186924576759349 0.28730159997940069 1 0.082903780043125166 21.500000000000004 40.500000000000007 55.500000000000007 2 17.500000000000004 17.280166625976566 0.31009615957736975 3.5000000000000004 5.5000000000000009 0.50167784094810497 26.500000000000004 3 0.36854232847690588 4 0.65817889571189891 5 10.500000000000002 3.614962220191956 0.017780872061848644 6 2.6635220050811772 0.2800357341766358 16.938522338867191 235.50000000000003 0.53033089637756359 7 0.038821263238787658 8 33.500000000000007 0.5860162377357484 1.5000000000000002 16.500000000000004 0.73721536993980419 4.8257417678833017 9 1.3873196840286257 0.18237251043319705 7.5000000000000009 32.500000000000007 0.85612237453460704 0.88562092185020458 10 2.5000000000000004 2.5000000000000004 1.1636339426040652 28.500000000000004 0.24357284605503085 284.50000000000006 23.500000000000004
decision_type=8 2 2 8 8 8 10 8 9 10 10 9 8 10 2 2 9 10 2 2 8 8 10 2 9 2 9 2 9 8 2 8 9 2 8 2 2 10 9 10 9 2 2 10 10 2 2 9 10 10 10 10 10 10 9 10 10 10 2 10 2 2
left_child=6 2 5 20 10 15 25 18 17 34 47 21 13 -13 59 -2 51 27 36 -7 -3 -9 29 54 -16 32 49 -8 -29 30 38 -32 -1 -21 -4 -12 -6 44 -23 -40 -19 -28 -14 -27 45 61 -17 -5 -45 50 56 -10 -53 -37 -22 -54 57 -25 -30 -11 -38 -18
right_child=1 3 9 4 7 19 8 11 16 14 35 12 42 -15 24 46 37 40 -20 33 23 22 -24 26 -26 43 41 28 58 -31 31 -33 -34 -35 -36 53 60 -39 39 -41 -42 -43 -44 48 -46 -47 -48 -49 -50 -51 -52 52 55 -55 -56 -57 -58 -59 -60 -61 -62 -63
leaf_value=0.022579202402144651 0.037041564432361521 0.031995688812484165 0.011878556057648933 0.01566486818505029 -0.0080892258731543338 -0.052479842719915806 0.0072219726949266944 0.017509795081583322 0.013372363305391538 -0.038245334992863513 -0.017838460513482007 -0.007691506495349042 -0.026066393805321116 -0.036367962581439282 -0.037178632711941793 0.0059166879444722629 -0.032228472821862579 -0.03479031264222586 -0.021164402674041023 -0.032358746296994555 -0.010313029506835651 0.013036909880979525 -0.02681131220443831 -0.037557280105370391 -0.0012855352623915252 0.051581315508746166 -0.043889174754327707 -0.0076735224767293655 0.016527136089173094 -0.00051003080644610062 -0.045889032644930411 0.039585614656826057 -0.01501632369514758 0.036011966012037905 -0.023113417957443552 -0.043345905614875002 0.021544890454077849 0.016956245905376886 0.00016201810373805446 0.025004159186321064 0.0066654724433523205 0.0036380219215302561 0.00038615913691831063 0.019209408655595644 -0.03585238648309224 -0.029096019790471196 -0.024225060070866392 -0.010552773561219555 0.030393643695043507 0.011449575715049749 -0.053146433229002733 -0.053700174507312404 -0.044911065116349166 0.015022506310043019 0.024487618237861032 0.018089316802340397 0.018280795902921438 0.011206644990229192 0.033706330155799262 0.022139335265496076 -0.0016715515652262387 0.020097686031183799
leaf_weight=71.324186333920807 30.351378953666426 161.78060175618157 58.601421662140638 106.74299095198512 1825.0239714722848 265.02047515759477 353.63356851297431 293.0373010605108 458.35705491388217 9.3488030428998155 804.58554651786108 1082.0624625155469 79.085340157849714 159.28527721413411 49.52368733426556 80.683585849357769 16.274560270365328 34.757053178269416 404.10489644831978 573.51604767178651 41.798976407852024 528.2512397817336 160.6586085902527 48.271342055639252 556.17635488230735 69.137906623072922 50.247408343246207 67.432755726855248 272.49609328876249 5263.8099614159437 9.5464478563517314 160.31640652567148 93.078972264192998 10.421421572100369 369.09091881115455 168.92271100683138 117.83296390273608 56.582399107282981 2004.2767253156053 102.06262565474026 96.54862264264375 44.96729715843685 2255.6443965274375 1366.0592072687577 97.78458760981448 66.882589223328978 214.66289005731232 206.8459350442281 639.88277663523331 574.32580458675511 17.904976097634062 17.70123637537472 11.080407735193146 13.329868086846544 316.1222952217795 42.466895559802651 67.105275385314599 40.480306531302631 454.36427195882425 198.77500865072943 289.43089538044296 82.196706290589646
leaf_count=389 877 957 1754 4462 78754 94807 6053 5502 5168 477 52725 50365 6178 13196 3269 6447 363 805 22714 97937 595 5054 7334 1068 20121 92 1823 902 2174 112915 142 671 984 197 22742 13482 1961 699 22311 1390 1140 829 63967 5356 4343 921 24512 12406 1694 6611 463 1198 372 442 2525 1071 1131 415 2593 3894 8279 809
internal_value=1.99354e-05 -0.00363758 -0.0177194 -0.0016774 -0.00280865 -0.030382 0.0165961 -0.00155441 0.01054 -0.00566501 -0.0169594 -0.00013248 -0.00435933 -0.0115023 0.00101304 -0.0105985 0.00167531 0.0162565 -0.00806683 -0.0378652 0.0115926 0.00164594 0.00107272 0.00872347 -0.00513046 0.022316 0.00353628 0.0191055 0.0243179 0.00164422 0.00568135 0.0336071 0.00192548 -0.0308432 -0.018237 -0.0218838 -0.00565381 -0.0109511 0.00382062 0.0014154 -0.00724503 -0.020351 -0.000563669 0.023923 -0.0175647 -0.00601508 -0.0160294 -0.00136226 0.0228438 0.00687053 -0.00777694 0.0093895 -0.0141984 -0.0387897 0.020728 0.00233069 -0.00107489 -0.0159042 0.0270532 0.0185933 0.00522546 0.0103102
internal_weight=24182.1 19814 2416.17 17397.9 16034.9 1174.66 4368.04 14734.4 2128.56 1241.52 1300.43 12098 3576.08 1241.35 813.824 325.698 849.326 1279.23 2636.39 848.958 1363 8521.96 8228.92 1201.22 605.7 2239.48 843.302 1147.93 794.293 8068.26 2804.45 169.863 164.403 583.937 427.692 986.838 2232.29 319.721 2634.59 2106.34 131.306 95.2147 2334.73 2075.08 263.138 165.354 295.346 313.589 2005.94 748.088 173.762 529.606 71.2485 182.253 357.921 53.5473 155.857 88.7516 726.86 208.124 407.264 98.4713
internal_count=814827 777701 277034 500667 484250 224777 37126 400733 28611 52257 83517 289025 133706 63561 27761 31836 14944 13667 111708 192941 16417 155319 149817 15460 23390 8515 12340 11722 5669 142483 29568 813 1373 98134 24496 66649 88994 7135 28755 23701 1945 2652 70145 7142 6436 2093 30959 16868 7050 9688 3077 7809 2641 13924 3120 1443 2614 1483 4767 4371 10240 1172
cat_boundaries=0 1 2 3 4 5 6 7 8 9 10 11
cat_threshold=1007916 741057 18022 14981 304431744 54352 604448 67109009 262176 14471 8452
is_linear=0
shrinkage=0.05


Tree=23
num_leaves=63
num_cat=8
split_feature=1 33 9 29 24 14 48 15 1 45 29 17 5 45 25 32 46 36 33 5 16 4 37 45 49 33 5 37 14 21 19 45 45 46 48 21 37 20 2 33 5 32 48 33 7 20 21 48 18 23 29 49 18 13 28 13 2 30 23 45 48 33
split_gain=475.311 220.664 154.834 110.762 75.6431 64.0664 57.9909 53.6775 50.7884 50.644 44.1407 42.1693 36.1582 38.9186 35.7044 32.9976 32.722 31.7335 30.3529 32.7807 29.4412 29.3497 27.6069 27.3969 26.9367 26.6262 34.1162 29.0151 28.2147 26.5435 25.773 25.7498 23.596 23.486 23.2625 22.7674 22.7373 22.2633 20.7018 20.5344 24.7102 20.1544 20.106 20.1033 20.7874 20.6146 37.1634 32.407 24.1362 28.1762 19.8926 19.586 19.3783 19.2342 19.2182 18.6614 18.5439 18.4925 18.3722 19.3717 18.1428 17.9578
threshold=23.500000000000004 5.5000000000000009 2.5000000000000004 0.5860162377357484 1.5000000000000002 1.0000000180025095e-35 0.46194994449615484 0.041885966435074813 2.5000000000000004 0 3.7905281782150273 0.88444444537162792 0.11510723829269411 1 41.500000000000007 1.5000000000000002 2 3.5000000000000004 18.500000000000004 0.57809725403785717 0.10102041065692903 8.5000000000000018 24.500000000000004 3 8.2248735427856463 14.500000000000002 0.28759071230888372 30.500000000000004 2.5000000000000004 0.3340220451354981 363.50000000000006 4 5 6 0.90500062704086315 0.97152990102767955 24.500000000000004 0.011583273299038412 2.5000000000000004 35.500000000000007 0.2800357341766358 2.5000000000000004 0.97023290395736705 46.500000000000007 0.80796352028846752 0.033310377970337875 0.73132818937301647 2.8486315011978154 0.15410428494215014 51.500000000000007 1.0682170987129214 16.266088485717777 0.42558647692203527 1.5000000000000002 117.50000000000001 1.5000000000000002 5.5000000000000009 14.500000000000002 53.500000000000007 7 0.67170861363410961 50.500000000000007
decision_type=8 8 2 2 2 2 8 8 10 9 2 10 10 9 2 10 9 2 8 8 8 8 2 9 2 10 10 2 2 2 2 9 9 9 10 2 2 2 10 10 10 10 10 10 8 2 2 10 10 2 2 2 10 2 2 2 8 2 2 9 10 10
left_child=8 2 4 7 12 6 39 30 17 10 20 32 15 -14 25 -2 21 -1 19 -11 33 -4 -12 -17 29 34 27 -27 31 -20 55 -29 -10 -8 41 -26 -9 -28 -34 40 -5 -7 53 44 -22 48 -47 -48 -46 -50 -15 57 -41 -23 -21 -3 -36 -35 60 -60 -38 -31
right_child=1 3 16 5 -6 14 9 36 11 18 22 -13 13 50 -16 23 -18 -19 24 54 43 42 -24 -25 35 26 37 28 -30 61 -32 -33 38 51 56 -37 58 -39 -40 52 -42 -43 -44 -45 45 46 47 -49 49 -51 -52 -53 -54 -55 -56 -57 -58 -59 59 -61 -62 -63
leaf_value=0.035062156304637326 -0.031594967712658996 -0.045987775064768102 0.033022607920656498 -0.033142770937668799 -0.044149457830723021 0.014006882298041534 -0.024617308203346091 -0.024970717123864571 0.0012163822487879679 0.0035652508929287711 0.033752717937641286 0.030508511908528477 0.01875841538376494 -0.022510214351582535 0.020636245016144389 -0.025425989907629638 -0.0089335403717740441 0.018654264257079858 -0.03904900081316319 -0.028925120449405508 -0.017940513857938208 -0.021144353939179596 0.0057699620686459284 -0.010245153021942476 -0.0037638066430193146 -0.0071572884492672115 0.007303152104447032 0.017938195198162411 0.041108653275280335 0.0060735102439912238 0.0087316967892669059 -0.0057828893605358931 0.019089553696812034 0.001394341261356553 -0.03927281517820945 -0.019434904738785046 -0.024635706698544573 -0.042737804132326668 0.0070166033313614311 -0.017751190499662946 0.013929953243131489 -0.017227794906568044 0.014364056405888346 0.011758636119093247 -0.0014850229560244483 0.019018262796985923 0.0031653458106050848 -0.055210285361870948 0.0096831872168438304 -0.0036638291981452849 -0.00049893612882258331 -0.018705093527904459 0.024683709590663863 0.0074993569361932154 -0.0095444450728276002 0.013717721101065967 0.023863843226835539 -0.02555954634022195 0.0036717079212362754 -0.017924625134309761 0.011538693675208416 -0.028489999730858223
leaf_weight=416.82051804056391 499.69133227551356 197.35215690243058 110.92320435494184 229.3854966587387 293.6715179264429 113.43093877565116 140.33828700572485 191.99571491451934 667.55184767139144 179.08855037519243 160.26410691556521 255.6164789381437 113.77786492812447 233.04299198428635 485.37879530573264 516.54811709898058 337.34842089051381 1092.6425728013273 31.065165897016414 314.53137814067304 132.91087571636308 104.35859565879218 194.29550088220276 827.40920730051585 821.75084165489534 375.40143337706104 30.472623204812407 216.44529026118107 63.145705791655928 907.32119304529624 26.147725983290002 218.02584642660804 679.33453805372119 832.34297561878338 7.6849935813806951 319.70179042988457 36.835669418273028 65.95643445244059 757.4979960876517 64.358791957900394 28.852844572626054 86.586950099794194 257.95773269305937 482.96000944782281 4696.0223846825538 439.98496792465448 1091.935965386685 19.307024927344173 1205.9063625795534 583.90223027463071 180.86923339648638 175.73321760253748 38.964781017508358 122.24504859768786 224.99059877311811 11.841727527673354 329.3449238340836 63.871594814001583 149.60951968922745 320.5860858996748 201.09378599864431 34.293255127500743
leaf_count=943 38557 60854 874 19596 53095 2564 6546 20589 8774 7107 1168 1048 3331 18646 3444 54898 10512 4561 2437 27154 11901 4051 2848 47735 27041 8669 515 2737 511 24421 2101 4798 3557 24697 219 19547 6290 1522 9282 3969 1234 3275 4699 9978 76352 4345 17532 1232 22962 20841 8770 8995 1578 2356 11785 636 5620 3742 10437 27593 15905 1881
internal_value=8.30038e-05 -0.00300172 -0.0142148 -0.000559264 -0.0203419 0.000553599 -0.000689995 -0.0155948 0.0161211 -0.000139115 0.00150212 0.011499 -0.0173068 -0.00569837 0.00890922 -0.020605 0.0033049 0.0232859 -0.00603648 -0.0148993 0.00087595 0.0102331 0.0187119 -0.0164169 -0.00302438 0.00507511 0.000112293 0.0032834 0.0111527 0.00308201 -0.0366259 0.00638073 0.00912306 -0.00640558 0.01395 -0.00821864 -0.00992418 -0.0273438 0.0126831 -0.0203038 -0.0277187 0.000395122 0.00494132 0.00189921 0.00130955 0.00163885 0.00680686 0.00190835 0.000398511 0.00533082 -0.0127092 -0.00365557 -0.0013477 -0.00586373 -0.0210049 -0.0423667 0.0218711 -0.000657762 -0.0056981 -0.0113866 0.00554647 0.00467089
internal_weight=24008.7 20139.3 3597.84 16541.4 2665.01 15406 13414.1 1135.46 3869.46 13052.5 10219.8 2360 2371.34 527.69 1991.87 1843.65 932.833 1509.46 2832.74 718.611 9865.22 595.485 354.56 1343.96 2114.13 1506.5 969.447 873.018 497.617 972.68 235.342 434.471 2104.38 1212.29 537.048 1141.45 900.121 96.4291 1436.83 361.562 258.238 200.018 484.561 8652.93 8169.97 8037.06 1551.23 1111.24 6485.83 1789.81 413.912 1071.95 103.324 226.604 539.522 209.194 337.03 896.215 708.125 470.196 237.929 941.614
internal_count=814857 786692 247524 539168 225032 394763 360889 144405 28165 334512 213139 22661 171937 30747 33874 141190 22492 5504 121373 46046 209123 11980 4016 102633 75327 30430 18752 16715 8046 28739 63591 7535 21613 43980 11678 46588 80814 2037 12839 26377 20830 5839 11106 165143 155165 143264 23109 18764 120155 43803 27416 37434 5547 6407 38939 61490 5839 28439 60225 38030 22195 26302
cat_boundaries=0 1 2 3 4 5 6 7 8
cat_threshold=91361 12672 65730 45163 337676 36545 16388 31139
is_linear=0
shrinkage=0.05


Tree=24
num_leaves=63
num_cat=12
split_feature=1 33 14 25 14 14 25 20 46 45 36 33 29 5 31 20 43 47 46 46 20 35 21 28 37 49 34 4 9 37 22 25 17 36 16 11 18 34 6 45 17 46 45 35 34 18 22 4 23 6 6 46 30 47 21 3 28 28 34 45 17 30
split_gain=499.475 169.321 144.404 86.3964 97.9813 87.2638 71.4568 52.082 49.3237 46.198 42.5414 41.5584 38.4468 36.3823 34.8199 33.2817 30.5315 30.4993 34.0282 33.4797 29.2238 28.7741 33.4004 28.2234 28.0186 41.0208 30.4547 27.0123 26.4068 25.6412 24.33 23.3644 23.3192 29.6286 29.6614 27.7025 24.935 24.7511 23.1592 22.9963 22.4788 22.305 26.1874 24.7274 22.4504 33.4211 22.8365 22.258 22.2362 22.1466 21.6111 21.4101 21.3712 21.2577 31.4871 21.1592 21.055 21.0486 23.5121 21.0402 20.6004 20.5641
threshold=9.5000000000000018 4.5000000000000009 1.0000000180025095e-35 5.5000000000000009 1.0000000180025095e-35 1.0000000180025095e-35 13.500000000000002 0.030842863023281101 0 1 1.5000000000000002 15.500000000000002 1.542070806026459 0.088663242757320418 4.5000000000000009 0.030842863023281101 2 3 4 5 0.032778425142169006 0.63397434353828441 0.96625417470932018 99.500000000000014 25.500000000000004 10.395590782165529 0.013830932322889568 4.5000000000000009 34.500000000000007 25.500000000000004 33.433809280395515 8.5000000000000018 0.041885966435074813 3.5000000000000004 0.26699671149253851 28.500000000000004 0.45393940806388861 0.015239171683788301 17.500000000000004 6 0.37612275779247289 7 8 0.1132478639483452 0.015141294803470375 0.30839161574840551 37.965810775756843 3.5000000000000004 8.5000000000000018 16.500000000000004 4.5000000000000009 9 15.500000000000002 10 0.73988848924636852 0.27216926217079168 2.5000000000000004 112.50000000000001 0.029293037950992588 11 0.16141439229249957 16.500000000000004
decision_type=8 8 2 2 2 2 2 2 9 9 2 8 2 10 10 2 9 9 9 9 2 10 2 2 2 2 8 8 2 2 2 2 10 2 8 10 10 10 8 9 8 9 9 10 10 10 2 8 2 10 8 9 2 9 2 8 2 2 10 9 10 2
left_child=10 2 6 5 7 38 50 8 27 47 -1 -10 20 15 31 -8 29 19 -19 -16 49 22 -17 55 25 26 -14 -5 -20 -12 -13 -6 33 34 -26 53 -37 -34 -3 -15 -28 43 -43 -7 -44 46 -46 -4 -21 -9 -2 -33 -23 -36 -55 -11 -18 58 -27 -42 -47 -49
right_child=1 3 9 4 14 41 13 12 11 23 16 30 24 39 17 21 56 18 28 48 -22 52 -24 -25 32 57 40 -29 -30 -31 -32 51 37 -35 35 36 -38 -39 -40 -41 59 42 44 -45 45 60 -48 61 -50 -51 -52 -53 -54 54 -56 -57 -58 -59 -60 -61 -62 -63
leaf_value=0.043759180161611524 0.001377565841992154 -0.010907260229777858 0.025631737590496681 0.043151294617296866 -0.0037844918501019386 -0.048352845615971168 -0.031727580675068617 -0.019438018558393874 -0.013714004332231433 0.027688086340334258 -0.067488027574218193 -0.0070955920763921326 -0.024848595480411094 0.014872700282721583 0.011460201713159706 0.0022914885674281504 -0.0046337211745230682 0.014018606854065125 -0.056705753252785866 0.031574268418060027 -0.0020018775861118982 -0.029454929713103463 -0.042580233613210783 0.02451467058885359 -0.016543142802582733 -0.021324598671102413 0.023323561325712321 -0.02363868097580275 -0.0026658207360971626 0.00090392092749946081 0.0015003930529203582 -0.025175034171044317 -0.031014867110185879 -0.025053451103955723 0.0075779794631052532 0.0061864756113477644 0.035073897680460257 0.011458528811342149 -0.038910485497744653 -0.010506427399417309 0.015163105797944302 0.012859171647479836 0.01811374016178275 -0.0095591323925386332 -0.036801540796470078 -0.041650715733349414 -0.002818588893043256 -0.010882929670889861 -0.0086886193835532099 0.031841041552549292 -0.041277081613245337 0.02290626217205604 -0.0065037426066341594 -0.030338441296170079 -0.0020327209610976164 -0.00079766782230752595 0.019258885036701888 0.0044340173379548518 0.013193833275248876 -0.0068744254231526414 0.0091724466264913578 -0.041003473615492891
leaf_weight=161.8957637026906 31.516948349773884 103.14800526376348 23.983533396152779 11.21669060946442 103.35871585831046 47.476875762687996 418.23203166376334 369.43078525504097 883.71618268731982 67.634588199667633 12.880212206393479 1287.3028772863327 42.592737291241065 116.25429178751074 1201.547977150185 316.2242862470448 93.737042013788596 53.8787226669956 54.40346330718603 32.783768828492612 2482.8045325771673 325.42633851012215 42.659655162598938 171.47753439727239 254.48878790042363 176.44066078751348 538.3004850493744 445.56746439123526 37.323934882413596 58.136256742989644 2263.9228858029237 14.288454411551355 31.619276322890073 122.01689565263223 532.40566715924069 335.78362045134418 92.25834665633738 599.72436875838321 307.13129953190219 266.3635302191833 323.31329556973651 243.19642121740617 71.182696483680047 207.48009894986171 136.6026431133505 17.455760176293552 77.311087020207196 176.14631170430221 375.59190259012394 17.898373964941129 432.48723391536623 635.21469226107001 151.29522907815408 99.534146115882322 1652.9722426593071 633.72310052148532 2635.3185670741368 906.20838478556834 63.888194335624576 151.71095481724478 174.85718451207504 82.66067378805019
leaf_count=417 1742 13983 315 226 2017 3385 43145 15323 58497 870 267 45969 916 3292 16315 11324 736 1340 2466 200 58070 21362 4227 2169 8941 5997 7651 35319 1193 572 64216 435 1226 5867 5384 5481 795 16037 105374 15864 2698 6302 2362 9416 8535 891 3051 6030 8982 409 74827 5035 11195 2469 24965 19855 12573 13218 1785 2124 4163 5301
internal_value=-0.000135738 -0.0028683 -0.0133322 -0.000926908 0.000100186 -0.0128857 -0.0211272 -0.0015658 -0.00569856 0.000865926 0.0190584 -0.00403449 0.000735166 -0.0161287 0.0091744 -0.0202334 0.0175548 0.00528949 -0.0156642 0.00727915 -0.00401003 -0.0143259 -0.00355409 0.00656418 0.00303591 0.00749868 0.0145845 -0.0210924 -0.032619 -0.0133652 -0.00162121 0.0181386 0.000387741 -0.00140537 -0.000392489 0.00115017 0.0127458 0.00910437 -0.0320863 -0.00259023 0.0163558 -0.00468828 -3.89053e-05 -0.0169232 -0.00680087 -0.0114992 -0.0248646 -0.0161956 -0.00499278 -0.0166928 -0.038396 0.0216296 -0.0223141 -0.00104518 -0.00370103 0.00212587 0.0183641 0.000937932 -0.0120665 0.00829924 0.00362081 -0.021098
internal_weight=23797.4 20835.4 3256.09 17579.4 16193.5 1385.84 2100.46 13685.1 4891.73 1155.63 2961.97 4434.94 8793.39 1636.46 2508.39 1253.84 2800.07 1755.53 145.606 1609.92 2870.13 835.606 358.884 872.835 5923.26 2202.45 1055.92 456.784 91.7274 71.0165 3551.23 752.862 3720.8 3089.46 2967.44 2712.95 428.042 631.344 410.279 382.618 1013.32 975.563 720.606 254.957 477.409 406.227 213.914 282.791 408.376 387.329 464.004 649.503 476.722 2284.91 1752.51 701.358 2729.06 1146.54 240.329 475.024 192.313 258.807
internal_count=815111 800546 221518 579028 421566 157462 186978 383583 204227 34540 14565 168682 179356 110409 37983 91253 14148 30496 4999 25497 73802 48108 15551 22894 105554 34389 13389 35545 3659 839 110185 7487 71165 53902 48035 39094 6276 17263 119357 19156 12473 38105 25304 12801 19002 16640 11586 11646 9182 15732 76569 5470 32557 32818 27434 20725 13309 21000 7782 4822 5054 11331
cat_boundaries=0 1 2 3 4 5 6 7 8 9 10 11 12
cat_threshold=27940 61220 10241 36995760 45473 115154 3460 254288 1139976 188688 69206033 226
is_linear=0
shrinkage=0.05


Tree=25
num_leaves=63
num_cat=12
split_feature=1 29 33 14 19 13 48 31 29 17 49 7 1 1 49 16 13 45 26 49 23 1 43 24 19 45 46 48 36 49 45 35 46 35 15 49 45 10 48 45 20 21 37 47 28 22 48 46 49 28 44 49 29 23 37 49 19 35 20 49 45 21
split_gain=517.256 177.992 115.225 100.727 73.2382 72.363 64.5819 59.286 43.4864 47.2144 47.1442 42.9483 39.1551 37.5068 36.2333 34.6477 30.6239 29.3356 29.0106 28.2062 27.4948 26.9614 44.4132 28.8425 41.1328 30.0853 28.1939 28.5293 28.1131 27.8298 25.9158 25.6435 25.3527 25.0575 24.7229 24.6437 24.5108 24.4631 23.9645 24.6038 23.9057 23.8625 23.8094 23.3777 23.1679 23.4539 22.1356 27.7696 21.9024 21.4493 20.986 22.2175 20.8508 24.4133 20.7333 20.4247 47.2606 26.1377 20.9078 20.8893 20.262 20.2057
threshold=21.500000000000004 0.51880124211311351 1.5000000000000002 1.0000000180025095e-35 5.5000000000000009 1.5000000000000002 0.64194935560226452 6.5000000000000009 3.5971014499664311 0.15751879662275317 8.6928329467773455 0.86535012722015392 2.5000000000000004 48.500000000000007 6.680164337158204 0.2736185491085053 1.5000000000000002 0 60.500000000000007 10.957595825195314 3.5000000000000004 52.500000000000007 1 1.0000000180025095e-35 97.500000000000014 2 3 1.6521534323692324 3.5000000000000004 2.9978065490722661 4 0.2469512224197388 5 0.86811593174934398 0.61324787139892589 22.5329704284668 6 7.5000000000000009 1.4563087224960329 7 0.032629089429974563 0.73132818937301647 19.500000000000004 8 118.50000000000001 39.191608428955085 0.93378469347953807 9 25.155297279357914 267.50000000000006 10 6.8435916900634775 1.2324059009552004 39.500000000000007 29.500000000000004 2.4000005722045903 584.50000000000011 0.89039039611816417 0.033225961029529578 27.897869110107425 11 0.67833280563354503
decision_type=8 2 8 2 2 2 8 10 2 10 2 8 10 8 2 8 2 9 2 2 2 8 9 2 2 9 9 8 2 2 9 10 9 10 8 2 9 8 10 9 2 2 2 9 2 2 10 9 2 2 1 2 2 2 2 2 2 10 2 2 9 2
left_child=7 4 3 16 -2 6 13 46 9 10 33 18 -9 -4 34 19 -3 -5 -8 -13 -17 22 32 24 26 -25 27 -23 44 -29 -28 -14 -22 -7 -6 -15 -10 -16 39 52 60 -35 -21 -39 45 -26 47 -1 -31 -43 -41 -52 53 -33 -24 56 57 -46 -59 -57 -11 -62
right_child=1 2 5 17 14 8 11 12 36 40 -12 15 31 35 37 20 -18 -19 -20 42 21 23 54 25 28 -27 30 29 -30 48 -32 38 -34 41 -36 -37 -38 43 -40 50 -42 49 -44 -45 55 -47 -48 -49 -50 -51 51 -53 -54 -55 -56 59 -58 58 -60 -61 61 -63
leaf_value=-0.012827143131024239 -0.050427981376566858 -0.03046488530022759 0.015340259508870175 0.01650743557091559 -0.010183493705167581 -0.004291372091045304 -0.02326795263059421 0.01992208610279933 -0.001739356107476384 0.014514520412466692 0.0039475427554834788 -0.002782114233483496 -0.013363947026144988 -0.01530913388348943 -0.0057176279756867843 0.034233166423441798 -0.010051832084345942 -0.0089583996297385639 0.016459146280906372 0.010568286565786754 0.0031215413596027315 0.015919386201110997 0.003819683389104002 -0.030152866823404498 -0.010215129142093817 0.0001517205586081379 0.022766916138370241 0.022553362775246333 -0.015421725871552411 -0.00028624727219816288 -0.0095448917923754515 0.021943383220644198 -0.039250181124390597 -0.04969573384347481 0.019740442736413524 -0.046051235743455904 0.030461604738013622 0.010856690565628203 0.019455267789755332 0.014297420513135255 0.016781089615329547 -0.0063945356273258066 -0.020226413150686323 -0.029541805043227922 -0.00053417131385888729 0.008052174115661127 0.029300259985845001 0.02047411479057119 -0.049777559787801517 -0.04744936880439217 -0.021758579634426699 0.0082210656493566653 -0.049887730538151438 -0.017179839224524422 0.033758160830746335 0.002091788338526886 -0.079198082443089041 -0.058715704460801925 0.009433058018812078 -0.021167447721631316 0.0069871470822718291 -0.011342324216629458
leaf_weight=67.642573158023879 175.17900818935595 688.62946933403146 90.741871650330722 216.98778373282403 361.44784173497465 1058.2570575493155 341.44024625397287 957.01205600681715 86.382091130595654 309.4378106885124 2266.5080735587981 939.70819797652075 136.50306148035452 918.79777759622084 170.89461207960267 53.02420934062684 258.91146234143525 208.17608982301317 49.349893342703581 67.993939808860887 116.01995873008855 764.36778243712615 85.713220840552822 154.06622757017612 1099.1096545043401 168.36438569705933 58.531979333958589 134.65822359209415 386.66621285257861 624.49750534154009 407.21393601200543 54.853048429358751 35.637705572182313 53.505076275672764 80.219417296466418 67.034929310670123 212.04260847205296 35.952152214478701 388.88792888727039 528.52515937783755 697.43414174648933 194.31066935812123 529.23770968220197 561.04600994492648 307.25046337256208 205.10313402221072 951.67967420001514 354.67669495241717 18.187310243141837 33.590802966617048 94.780777021544054 157.74546973011456 24.649024404585361 114.98417107760906 182.1378306937404 3576.9959283312783 18.670719500398263 32.440679360646755 14.320404157973824 94.227038092911243 339.88458415772766 261.61001089587808
leaf_count=410 69526 66748 1843 4637 34744 14782 39222 4086 2059 5120 29825 41651 2179 68085 6600 1965 11587 6578 2496 2458 1992 19094 1439 15223 35138 11406 1462 1735 23204 13017 14309 586 1417 2812 4001 6933 1110 3185 2861 5430 9591 5322 31226 73867 5088 5728 3295 1923 792 1167 1518 1805 459 2129 1638 68392 407 1465 382 3349 6070 6813
internal_value=-7.44867e-05 -0.00332794 -0.00202602 -0.0159351 -0.0205833 -0.000902143 -0.00315275 0.0167289 0.00380814 0.00273462 -0.000445567 -0.00194959 0.0120377 -0.0147851 -0.0160712 -0.00131417 -0.0249691 0.00425471 -0.0181066 -0.00821211 -6.82657e-05 -0.000302678 0.0119794 -0.000948596 -0.000333648 -0.0154842 0.00581743 0.00903394 -0.00249002 0.00232042 -0.00490049 0.00696113 -0.00947184 -0.00786508 -0.00458832 -0.0176214 0.0222122 -0.0226034 0.00903591 0.00480431 0.00984429 -0.0209948 -0.0166618 -0.0273494 -0.00154153 -0.0073226 0.0250469 0.0152316 -0.00206026 -0.0133344 0.00871534 -0.00311426 -0.010631 -0.00427787 0.0235598 0.000329674 -0.0107434 -0.00608031 -0.0389502 0.00146683 0.00447068 -0.000996307
internal_weight=23643.9 19811.9 18427.2 1372.7 1384.74 17054.5 11541.5 3831.94 5512.96 5214.54 3606.17 10464.9 2457.94 1076.57 1209.56 10074.1 947.541 425.164 390.79 1536.94 8537.2 8484.18 419.509 8064.67 7742.24 322.431 2007.46 1541.71 5734.78 777.343 465.746 1500.93 151.658 1339.66 441.667 985.833 298.425 767.893 1364.43 975.538 1608.37 281.407 597.232 596.998 5348.12 1304.21 1374 422.319 642.685 227.901 781.051 252.526 194.486 169.837 267.851 4043.91 372.682 354.012 46.7611 3671.22 910.932 601.495
internal_count=815381 788700 596777 89550 191923 507227 422556 26681 84671 81502 53908 345695 21053 76861 122397 303977 78335 11215 41718 75335 228642 226677 6486 220191 193562 26629 50409 34638 143153 15544 15771 16967 3409 24083 38745 75018 3169 83652 14788 11927 27594 9301 33684 77052 119949 40866 5628 2333 13809 6489 8753 3323 3174 2715 3077 79083 7342 6935 1847 71741 18003 12883
cat_boundaries=0 1 2 3 4 5 6 7 8 9 10 11 12
cat_threshold=819401 2209 431118 140739 4772 214274 131110 296709 428250368 32805 12 132162
is_linear=0
shrinkage=0.05


Tree=26
num_leaves=63
num_cat=9
split_feature=1 33 10 24 14 25 29 36 49 49 47 35 4 35 31 46 45 29 46 22 7 18 17 3 45 20 20 33 13 33 28 45 2 33 17 20 5 19 6 11 43 34 22 6 23 49 46 1 10 35 20 19 36 14 3 11 45 16 16 29 24 40
split_gain=402.488 187.042 116.93 75.2365 64.3791 95.0549 61.9906 49.7301 47.4346 37.9776 36.7721 36.2626 33.6974 33.2771 33.262 32.2625 31.7066 30.5571 30.4736 30.3521 28.7148 28.6343 32.6533 27.5214 29.5328 25.9742 41.39 34.3711 32.1494 25.8219 25.6232 24.6482 24.465 23.8327 23.3487 27.6772 22.7917 34.2568 27.0299 22.3903 21.7281 21.5491 21.4636 21.3153 26.3107 21.226 21.1027 21.0928 21.0591 20.6074 19.9892 19.6852 19.5875 18.6008 19.1003 18.5668 18.1937 18.191 17.7018 25.2794 18.5623 18.4048
threshold=9.5000000000000018 5.5000000000000009 7.5000000000000009 9.5000000000000018 1.0000000180025095e-35 24.500000000000004 0.81997862458229076 1.5000000000000002 26.491062164306644 3.297942161560059 0 0.22474747896194461 8.5000000000000018 0.98304599523544323 12.500000000000002 1 2 1.7853302359580996 3 37.254066467285163 0.90660670399665844 0.40824915468692785 0.16141439229249957 0.13490817695856097 4 0.030842863023281101 0.031840590760111816 21.500000000000004 1.5000000000000002 11.500000000000002 2.5000000000000004 5 8.5000000000000018 27.500000000000004 0.015877015888690952 0.030842863023281101 0.37113590538501745 126.50000000000001 2.5000000000000004 20.500000000000004 6 0.036271911114454276 40.029211044311531 5.5000000000000009 51.500000000000007 14.728317260742189 7 17.500000000000004 1.5000000000000002 0.534959375858307 0.013155112508684398 582.00000000000011 4.5000000000000009 5.5000000000000009 0.22554097324609759 8.5000000000000018 8 0.29520697891712194 0.93969696760177623 0.9149741828441621 2.5000000000000004 1.0000000180025095e-35
decision_type=8 8 8 2 2 2 2 2 2 2 9 10 8 10 10 9 9 2 9 2 8 10 10 10 9 2 2 8 2 10 2 9 8 10 10 2 8 2 10 10 9 10 2 8 2 2 9 10 8 10 2 2 2 2 10 8 9 10 10 2 2 2
left_child=7 2 12 4 5 9 30 -1 25 36 -9 14 -2 20 18 -11 42 21 -12 29 -8 23 56 24 32 27 28 40 -27 -10 -4 50 -6 -26 35 -22 37 -3 -39 55 -7 -19 -17 -18 57 -42 -15 -5 -33 -14 -24 -28 -13 54 -32 -29 -23 -45 -34 60 -60 -61
right_child=1 3 6 47 17 8 13 10 19 15 11 52 49 46 -16 16 43 41 -20 -21 34 22 31 -25 33 26 51 39 -30 -31 53 48 58 -35 -36 -37 -38 38 -40 -41 45 -43 -44 44 -46 -47 -48 -49 -50 -51 -52 -53 -54 -55 -56 -57 -58 -59 59 61 -62 -63
leaf_value=0.043682799997359412 0.027333796109279791 0.036739805649768628 -0.051790890932688897 -0.044257638996067591 0.0025118462630191111 -0.032990610475465892 -0.032368722831509884 0.027084175625614861 -0.045000023756276347 -0.027691575534439634 0.0154537098365312 0.022196605349222832 0.011063064521070727 -0.029557875289227133 -0.044991638514880361 -0.031883325008423967 0.022500225941144564 0.011802917682728531 -0.026170450124000974 0.0070007191478793198 -0.033017161603200951 0.0080975564053274596 0.040593963831903168 0.01422060359307116 0.007924987476680358 0.0033551567882752031 0.0005068218202227419 -0.016254656601788847 0.036086117266803538 -0.010613609694398009 -0.029143447220186986 0.038476043060158095 -0.024418312084056912 -0.010604069427668741 0.001563229675316271 -0.0061803238549159112 -0.011959091538715928 0.042940770526511678 -0.032548509586734824 -0.0063725931489842097 -0.0044137583509087563 0.037238069133106656 0.0040875292081769344 -0.042653332325319961 -0.019571859457350765 -0.024024903216324684 -0.012883951703707548 -0.0066917028934636155 -0.0035297997041089284 -0.0076972013309450048 0.016157267178545282 0.010189382264755423 0.011161793556749925 0.031045332929207994 0.0016153048439094344 0.0040070273734414876 -0.041049443211723706 0.010638921367427981 -0.043731224258612388 -0.013828442264872221 0.01349205775354413 0.036316438285166584
leaf_weight=165.35445729549974 130.86136253643781 82.408022401272319 110.87429559923476 118.38303800334688 244.16070761694573 91.252832633792423 101.53271963610314 561.1924130350817 114.33333358587697 466.68158607470104 127.55572739243507 592.89861317281611 238.07391425268725 367.1036525889067 40.375601312145591 204.71646782394964 69.069718300132081 351.47659032745287 48.813521747477353 77.195378215285018 124.00646598404273 31.156914308667183 112.77267260616645 324.42951042740606 777.32940200157464 148.40041798632592 7076.5130528042791 115.60881305637304 149.10220931190997 108.03618285316043 602.83120177662931 29.489187419647351 276.75120587658603 218.3648777527269 599.15169939561747 389.56860944686923 118.81079426285578 11.345021882792933 40.250114969327115 1018.4261499325512 678.95473043620586 107.96571047930047 50.378057622234337 12.595404972555114 193.43340011115652 169.29250421258621 536.1418757326901 56.495584899326786 216.92996752006002 362.98753867403138 341.7724877956789 562.04647835367359 1309.2166579230689 10.309626474510877 54.485140983888414 1826.4278295087861 28.469417782500386 181.54372506064828 37.881633303593844 25.985786521807313 18.286431317217648 43.415272005600855
leaf_count=425 1178 2177 30955 49967 4603 8827 11703 2091 5455 61152 616 2039 4079 30275 641 28794 2362 3378 490 1288 13258 542 735 5462 17167 1411 127037 5667 619 5483 57823 207 13044 6284 32000 16822 14991 244 3422 31143 31894 592 4643 3005 20515 10094 38491 3679 4330 9770 3420 5943 8093 189 5972 40391 900 12703 2258 644 1000 561
internal_value=-0.000249128 -0.00269002 -0.0129842 -0.000480678 -0.000135295 -0.00163787 -0.0174909 0.0173586 -0.000198262 -0.0138013 0.0156561 0.0123868 0.00484484 -0.0130021 -0.00680303 -0.0175607 -0.0102418 0.00625433 0.00293868 -0.0196815 -0.00754711 0.00422645 0.0124306 0.00102999 -0.00161122 0.000302954 0.00194465 -0.00303595 0.0200846 -0.0288945 -0.0295394 0.0154787 -0.00980426 0.00379083 -0.00514756 -0.0129161 0.00372258 0.0175564 -0.0136223 -0.000385691 -0.0113409 0.0181165 -0.0239179 -0.00208422 -0.0067493 -0.00834775 -0.0202534 -0.0326451 0.00207957 -0.000236497 0.0221145 0.00122547 0.0146506 -0.0254866 -0.0266009 0.00276221 -0.0218276 0.00619728 -0.0174585 -0.00177147 -0.0255212 0.0178732
internal_weight=23401.7 20556.3 3627.93 16928.3 16753.5 13566.8 2896.01 2845.41 12135.6 1431.23 2680.05 2118.86 731.923 2117.51 216.745 1178.42 711.737 3186.64 176.369 299.565 1214.26 2727.2 760.591 1966.6 1642.18 11836 7936.06 3899.96 297.503 222.37 778.5 700.964 646.481 995.694 1112.73 513.575 252.814 134.003 51.5951 2960.46 939.5 459.442 255.095 456.642 387.573 848.247 903.246 174.879 246.419 601.061 454.545 7638.56 1902.12 667.626 657.316 1942.04 59.6263 194.139 402.32 125.569 56.1681 69.4011
internal_count=814943 800548 252515 548033 494387 429260 237488 14395 275252 154008 13970 11879 15027 142549 1747 133174 72022 65127 1106 12226 73783 61157 10134 51023 45561 263026 135010 128016 2030 10938 94939 8692 22110 23451 62080 30080 20834 5843 3666 77201 50815 3970 33437 38585 36223 41988 68766 53646 4537 13849 4155 132980 10132 63984 63795 46058 1442 15708 17507 4463 3258 1205
cat_boundaries=0 1 2 3 4 5 6 7 8 9
cat_threshold=270557840 207141 63790 8915 629281 467490 40992 68821 659628
is_linear=0
shrinkage=0.05


Tree=27
num_leaves=63
num_cat=8
split_feature=1 33 13 25 24 15 2 14 13 29 49 8 36 29 45 19 45 4 45 46 29 11 18 32 8 18 1 6 48 19 48 45 46 48 6 12 21 23 31 16 19 46 5 20 37 5 7 25 37 31 46 19 37 48 33 20 21 2 19 20 27 49
split_gain=408.648 159.914 102.66 71.6893 68.3439 54.1055 50.4731 49.8552 46.1831 53.9528 47.035 45.8468 43.1001 40.4264 38.3789 37.5447 35.5147 33.827 31.2172 30.3772 28.3668 27.4774 31.5986 24.6176 24.1207 23.4278 23.2604 21.9214 21.6408 21.2709 34.3399 28.9424 20.6852 20.6598 21.6328 22.2892 20.5383 21.3249 25.746 25.6476 21.4312 20.4051 20.3604 20.5459 25.2159 22.583 21.5787 20.3168 20.2386 19.6955 19.5645 26.0424 21.0707 20.4589 23.7674 19.4617 22.555 19.3544 19.1943 19.0766 18.8491 23.2449
threshold=16.500000000000004 6.5000000000000009 1.5000000000000002 1.5000000000000002 1.5000000000000002 0.027212143875658516 2.5000000000000004 1.0000000180025095e-35 1.5000000000000002 1.542070806026459 21.666666984558109 1.5000000000000002 3.5000000000000004 1.717357933521271 0 90.500000000000014 1 8.5000000000000018 2 3 3.7905281782150273 8.5000000000000018 0.12304734438657762 2.5000000000000004 13.500000000000002 0.16233107447624209 7.5000000000000009 6.5000000000000009 1.5757976174354555 91.500000000000014 0.88326251506805431 4 5 0.31247235834598547 6.5000000000000009 1.0000000180025095e-35 0.987856686115265 54.500000000000007 6.5000000000000009 0.66352203488349926 183.50000000000003 6 0.61914172768592846 0.033118095248937614 20.500000000000004 0.22360349446535113 0.91473403573036205 83.500000000000014 42.500000000000007 13.500000000000002 7 130.50000000000003 24.500000000000004 2.0595774650573735 17.500000000000004 0.032704509794712074 0.93382263183593761 3.5000000000000004 7.5000000000000009 0.030842863023281101 44.500000000000007 3.5569219589233403
decision_type=8 8 2 2 2 10 8 2 2 2 2 10 2 2 9 2 9 8 9 9 2 10 8 10 10 8 10 8 10 2 10 9 9 8 8 10 2 2 8 10 2 9 10 2 2 10 10 2 2 10 9 2 2 8 10 2 2 8 2 2 2 2
left_child=12 2 4 7 5 14 18 -3 9 11 21 16 26 -7 -2 24 25 -4 -5 -9 42 -11 23 -23 32 -8 -1 -19 -13 30 -24 -31 -10 -18 60 36 37 39 40 -36 -39 -15 43 44 45 -17 -46 -27 -32 -25 -40 52 -52 -53 -55 56 58 -6 -14 -22 -35 -62
right_child=1 3 17 6 57 13 8 19 15 10 -12 28 55 41 -16 20 33 27 -20 -21 59 22 29 49 -26 47 -28 -29 -30 31 48 -33 -34 34 35 -37 -38 38 50 -41 -42 -43 -44 -45 46 -47 -48 -49 -50 -51 51 53 -54 54 -56 -57 -58 -59 -60 -61 61 -63
leaf_value=0.029522195624492382 -0.0080064768118115626 -0.046585703793265681 0.020356190149372726 0.023874201528614601 0.018352231628809088 -0.013408373895035589 -0.030221608672593187 0.0096507230964650009 0.030938024060073274 0.0072782815112332633 -0.014677555959762828 -0.029083874167827341 -0.045285372920255217 0.011056457599737919 -0.029132805706419712 0.017563369744272733 -0.026830996568922384 0.008714154921089427 -0.013481622273119604 -0.024008960777393465 -0.033010995867158228 -0.0056140623698190508 0.0013841367134942821 -0.049651407427292606 -0.039100300152575242 -0.0049560279865146842 0.013324592749715765 -0.0074520656002533565 -0.001035433084655066 0.0041785038222977465 0.013303755495449982 -0.0090838886640117796 0.0025886411792150595 0.038032270933275519 -0.0040845651482007026 0.0058680243187370458 -0.019304373671659367 -0.029262913777569129 -0.01306587239535591 0.014703660337090649 -0.0088375495658079214 -0.010225433491220723 0.02325629945712893 0.0045619135256389914 -0.0052497078003508821 -0.029734384071400544 0.026084151616613566 -0.053384097303265376 0.042936470716779085 -0.0042569219002105661 -0.032266103347377902 -0.015698473916313557 0.027018139505017774 -0.00013433244936564203 0.044513799851977273 0.016681709589371371 0.015013374915780607 -0.038867067820648138 0.0027982947834482158 0.030533690565638566 0.030677766921590119 -0.0045869370539642386
leaf_weight=717.18705319287255 356.56488987756893 127.9219454996346 180.50020810007118 317.6374148176983 12.626117569394408 910.747296743677 200.55913871608209 118.95666670019273 211.50886831944808 1876.9484500667895 428.70545180200133 293.27309798699571 16.469995233695954 335.43163923954125 680.41526568250265 224.21837746701203 83.387420171056874 288.71966525097378 60.338669785065576 124.80764465150423 8.9546756369527412 666.23923880595248 460.01683292514645 57.266989726806059 12.186754322843624 307.15837877977174 338.86379774683155 729.92551477905363 89.867478272877634 1145.0500486461679 170.30036546289921 622.493353350088 106.70086455671117 47.293693354702555 467.70067462662701 536.8686033730628 231.85180740687065 183.35608906461857 325.60975836100988 290.3701500846073 426.90130452229641 153.16115457355045 103.07500101206824 2282.8916057015304 1796.1048669097945 23.794695183401927 51.775329502066597 18.445582948392257 88.200584463309497 40.419010570272803 12.691669844440183 212.70139000751078 124.9611619230709 607.69393218704499 26.342563914018683 1220.3326858825167 549.51661634701304 357.00947857421124 620.80211462196894 120.93599801929668 58.267788160359487 175.02840641583316
leaf_count=2137 16946 64956 2600 2234 321 67053 17614 6104 2105 42253 17489 44959 418 15299 71274 2629 6711 5928 1291 8708 669 23326 7156 3375 468 16769 2679 29345 11302 21895 3395 21375 2315 1487 13756 11572 12187 12301 11806 9840 15641 9353 1209 21491 36455 608 1190 1236 937 2136 877 9355 3646 6556 407 6064 4219 62800 5823 559 1379 7709
internal_value=0.000144568 -0.0026058 -0.0115323 -0.000363894 -0.0167576 -0.0136639 0.000156638 -0.0219178 -0.000294423 -0.0022044 0.00113514 -0.00613194 0.0159874 -0.00720885 -0.0222982 0.00367511 -0.00465256 0.000713272 0.0180841 -0.00829644 0.00249754 0.00247038 -0.000313214 -0.00917302 0.0198296 -0.0166512 0.024412 -0.00284981 -0.0226031 0.0024222 0.00964386 -0.000532368 0.0226564 -0.00292504 -0.00236287 -0.0034541 -0.00518096 -0.00392466 -0.00672294 0.00316123 -0.0151624 0.00436597 0.0018155 0.00128484 -0.00228697 0.0125276 -0.00430375 -0.00846538 0.0240373 -0.0319906 -0.00274875 0.000836269 0.0206128 -0.00247107 0.00205446 0.0122484 0.00763899 -0.0366937 0.00121273 0.0250917 0.0108687 0.00467962
internal_weight=23436.1 19972.9 4005.1 15967.8 2805.96 2436.32 15596.1 371.686 15218.1 10276 5555.64 4720.33 3463.17 1399.34 1036.98 4942.15 4337.19 1199.15 377.976 243.764 4611.75 5126.93 3249.99 763.925 330.396 526.163 1056.05 1018.65 383.141 2486.06 718.518 1767.54 318.21 3811.03 3727.64 3447.05 2910.18 2678.33 1920.26 758.071 610.257 488.593 4481.86 4378.78 2095.89 248.013 1847.88 325.604 258.501 97.686 1310 984.391 137.653 846.738 634.036 2407.12 1186.79 369.636 637.272 129.891 280.59 233.296
internal_count=815697 794357 280919 513438 243046 179925 433670 79768 430145 360447 143337 217110 21340 91705 88220 69698 160849 37873 3525 14812 64810 125848 83595 28837 4888 35619 4816 35273 56261 54758 11488 43270 4420 125230 118519 107944 96372 84185 60589 23596 27942 24652 63582 62373 40882 3237 37645 18005 4332 5511 32647 20841 4523 16318 6963 16524 10460 63121 6241 1228 10575 9088
cat_boundaries=0 1 2 3 4 5 6 7 8
cat_threshold=1573760 35969 468064 171013 393376 2147 3379 103809
is_linear=0
shrinkage=0.05


Tree=28
num_leaves=63
num_cat=17
split_feature=1 33 14 25 13 3 29 2 45 29 36 23 48 16 3 21 29 6 47 18 45 17 47 23 21 35 37 11 49 17 47 15 35 45 16 37 45 45 46 49 15 28 45 46 36 45 1 47 16 48 34 16 23 49 46 11 45 20 5 32 45 46
split_gain=408.708 153.015 101.93 70.9441 60.0249 64.4877 56.3062 53.7794 49.1249 44.0289 41.1021 39.6576 33.863 32.4298 31.7121 31.1243 29.7794 31.1382 29.1834 28.6415 28.3899 26.6996 24.8947 24.1403 27.9714 76.6793 31.545 23.5727 22.9065 22.7891 20.5411 19.7548 19.4905 19.203 19.1813 19.0977 34.7205 19.9041 23.7999 20.8406 19.0174 18.9717 18.7759 17.9462 17.8109 17.7893 17.2885 17.0151 17.5115 18.5129 19.9902 27.9645 19.567 16.7846 16.78 16.7008 16.6979 16.5264 16.4918 16.4824 16.3522 16.3108
threshold=8.5000000000000018 6.5000000000000009 1.0000000180025095e-35 7.5000000000000009 1.5000000000000002 0.51015409827232372 2.2207002639770512 10.500000000000002 0 3.5651031732559209 1.5000000000000002 24.500000000000004 0.64194935560226452 0.21466974169015887 0.34127059578895574 0.20473174005746844 1.7408522963523867 11.500000000000002 1 0.12304734438657762 2 0.7947368621826173 3 2.5000000000000004 0.99103119969367992 0.3178947269916535 30.500000000000004 35.500000000000007 8.771792411804201 0.54335841536521923 4 0.30495168268680578 0.98304599523544323 5 0.73385417461395275 28.500000000000004 6 7 8 5.9548006057739267 0.3483316451311112 26.500000000000004 9 10 5.5000000000000009 11 34.500000000000007 12 0.87138131260871898 0.83445709943771373 0.022300847806036476 0.4016129076480866 27.500000000000004 3.1744575500488286 13 24.500000000000004 14 0.033088864758610732 0.11841176077723505 2.5000000000000004 15 16
decision_type=8 8 2 2 2 8 2 8 9 2 2 2 8 10 8 2 2 8 9 10 9 10 9 2 2 8 2 10 2 10 9 10 10 9 10 2 9 9 9 2 10 2 9 9 2 9 10 9 10 8 10 10 2 2 9 8 9 2 10 10 9 9
left_child=10 2 3 -2 5 6 -3 22 -9 14 -1 54 -10 -5 -6 20 17 42 19 31 -12 -16 35 -14 27 26 28 30 55 -22 -25 -13 58 -11 -35 36 -7 38 39 -37 -20 -32 -15 -23 -17 -21 -24 48 49 -27 51 -51 -52 -38 -4 -26 -50 -34 -18 -59 -33 -39
right_child=1 4 11 13 9 7 -8 8 12 33 15 18 23 16 21 44 32 -19 40 45 29 43 46 24 25 47 -28 -29 -30 -31 41 60 57 34 -36 37 53 61 -40 -41 -42 -43 -44 -45 -46 -47 -48 -49 56 50 52 -53 -54 -55 -56 -57 -58 59 -60 -61 -62 -63
leaf_value=0.042952689978295655 -0.038030245469660544 -0.042326293407414894 -0.0092190001972941218 -0.026131173487150335 0.016493826329227381 -0.015920130554903635 0.02565606064307803 -0.025001746314702662 -0.012566824137874617 0.029204687094575361 0.013740646044675703 -0.022794873896407726 0.039126413773386305 0.0085088568730982243 0.00081733391944133812 0.02270687585881502 -0.002180397053934767 -0.023603757218102168 -0.02718879955966615 0.014280864941797523 -0.051272985609305738 0.023333582817496312 -0.0021312624130373488 0.00036523199676197628 -0.033824063350360922 -0.030484816520522345 -0.060060986870801164 -0.026912660821933717 -0.041175316557160946 0.013110139694226686 -0.047194370914000347 0.02060302670378698 -0.025781183690680987 -0.02792606458502337 0.020289480538405173 -0.0007061497906733226 -0.037348517809413131 -0.0041190624595936398 0.014596805095848134 -0.060533278587583873 -0.00098268696003179167 -0.0076411023791439422 -0.016547108677555888 -0.012580348181752625 0.01399213631599195 -0.0050170288637303162 -0.040662966828299008 -0.025527827640749817 -0.021618899269336144 -0.0039947159670800057 0.019069464141327246 -0.04119489436787617 -0.013420708582110167 0.016127912341645217 0.019530420721728312 0.01865545737928832 0.016240343036469065 -0.015762602678174618 0.023306562446514828 0.010622929591845163 -0.010963976253158845 0.022041597123055409
leaf_weight=151.67109868722036 344.14982843102189 163.43316868663533 56.216084091225639 428.23570563434623 393.8389639519155 156.25698885414749 33.643614880624227 236.0658528127824 773.91225178539753 223.55920758377761 70.115388682112098 171.02009618910961 31.094010169385001 148.37376462109387 4104.5969578741351 1028.6892076192889 529.24011567165144 621.25626556563657 199.08314268535469 320.23754938249476 42.496042536338791 194.96224633278325 166.91354691935703 6833.2590667024488 17.012278893962502 60.125031102681533 81.475152663013432 79.463370225043036 53.1393627654179 16.902030980912969 27.872881081711967 54.625606133136898 156.39243593520951 32.426491127815098 40.976030228892341 30.896182378521189 10.907605421030892 68.949352446710691 72.323073205770925 22.727094355970621 105.35182914766483 450.36457859864458 124.2116714399308 35.255916562629864 1463.8159670830355 179.45706214592792 30.426304747350514 66.296769288543146 22.107311405066866 538.60766999586485 158.68602119054412 50.942126815964002 60.54502915230114 250.06619641394354 268.34887830773368 43.810549543122761 178.67723912216024 137.22436880751047 67.035116638289765 96.861582598881796 85.538519881898537 523.44037452014163
leaf_count=393 75474 63534 1641 38235 5675 3079 888 33993 58151 1012 515 8167 618 7012 58884 3425 24207 61364 10216 7307 755 2776 3243 185651 962 4366 7024 4927 4621 119 3429 1020 11886 991 601 555 346 1261 1294 764 3391 11954 7161 1029 8393 6051 2112 4453 1926 16672 6450 4112 3642 3566 3901 1981 6247 8025 1516 4687 2720 4841
internal_value=-7.7782e-05 -0.00252626 -0.0111642 -0.0169682 -0.000357083 -0.00237979 -0.0303732 -0.00186916 -0.00315604 0.00418615 0.017913 -0.000448556 -0.002573 -0.0137534 0.00300069 0.0163855 -0.010873 -0.0174618 -0.00493209 0.000159498 -0.007275 0.00175718 0.00753368 -0.00168569 -0.00185351 -0.00851038 -0.0370273 -0.000649386 -0.0187275 -0.0288734 -0.000345753 -0.0116393 -0.00484658 0.0227006 -0.00127083 0.0103308 0.00187842 0.0153361 -0.00304458 -0.0248277 -0.0177101 -0.0101998 -0.00329061 0.0181403 0.0176271 0.00755286 -0.00850962 -0.00346352 -0.00172999 -0.00482852 -0.00274563 -0.00752853 0.00999747 0.0127532 0.0147995 0.0025225 0.0113865 -0.0134537 0.000854909 -0.0048508 0.00228842 0.0189702
internal_weight=23185.6 20411.9 4092.86 2652.98 16319.1 11293.4 197.077 11096.4 9763.46 5025.62 2773.69 1439.88 9527.39 2308.83 4728.65 2622.02 1880.6 893.842 1115.31 810.879 129.513 4334.82 1332.91 8753.48 8722.38 1331.42 195.437 7390.96 113.962 59.3981 7311.5 311.184 986.754 296.962 73.4025 1135.57 417.231 718.336 125.946 53.6233 304.435 478.237 272.585 230.218 2492.51 499.695 197.34 1135.99 1069.69 868.906 808.781 589.55 219.231 260.974 324.565 60.8228 200.785 390.478 596.275 234.086 140.164 592.39
internal_count=815211 801611 283981 239567 517630 446662 64422 382240 361179 70968 13600 44414 327186 164093 68364 13207 125858 75537 38872 25265 1389 62689 21061 269035 268417 62456 14588 205961 7564 874 201034 11907 50321 2604 1592 15706 6991 8715 2613 1319 13607 15383 14173 3805 11818 13358 5355 47868 43415 35242 30876 20784 10092 3912 5542 2943 8173 24598 25723 12712 3740 6102
cat_boundaries=0 1 2 3 4 5 6 7 8 9 10 11 12 13 14 15 16 17
cat_threshold=34816 302842448 80166 321008544 36536515 128 858308 38535 148503 334115 117186 853192 104893985 37216 70664 435264 59473
is_linear=0
shrinkage=0.05


Tree=29
num_leaves=63
num_cat=4
split_feature=1 25 13 33 14 45 5 16 48 33 29 14 36 45 35 48 7 19 35 49 19 1 30 34 34 23 25 45 48 35 21 28 23 19 22 16 19 48 19 22 20 26 19 21 45 48 35 17 21 35 34 28 49 23 29 21 34 29 12 20 35 19
split_gain=367.605 163.516 86.3348 104.051 84.4679 47.674 43.6676 43.6399 42.7302 40.9056 40.6045 36.0238 33.0188 31.5528 31.338 29.0319 28.7535 30.0299 24.2107 24.0941 23.1959 22.8741 29.9775 24.3928 22.7851 22.6154 23.1904 21.9759 20.6636 20.5515 27.1535 20.3484 20.0072 19.9664 21.969 19.8696 19.3912 18.9144 24.1493 18.8742 18.4822 18.1767 21.4413 25.087 18.0906 17.8697 17.8459 17.5773 17.4966 17.6159 17.4467 28.7893 17.4348 17.5056 26.5892 20.6703 17.3912 17.0181 39.8229 25.376 25.1666 17.3971
threshold=38.500000000000007 7.5000000000000009 2.5000000000000004 4.5000000000000009 1.0000000180025095e-35 0 0.17256250232458117 0.21466974169015887 0.53867197036743175 31.500000000000004 0.83886700868606578 1.0000000180025095e-35 6.5000000000000009 1 0.57359308004379284 0.74502089619636547 0.59002813696861278 59.500000000000007 0.84698995947837841 2.9978065490722661 119.50000000000001 9.5000000000000018 7.5000000000000009 0.019877942278981212 0.018771264702081684 46.500000000000007 3.5000000000000004 2 0.32269708812236791 0.22474747896194461 0.94986033439636242 2.5000000000000004 54.500000000000007 47.500000000000007 34.536512374877937 0.69274476170539867 67.500000000000014 0.79892820119857799 110.50000000000001 32.307071685791023 0.0081741306930780428 2.5000000000000004 49.500000000000007 0.059411764144897468 3 0.70470693707466137 0.060661764815449722 0.10367219150066377 0.61125501990318309 0.50581395626068126 0.031300462782382972 17.500000000000004 0.83333301544189464 7.5000000000000009 2.2394030094146733 0.74341648817062389 0.012343825772404672 3.6113295555114751 1.0000000180025095e-35 0.024913006462156776 0.092121213674545302 200.50000000000003
decision_type=8 2 2 8 2 9 10 8 10 10 2 2 2 9 10 10 10 2 10 2 2 10 2 10 8 2 2 9 8 10 2 2 2 2 2 10 2 10 2 2 2 2 2 2 9 10 10 10 2 10 10 2 2 2 2 2 10 2 10 2 10 2
left_child=10 4 3 8 6 14 31 9 -3 15 18 29 13 -12 19 -7 17 24 27 46 -6 -20 50 -24 35 47 -27 41 40 30 -10 -2 -8 -13 44 -9 -34 38 -4 -11 -19 -1 -43 -44 -35 -18 -5 -25 -21 -50 -23 -52 -17 -54 55 -55 -39 -30 59 -59 -61 -60
right_child=1 2 37 5 20 7 32 16 11 39 12 33 -14 -15 -16 52 45 28 21 48 -22 22 23 25 -26 26 -28 -29 57 -31 -32 -33 36 34 -36 -37 -38 56 -40 -41 -42 42 43 -45 -46 -47 -48 -49 49 -51 51 -53 53 54 -56 -57 -58 58 61 60 -62 -63
leaf_value=-0.036719505583000932 -0.050243021390246036 -0.033688332565379314 -0.048775219470474307 0.027083028237328433 -0.0048605251813150395 -0.033337916769801627 0.019833232194795273 -0.066838432058405589 0.0026080788606555102 0.0093145083904149998 0.030718881917222093 0.020828569121499524 0.0097345646030624084 0.015312527365145535 -0.024903922669296336 0.016561241490300842 -0.028129016412651222 0.0090080034912796304 0.017751416738179357 0.022227376006498215 -0.032176387431510543 0.027834924337996361 0.016596641821174315 -0.041660917981894086 0.021017856984436596 -0.049757391518008495 -0.0089926591396159231 0.013978594961312077 0.00038297953850801366 -0.01739621217242945 -0.033103929376175824 -0.02936988563299401 0.035871465260010164 0.013687217089606338 -0.020500555715785657 0.0054863158260519069 -0.024260664478800868 -0.024631035830959266 0.0067193903998762905 -0.0075308442774819784 -0.035193677831150974 0.0146388990277714 -0.064384199296778688 -0.0066913221725230891 -0.022073801656247043 -0.0057093761069274629 -0.040232574212217209 0.014246440870844168 -0.017725712594681291 0.039905997051948916 0.020078419953817032 -0.056232467507211559 0.01011166173729521 0.0026691033787247329 -0.032529944888502887 -0.016172733905948481 0.020210710335812801 -0.051308919639751371 0.033848248355414355 -0.0023276655980952934 0.012954709198573212 0.0010661506282400467
leaf_weight=41.695013327756897 177.43152223320794 216.84831105940975 16.453902076929808 74.975098225288093 837.42913778952789 156.35887958761305 47.146893856814131 9.3488535224460048 302.65370233519934 378.9525618578773 603.42487752996385 106.48625259334221 959.77789158979431 974.6346050275024 327.3879719581455 52.985791975399479 105.04259102093056 32.485158205032349 622.37046122335596 31.650522934389301 81.063525372301228 137.90330005064607 84.380387163488194 11.908055504085494 285.98950732196681 56.310780422994867 87.489518334856257 157.74435125989839 9363.2367692493135 1108.8056183477165 59.43744441960007 461.21944640798029 10.808148352545684 153.33278219262138 115.93145678355359 26.106683528749272 104.01339805324096 18.378032016567886 223.19290651497431 288.5366146271117 67.75594123324845 109.63793993159197 15.522364586824549 255.66454026917927 31.057420229073614 484.56968773889821 6.748177917674183 79.91540331277065 246.59445519640576 9.3626365805976075 30.410034615546465 14.085146002471445 78.302912225946784 224.26495125261135 153.7421890462283 403.22231449396349 579.72875145240687 16.443687588325702 161.19449948542751 690.89398918068036 435.2857372041326 53.938008171040565
leaf_count=1878 86299 21706 436 2622 38876 11533 3726 467 15088 9276 2317 1770 7064 6441 27903 1549 10536 1694 3272 1447 5531 1287 1647 540 4265 3013 2119 2550 188406 85831 6233 94617 648 3348 3989 476 14601 293 3175 10315 5292 1629 562 4204 1315 29928 744 1673 17063 399 311 324 3310 6755 8208 17939 6145 2996 864 8531 6890 1152
internal_value=-0.000169981 -0.00316839 -0.00168796 -0.00249602 -0.0178446 -0.000956035 -0.0296693 -0.000288574 -0.0128838 -0.007675 0.0131158 -0.0103981 0.0171237 0.0215729 -0.0135676 -0.0137173 0.000807167 0.00137827 0.00711758 -0.00368279 -0.0074325 0.0113815 0.00339343 -0.00582651 0.01632 -0.0140346 -0.0260913 -0.00117422 0.000927091 -0.0140299 -0.00362511 -0.0355142 -0.00624929 0.00274468 -0.00390348 -0.0194879 -0.0173398 0.0139173 0.00199021 0.00203089 -0.0211218 -0.00708985 -0.00359576 -0.0110994 0.00679732 -0.0099065 0.0195254 0.00521916 -0.0104983 -0.0148934 0.019293 -0.00731844 -0.010192 -0.0119275 -0.0141867 -0.00947077 0.0186401 0.001143 0.00636353 0.00259991 0.00361036 0.02584
internal_weight=23059.7 18816.8 17097.7 16259.9 1719.11 14165.4 800.619 13468.7 2094.55 1736.37 4242.87 1877.7 2537.84 1578.06 696.719 1068.88 11732.3 11142.7 1705.04 369.331 918.493 1124.77 502.403 320.004 321.445 235.624 143.8 580.264 10821.2 1470.9 362.091 638.651 161.968 406.808 300.322 35.4555 114.822 837.754 239.647 667.489 100.241 422.52 380.825 271.187 184.39 589.612 81.7233 91.8235 287.608 255.957 182.398 44.4952 912.518 859.532 781.229 627.487 598.107 10721 1357.76 1142.62 1126.18 215.133
internal_count=815018 774187 529889 519840 244298 380560 199891 330382 139280 68885 40831 117574 15822 8758 50178 49294 261497 221033 25009 22275 44407 14186 10914 8992 5208 7345 5132 10823 215825 107152 21321 180916 18975 10422 8652 943 15249 10049 3611 19591 6986 8273 6395 4766 4663 40464 3366 2213 18909 17462 1922 635 37761 36212 32902 24694 6438 208839 20433 18417 15421 2016
cat_boundaries=0 1 2 3 4
cat_threshold=36872 734468 365166 328419
is_linear=0
shrinkage=0.05


Tree=30
num_leaves=63
num_cat=13
split_feature=1 25 14 10 33 13 31 1 48 26 45 47 48 2 45 23 48 32 26 21 35 29 37 13 35 21 35 21 46 45 5 12 21 16 45 29 23 22 49 22 46 13 46 34 46 28 33 49 49 23 8 35 45 36 34 45 20 37 49 45 3 43
split_gain=348.417 157.118 83.1482 75.1298 98.3961 46.7114 43.2875 44.5559 35.3802 30.1014 29.6169 29.2619 26.8633 26.465 26.4388 26.0467 25.3732 25.2116 24.728 24.1768 52.8031 30.3221 28.3219 25.5899 24.9038 35.4711 35.7053 33.2235 36.0194 32.0519 31.3628 29.3741 24.5538 24.0518 23.9648 37.1064 29.8501 27.947 23.655 22.8654 22.6601 22.6375 22.3218 21.437 20.9548 27.084 20.9135 21.0229 20.5293 20.5019 21.4781 20.4739 19.5334 19.4543 19.3125 19.2503 19.0556 19.0382 18.4596 18.4059 18.185 18.0792
threshold=32.500000000000007 7.5000000000000009 1.0000000180025095e-35 3.5000000000000004 8.5000000000000018 1.5000000000000002 2.5000000000000004 3.5000000000000004 0.46862533688545233 2.5000000000000004 0 1 0.31247235834598547 4.5000000000000009 2 54.500000000000007 0.86186924576759349 1.5000000000000002 12.500000000000002 0.98918887972831737 0.3178947269916535 3.6772093772888188 31.500000000000004 1.5000000000000002 0.12916667014360431 0.66742426156997692 0.9439963996410371 0.7504098415374757 3 4 0.35904774069786077 10.500000000000002 0.96130812168121349 0.69631093740463268 5 0.44652128219604498 37.500000000000007 40.797296524047859 6.762770652770997 44.314144134521491 6 1.5000000000000002 7 0.014757869299501182 8 133.50000000000003 17.500000000000004 1.9981946945190432 10.805664062500002 2.5000000000000004 5.5000000000000009 0.57979625463485729 9 8.5000000000000018 0.017921375110745433 10 0.031840590760111816 56.500000000000007 5.2822303771972665 11 0.25400680303573614 12
decision_type=8 2 2 8 8 2 10 10 10 2 9 9 8 8 9 2 10 10 2 2 8 2 2 2 8 2 10 2 9 9 8 10 2 10 9 2 2 2 2 2 9 2 9 10 9 2 10 2 2 2 10 10 9 2 10 9 2 2 2 9 8 9
left_child=6 2 9 10 5 8 -1 -8 -5 -2 -3 -9 54 15 51 -14 -4 -10 34 21 22 24 -21 33 27 26 -26 44 -29 -30 -28 40 43 -23 35 56 -37 57 52 46 -32 -11 -20 -31 -16 -46 47 -22 -35 -19 -51 58 -18 -38 -6 -44 61 -36 -15 -40 -12 -13
right_child=1 3 16 4 12 -7 7 11 17 41 60 18 13 14 19 -17 38 49 42 20 39 23 -24 -25 25 -27 30 28 29 32 31 -33 -34 48 37 36 53 -39 59 -41 -42 -43 55 -45 45 -47 -48 -49 -50 50 -52 -53 -54 -55 -56 -57 -58 -59 -60 -61 -62 -63
leaf_value=0.029637718423081411 -0.045865865680264628 -0.014307977142497673 -0.018259719593619633 -0.036307299747205368 0.037773572861153723 -0.00081155393058253476 0.017979651607231511 0.024098389580119416 -0.02166453049889815 -0.025865772147007388 0.026677374861479954 -0.015941989858889519 -0.034387943399620639 0.011749721319390369 0.027634128722085663 0.027315738155375496 0.019334993764233588 0.042728157894875163 -0.0098509528341456515 -0.014255582449484506 0.012411965998722831 -0.0012919591655534161 -0.053454566412622251 0.031872667232735734 -0.0027214031897590126 0.00049437775883404893 0.0018227162433794724 0.014456923301472153 0.020327429992146262 -0.028420395472842426 0.010006508534700732 0.033719552637114139 -0.043144168381752161 0.0021758290317992778 -0.00029053085279711954 0.0022260905011582941 -0.07580113042265231 0.026979403171178473 0.010273033193896289 -0.044071733997869456 -0.033858969520559862 0.010562316765454714 -0.0037228439931423921 -0.0037089613120236905 -0.0031206756037532885 0.014216042875036625 0.0071514731740744443 -0.010129047350589511 0.036890611295953932 -0.0077507887551259633 -0.028810063470872845 -0.032577030005039392 -0.010137838773109489 -0.016093675599973409 -0.032430313893185653 0.013823487584696054 -0.03196181426255465 -0.057438990609502839 -0.020354659408921796 -0.014263611272547289 0.010095075265152693 0.022099971182380471
leaf_weight=364.66925765085034 201.82649358655908 96.610291678924114 339.96723377192393 160.8400444771396 6.7397049856372169 959.47565768368077 1583.2749169553863 208.36825915356167 523.42272369773127 529.90730086574331 204.62641704780981 36.060338710434735 15.118946645874528 83.105692426674068 149.46887936082203 137.33765934035182 168.50782510708086 14.113995495717971 134.40296833997127 125.21412240131758 120.10121210420039 340.23465559561737 73.250856945291162 118.79757587239146 1015.530609653797 6631.3639507530024 127.63463743240573 237.59306244296022 77.909129322972149 103.51916714175604 31.557509190402925 14.928026106208561 51.332999707665294 77.243879073299468 293.3030079617165 30.218016615370288 41.85970946517773 97.858903654618189 89.927673717495054 26.70071222120896 298.00796964461915 43.690155570395291 184.64755482482724 469.84475185070187 352.35309279593639 612.15051794541068 468.33976250246633 605.73149262857623 91.774370782077312 1428.9145737618674 128.46943647006992 105.35407127265353 72.550767185981385 23.876514428528026 89.705844674259424 974.59506563376635 29.663360472070053 10.338134040590374 86.479653050540946 312.64036583690904 856.10849162575323 76.126761455321684
leaf_count=1296 97051 2414 22624 18919 152 35380 6594 2249 38397 99743 1325 1286 223 3529 3863 953 4883 239 2005 7279 2025 3702 6172 530 27278 113095 4982 4401 2026 2870 1342 372 2606 701 5412 434 1390 1188 2327 3287 17783 2786 2253 10923 14813 11565 17537 21606 618 94217 16152 12167 3298 534 7577 8794 908 325 7921 14875 10612 1542
internal_value=4.51437e-05 -0.00282211 -0.0170302 -0.00135747 -0.00225066 -0.0100597 0.0132677 0.0116273 -0.0139828 -0.0292249 0.0109161 0.00689948 -0.000277385 -7.18096e-05 -0.000328371 0.020299 -0.00731733 -0.0121864 0.00483877 2.59092e-05 -0.00609725 0.000832996 -0.0296815 0.0114505 0.000172213 -0.00107274 -0.00803654 0.00508348 -0.00183608 -0.00750715 -0.0193209 -0.0270686 -0.0113738 0.00642288 -0.00316459 -0.0152147 -0.0390112 0.00433949 -0.00144129 -0.00215798 -0.0302848 -0.0230238 0.00882815 -0.00837766 0.0109057 0.00781851 -0.00104097 -0.00633986 0.0215438 -0.00897085 -0.00957462 -0.0152509 0.0108127 -0.0567849 -0.0259044 0.0110168 0.00062643 -0.00313527 -0.00473591 -0.00882162 0.0132795 0.0102391
internal_weight=22965.3 18876 1759.02 17117 15959.7 3215.24 4089.26 3724.59 2255.76 775.424 1157.35 2141.32 12744.4 12648 12495.5 152.457 983.594 2094.92 1932.95 12220.6 1419.34 10801.2 198.465 628.05 10173.2 8119.02 1487.66 2054.17 940.199 702.606 472.128 344.494 624.697 509.253 639.305 237.805 95.9542 401.5 643.627 1220.87 329.565 573.597 1293.65 573.364 1113.97 964.504 1194.17 725.833 169.018 1571.5 1557.38 274.939 241.059 65.7362 96.4455 1159.24 141.85 303.641 169.585 402.568 1060.73 112.187
internal_count=815350 779140 247587 531553 517202 203304 36210 34914 167924 199580 14351 28320 313898 306169 304993 1176 48007 149005 26071 281376 57906 223470 13451 5551 217919 164852 51757 53067 22826 18425 24479 19497 16399 5021 13019 6094 2358 6925 25383 44455 19125 102529 13052 13793 30241 26378 41168 23631 1319 110608 110369 23617 8181 1924 7729 11047 3736 5737 11450 17202 11937 2828
cat_boundaries=0 1 2 3 4 5 6 7 8 9 10 11 12 13
cat_threshold=178177 271723280 36864 69760 133384 296975 16897 164497 34257 594154 54657 1184896 32960
is_linear=0
shrinkage=0.05


Tree=31
num_leaves=63
num_cat=9
split_feature=1 33 9 16 5 45 14 25 31 29 33 29 35 18 6 49 14 18 48 46 29 47 32 49 22 37 46 6 20 16 20 34 28 6 18 21 45 12 29 46 48 12 46 22 31 11 49 18 37 5 21 26 22 22 28 46 37 25 26 47 33 29
split_gain=319.734 115.405 102.62 44.5903 39.843 39.5118 39.5597 54.3092 37.7364 35.898 33.6119 32.8019 32.3749 30.7914 32.172 27.4332 26.9499 26.862 26.573 26.0267 25.6427 24.9472 24.247 23.6088 25.4205 38.5402 24.5178 23.4489 22.4182 22.1503 22.118 21.9488 20.9955 21.2318 20.9179 27.4849 20.7813 20.7521 20.3624 22.8334 19.9209 19.841 19.7042 19.6553 19.2118 18.5149 18.49 22.2696 22.8642 21.9822 21.0867 19.8514 19.9842 18.5661 18.3004 24.0285 23.9628 18.1842 29.8056 18.1605 18.6455 18.1232
threshold=15.500000000000002 6.5000000000000009 6.5000000000000009 0.23669467866420749 0.17563918977975848 0 1.0000000180025095e-35 5.5000000000000009 9.5000000000000018 1.1926450729370119 35.500000000000007 1.6398198008537295 0.23303167521953586 0.11822947114706041 1.5000000000000002 23.002359390258793 1.0000000180025095e-35 0.043717153370380409 0.59716203808784496 1 2.2119730710983281 2 1.5000000000000002 18.824045181274418 34.141281127929695 32.500000000000007 3 6.5000000000000009 0.032453093677759177 0.21466974169015887 0.021248067729175094 0.022231529466807846 189.50000000000003 4.5000000000000009 0.43826219439506536 0.73467150330543529 4 9.5000000000000018 1.4885832667350771 5 1.6253178715705874 7.5000000000000009 6 40.202941894531257 18.500000000000004 30.500000000000004 7.8616199493408212 0.055946791544556625 48.500000000000007 0.29562264680862432 0.72438931465148937 83.500000000000014 41.60241889953614 40.229091644287116 26.500000000000004 7 30.500000000000004 24.500000000000004 61.500000000000007 8 14.500000000000002 1.8637362718582156
decision_type=8 8 2 8 10 9 2 2 10 2 10 2 10 10 8 2 2 8 10 9 2 9 10 2 2 2 9 8 2 10 2 10 2 8 10 2 9 10 2 9 10 10 9 2 10 8 2 8 2 8 2 2 2 2 2 9 2 2 2 9 10 2
left_child=8 2 4 10 9 17 7 -7 28 16 18 19 40 14 -4 22 -2 -5 -3 30 31 -14 -11 24 -9 37 -27 -20 54 -24 -8 -6 33 -25 -29 45 -15 44 39 -35 61 46 -30 -12 57 -36 47 -28 49 -49 -48 -51 -53 -52 55 56 -1 -26 -59 60 -21 -10
right_child=1 3 13 5 20 6 11 23 12 15 43 -13 21 36 -16 -17 -18 -19 27 59 -22 -23 29 32 25 26 41 34 42 -31 -32 -33 -34 38 35 -37 -38 -39 -40 -41 -42 -43 -44 -45 -46 -47 50 48 -50 51 53 52 -54 -55 -56 -57 -58 58 -60 -61 -62 -63
leaf_value=-0.044281577677686694 -0.032095123809873505 -0.035249135964220718 0.03164110047387321 -0.036899396471447014 0.0082906330961552994 -0.025664685021499264 -0.0018106339743882739 0.0034511305380941059 -0.01808578404406155 -0.021958106201904928 0.0039770512813058411 0.018580206387268147 0.022800717913325046 -0.025868969757614175 -0.010516282203451036 -0.034779047622703355 -0.012901637155473626 -0.0075444895422732694 0.021784014490978974 0.011282358864503302 0.027663533644335055 0.0071745307338675918 -0.022562612939237007 0.024912101531033674 -0.023843457879071859 -0.0085812901977980593 -0.021196349197157807 -0.015397221183328409 0.031645963986202577 -0.0037179679140787597 -0.055184625377699428 -0.014567251857413609 0.0027778419255130356 0.015791359020535443 -0.059073123783394604 0.0085403951915300046 0.014874253437446736 0.013604384482229155 -0.0078148853128771466 -0.031036622922923758 -0.059675347462586084 -0.0080190794681094819 0.014768874060489073 -0.036385947618164778 0.014633827183709744 0.00052952996161281221 0.018956280939627888 0.037122556922052088 -0.052412721495367146 -0.024487395756040666 -0.0044241058938164829 0.01077600031230532 -0.017753888003366591 0.014814604697791859 0.018153652157983997 0.016865608948684708 0.0017634472963822497 0.02543758528755027 -0.0079008656485543161 0.005841720787251964 -0.046196904255994611 0.033391059993013734
leaf_weight=39.469120263122022 570.8880429318524 112.07781563536264 46.406871819403023 99.865602519712411 161.00611222733278 205.18069173418917 44.037814332172275 4747.6089755491121 67.903811999130994 367.70079452532809 571.36663961579325 456.38901267386973 324.40109772025608 21.091135598486289 379.38980241306126 128.69817855302244 282.81634659366682 318.69326967839152 50.492927388637327 20.375396918039769 58.475757172098383 1234.7631176661234 185.24736731080338 35.601014346349984 165.52761954016751 371.45325641881209 93.340088857337832 859.60502597445156 505.30479357903823 881.64684562163893 30.212588220834732 283.67207588092424 429.37029698095284 24.536962074460462 23.434069040697068 213.21912886097562 471.13896239374299 122.21848583826795 643.60087435098831 179.49951960123144 17.481293219141662 240.40291368984617 385.32473769760691 26.838997708779061 92.391703782253899 23.887833685730584 484.81479825230781 47.273661896586418 12.164506673580034 53.355270701693371 273.87876741692889 395.45255309552886 67.844443283509463 223.68086427100934 523.11108783516102 107.65416432230268 76.507125465199351 64.60174724785611 1984.404654438782 1813.9134301774902 31.37786465685349 17.457857094705105
leaf_count=461 99127 15287 428 15431 10363 63901 2314 97892 1051 27012 21723 3940 2212 1188 12435 11145 15465 31273 1170 768 1406 9815 18400 944 15620 14012 3374 49556 1419 53144 1853 21853 8802 1205 1262 7615 8508 2162 19176 11057 286 3750 1481 3063 3437 1435 6692 774 388 2831 7096 5780 1076 2926 2576 751 521 1735 40486 39572 1998 87
internal_value=-0.000157679 -0.00259513 -0.0103588 -0.000688873 -0.0149367 0.000298334 0.000779538 -0.000493326 0.0142245 -0.0175967 -0.00789933 0.00659244 0.00887509 0.00420522 -0.00560771 -0.0130222 -0.0258488 -0.0145576 -0.0124494 0.00373166 -0.00211137 0.0106799 -0.0109564 -1.32076e-06 0.000873305 -0.00173552 0.00295522 -0.0101259 0.0196108 -0.00707999 -0.0227672 -0.00629086 -0.00627116 -0.010661 -0.0116547 0.000750488 0.0126648 -0.00610381 -0.0122925 -0.0258915 -0.0177129 0.0052541 0.0249857 0.00187954 -0.00717509 -0.0318106 0.00723596 0.00081473 0.00453274 0.00621095 0.0115854 0.00305383 0.00645318 0.00428611 0.0130768 0.00106376 -0.0139371 -0.00811589 -0.0067904 0.00493961 -0.0208866 -0.00629283
internal_weight=22791.5 19492.2 3838.18 15654 2920.15 13773.1 13354.5 10958.2 3299.38 2417 1880.92 2396.31 1662.01 918.027 425.797 1563.29 853.704 418.559 1282.72 1939.92 503.154 1559.16 1434.6 10753 9440.41 4692.81 2263.66 1170.64 1637.37 1066.89 74.2504 444.678 1312.61 883.238 1120.15 260.541 492.23 2429.14 847.637 204.036 102.843 1892.21 890.63 598.206 2306.93 47.3219 1651.8 669.431 576.09 563.926 982.374 516.652 463.297 497.56 746.741 223.63 115.976 2214.53 2049.01 1865.67 51.7533 85.3617
internal_count=814510 793850 280474 513376 257915 412265 365561 315116 20660 224293 101111 50445 13451 22559 12863 109701 114592 46704 76325 46505 33622 12027 98556 251215 210031 112139 48699 61038 7209 71544 4167 32216 41184 32382 59868 10312 9696 63440 31438 12262 1424 34687 2900 24786 61278 2697 30937 14223 10849 10461 16714 9687 6856 10022 4309 1733 982 57841 42221 42338 2766 1138
cat_boundaries=0 1 2 3 4 5 6 7 8 9
cat_threshold=559104 188672 67119921 98724 48128 33809 4162 65926 71319552
is_linear=0
shrinkage=0.05


Tree=32
num_leaves=63
num_cat=10
split_feature=1 29 19 16 49 3 36 31 23 7 17 36 7 17 1 45 45 49 37 45 1 4 49 46 28 1 18 1 6 29 35 31 29 46 36 35 44 9 18 23 45 20 23 46 46 2 25 6 5 27 46 49 26 9 19 6 28 29 36 32 17 23
split_gain=312.763 114.381 88.776 58.0042 53.1474 53.166 46.1755 42.1321 42.0234 37.972 42.0671 59.9468 37.9474 34.7981 33.7012 31.9526 30.4505 43.3394 28.6203 28.0784 32.7606 30.7856 26.1651 25.4132 22.0967 21.2972 21.0311 20.7391 20.2232 21.7001 19.9183 24.7915 23.9924 22.7612 19.7392 19.6098 19.4955 19.2024 19.187 19.1846 24.0308 19.0696 29.9669 27.1314 25.2198 20.4509 20.6368 18.9553 18.9108 20.2645 20.3669 19.8012 19.6018 18.8759 18.7162 18.5931 18.4069 20.3434 18.0366 17.8843 42.0921 17.7335
threshold=18.500000000000004 0.87979057431221019 5.5000000000000009 0.21073190867900851 14.507027626037599 0.13490817695856097 1.0000000180025095e-35 2.5000000000000004 3.5000000000000004 0.86313655972480785 0.015877015888690952 2.5000000000000004 0.95967945456504833 0.069136224687099471 2.5000000000000004 0 1 22.5329704284668 31.500000000000004 2 38.500000000000007 2.5000000000000004 0.33127784729003912 3 51.500000000000007 21.500000000000004 0.062223451212048538 22.500000000000004 5.5000000000000009 3.614962220191956 0.27178031206130987 10.500000000000002 1.2967967391014101 4 1.0000000180025095e-35 0.1132478639483452 5 23.500000000000004 0.65791222453117382 52.500000000000007 6 0.01321923127397895 46.500000000000007 7 8 3.5000000000000004 78.500000000000014 12.500000000000002 0.25044746696949011 14.500000000000002 9 4.5395202636718759 160.50000000000003 36.500000000000007 135.50000000000003 9.5000000000000018 6.5000000000000009 0.84349420666694652 3.5000000000000004 1.5000000000000002 0.19890110194683078 54.500000000000007
decision_type=8 2 2 8 2 10 2 10 2 8 10 2 8 10 10 9 9 2 2 9 8 8 2 9 2 8 8 10 10 2 10 10 2 9 2 10 1 2 10 2 9 2 2 9 9 8 2 8 8 2 9 2 2 2 2 10 2 2 2 10 10 2
left_child=7 2 27 6 5 12 18 -1 -5 15 11 16 37 35 58 55 22 34 -3 21 -21 -12 -11 -6 -24 -23 -14 -2 29 -13 31 32 -16 -33 38 -8 -20 -4 -18 40 -28 54 44 -44 59 -45 -47 -15 -41 -50 -51 -52 -53 -46 -27 -10 -7 -58 -9 60 -43 -30
right_child=1 3 4 8 23 56 13 14 9 10 19 28 26 47 30 -17 17 -19 36 20 -22 25 24 -25 -26 41 39 -29 61 -31 -32 33 -34 -35 -36 -37 -38 -39 -40 48 -42 42 43 45 53 46 -48 -49 49 50 51 52 -54 -55 -56 -57 57 -59 -60 -61 -62 -63
leaf_value=0.032256685850017501 -0.049843100543799673 0.0027771342236055478 -0.029568260865389454 0.035786830911514043 -0.034678571623224373 -0.020816188758399412 -0.0096983268449465782 0.03051343820906291 -0.0028129399533723303 -0.030382411382658972 0.042274758855688321 -0.022614816294350144 -0.014040069430477484 0.023657966673862153 -0.011064121527990859 -0.023358237100975916 -0.0024834593953869362 -0.031164824792236347 -0.027421182201571883 0.021591298501098283 -0.00052072031796508635 -0.044992323893235528 -0.031596118376038464 -0.013308254452436791 0.0028124886625710095 -0.004218278478515386 -0.0032894188117745626 0.0008020713848951597 0.021839841529629485 0.002403496488927662 0.0099273023435390503 0.004182123612983122 0.02524524009880031 -0.051333206251813174 -0.020917457440598849 -0.034580114272775367 -0.0049739271036941535 0.021357737911824961 0.022961972810144646 -0.021733691247188172 0.024342458060238686 -0.057377944151262683 0.013544011710102354 0.022821213729976683 -0.012690551762114833 -0.020226180461337076 0.016533531304160059 -0.010705302072336746 -0.023751205138068051 -0.031018843864196358 0.01216979212860738 -0.0014485554151391737 -0.037896608429950025 0.020458163399637103 0.042934440449087598 0.043704562597553231 0.019187217532523351 -0.048739745177088095 0.015440237000113547 0.01987823433818682 0.01055203879429612 -0.031101856119292906
leaf_weight=287.16153370565735 162.62445505874348 837.40277833968867 239.67301120929187 79.402582683716901 216.12425813963637 31.780223785783164 113.77738244773354 250.41823804867454 180.53932280710433 56.029163781786337 65.236737518105656 495.91142378235236 537.76218501996482 41.798855027649552 101.76785629615188 287.02978096855804 2293.8255633907393 136.95810176956002 138.05673217703588 177.61013237200677 2022.9707504539983 13.606243761256335 42.068857156496961 518.21979143621866 5734.1218671120005 28.084072525845841 184.58916941244388 22.807568003889173 57.6640192149207 103.71474168635905 1580.7947451162618 35.021016131388023 74.511846199631691 31.066309720743448 136.20000569184776 299.0006441809237 313.41711849230342 16.523442407604307 71.574523433344439 149.65895776776597 121.03650296019623 20.01918567949906 161.72257586533669 35.767743716482073 155.86034687270876 261.22581803577486 40.705180096207187 284.26492193347076 99.620306141790934 36.591864955495112 278.72338415251579 550.13928753812797 34.57923260552343 53.712985600344837 70.038206911995076 19.314050736487843 299.69770954066189 6.7655679826857513 1057.3777664062218 677.48004962608684 255.61640120809898 16.3963986155577
leaf_count=867 80479 25382 43939 1943 21942 9972 7097 698 15846 945 534 34521 39712 1201 1200 26747 52678 6872 8483 1948 72472 314 2461 43074 79692 1074 7954 1808 1922 4214 14020 487 348 825 9677 26180 11416 249 2183 12568 4523 1043 4359 272 6200 11018 1350 19683 6609 2681 11421 23950 3366 610 1182 243 11302 369 4587 16402 6197 1359
internal_value=0.00010417 -0.00236748 -0.0105284 -0.000550848 -0.00861032 -0.00521994 -0.00843446 0.0140323 0.00061436 0.000397066 0.000905628 -0.000971881 -0.00800305 -0.0183558 0.0123121 -0.0132433 0.000173604 -0.00426913 -0.00269813 0.00515164 0.00130295 0.00968129 0.00218904 -0.0204388 0.00253478 0.00842156 -0.00563808 -0.0437564 -0.0152701 -0.0183034 0.00788395 -0.00537474 0.00455651 -0.0303224 -0.00275444 -0.0279199 -0.012773 -0.0259378 -0.0016667 -0.00249515 0.00854704 0.00896071 0.00763931 -0.00258744 0.0120244 -0.0104868 -0.0150818 -0.00600942 -0.0054558 -0.00292279 -0.000498914 0.00130775 -0.00390707 -0.00374152 0.0298885 0.00251671 0.0131313 0.0169293 0.0184317 0.0153711 0.00468396 0.00889326
internal_weight=22703.2 19285 3506.92 15778.1 3321.48 2587.14 2027.72 3418.12 13750.4 13671 13184.1 9144.46 2248.9 738.842 3130.96 486.883 8470.78 2638.56 1288.88 4039.66 2200.58 1839.08 5832.22 734.344 5776.19 1773.84 1992.7 185.432 673.687 599.626 1823.16 242.367 176.28 66.0873 2501.6 412.778 451.474 256.196 2365.4 1454.94 305.626 1760.23 1662.11 499.421 1162.69 337.699 301.931 326.064 1149.31 999.654 900.034 863.442 584.719 209.573 98.1223 199.853 338.244 306.463 1307.8 953.116 275.636 74.0604
internal_count=814670 791638 325918 465720 243631 178615 99442 23032 366278 364335 321499 196524 156972 54161 22165 42836 154508 71410 45281 124975 74420 50555 83098 65016 82153 50021 112784 82287 42016 38735 16880 2860 1548 1312 64538 33277 19899 44188 54861 73072 12477 49707 47451 16999 30452 12640 12368 20884 60595 48027 41418 38737 27316 6810 2256 16089 21643 11671 5285 23642 7240 3281
cat_boundaries=0 1 2 3 4 5 6 7 8 9 10
cat_threshold=169033 467328 667084 141509 246913 2 133611 98452 15527 32785
is_linear=0
shrinkage=0.05


Tree=33
num_leaves=63
num_cat=10
split_feature=1 33 17 13 18 25 36 20 6 29 34 45 27 8 25 19 28 13 48 1 28 29 35 45 34 25 20 46 49 16 47 26 30 35 19 48 48 29 49 27 46 21 10 46 46 49 4 20 46 45 46 17 17 6 29 18 33 15 18 33 49 48
split_gain=283.781 137.043 84.6647 58.0044 44.6891 40.5395 37.285 36.3381 50.2013 26.3125 25.599 24.7042 25.72 24.5809 36.6975 26.8279 28.7985 28.1404 26.7561 26.4258 23.0201 22.6428 29.886 24.914 24.3636 22.5235 22.4049 21.8915 21.4531 21.4274 21.2483 21.1481 20.7395 24.7982 24.3785 20.5069 19.754 19.6734 19.7132 21.3327 23.6049 20.9152 19.1466 27.7255 18.905 18.6453 18.4064 18.3685 18.1388 19.8612 17.8819 17.4242 17.0744 16.9429 18.3214 16.9364 16.9115 16.7387 16.7158 17.237 16.6324 16.5003
threshold=8.5000000000000018 5.5000000000000009 1.0000000180025095e-35 1.5000000000000002 0.11822947114706041 31.500000000000004 4.5000000000000009 0.025052569806575779 5.5000000000000009 0.85145786404609691 0.014602625276893379 0 3.5000000000000004 6.5000000000000009 17.500000000000004 90.500000000000014 134.50000000000003 1.5000000000000002 0.86726370453834545 13.500000000000002 176.50000000000003 1.542070806026459 0.65549451112747203 1 0.014757869299501182 69.500000000000014 0.030842863023281101 2 6.2590656280517587 0.26699671149253851 3 5.5000000000000009 3.5000000000000004 0.96521475911140453 208.50000000000003 2.2350438833236699 0.99541211128234874 1.7853302359580996 5.0015487670898446 48.500000000000007 4 0.80763623118400585 8.5000000000000018 5 6 1.1198005676269533 12.500000000000002 0.016737817786633972 7 8 9 0.39566099643707281 0.18237251043319705 12.500000000000002 0.42388592660427099 0.2008064538240433 48.500000000000007 0.38529014587402349 0.20530383288860324 1.0000000180025095e-35 28.333333015441898 0.94447326660156261
decision_type=8 8 10 2 8 2 2 2 8 2 10 9 2 10 2 2 2 2 10 10 2 2 10 9 10 2 2 9 2 10 9 2 2 10 2 10 10 2 2 2 9 2 8 9 9 2 10 2 9 9 9 10 10 8 2 10 10 10 10 10 2 10
left_child=6 2 5 9 7 -2 48 10 -9 61 42 51 -13 15 46 17 27 18 31 60 29 23 24 -10 -23 50 -7 -17 -27 -12 56 -14 -5 55 -35 36 -16 38 -20 40 41 -40 -3 -44 -11 -33 -15 -19 49 -1 -24 -6 -31 -47 -55 -34 -30 -8 59 -28 -18 -4
right_child=1 4 3 32 11 26 57 8 21 44 20 12 13 14 35 16 19 47 37 -21 -22 22 25 -25 -26 28 58 -29 30 52 -32 45 33 34 -36 -37 -38 -39 39 -41 -42 -43 43 -45 -46 53 -48 -49 -50 -51 -52 -53 -54 54 -56 -57 -58 -59 -60 -61 -62 -63
leaf_value=0.020267002539392107 -0.046278169529766211 0.019487188739152055 -0.027618332628700334 0.021058853935197214 0.0082676057274026476 -0.032302416589394395 0.0077105805438566618 0.026286843103288215 0.0066731551721609843 -0.00059440054363392566 -0.030678874211530822 -0.026864608080863418 -0.031014606274713159 -0.025258365953452128 -0.0091335932775696953 -0.026824463354313044 0.0019832264268090333 -0.019485526667698649 0.016399728686718667 0.022541381642474267 0.00052571155054605904 -0.012649716287000918 0.013570144457844172 -0.013711854597339618 0.011357473143934156 -0.02741098437731547 -0.044387721634802507 -0.0030578615588264589 -0.0036095578890632655 -0.021197315174397727 -0.022416019856054306 0.029417677587363973 -0.00278224844180257 -0.00020442662621166096 -0.034950507285067225 -0.052710972539185864 0.020700852148011106 0.016978412333888707 0.033909894959564674 0.019683439030838603 -0.015416949555393814 -0.016915914758106748 -0.038627673193815049 0.0032546744874221156 -0.014246770340956678 0.041154514410764176 0.038086048107050713 0.031757481930481855 0.026874091398815015 -0.0078357079285249331 -0.018454486064051628 0.034753521575312737 -0.0074712958554361275 0.027056441095945957 -0.0050802857434131682 0.017701845696906318 0.026225731581771401 0.019268884130539756 -0.0044573303028932918 -0.014968165730143236 -0.018133117145248751 -0.011211834934995592
leaf_weight=147.41449343785644 164.46574934248929 105.06458176602609 317.5157998414943 154.29575233254582 304.69867607860942 225.06314002361614 1275.6323093771935 153.80364420032129 185.94896095976583 587.81613583152648 204.79121287952876 78.443124702214845 53.075766579422634 250.53129824509961 91.713720056694001 86.223083582706749 6033.0231642028084 16.403701859875582 199.40403927105945 150.13135071122088 253.23503665532917 120.86185126390774 189.66374317568261 661.97615115140798 674.2643009374151 144.49768463009968 61.539633229840547 2692.3146544363699 286.6045405738987 371.44336548767751 117.29738959018141 46.258051481971052 187.31642407295294 139.85451929830015 74.048662380664609 9.7180809706915152 127.23530973237939 517.32037399662659 50.592722276982386 80.832349591422826 250.2261408920167 27.984374894935172 35.546180675330106 176.56294872946455 440.08497161383275 17.35275417228695 7.6984240902820593 146.53874617279507 726.85985013027675 95.154680143576115 42.27632558287587 74.798792513727676 592.35814180492889 42.434644002350979 687.69445820502006 210.79345722473226 51.750760216731578 417.05080659338273 272.52028870466165 242.22843114950228 99.566740103065968 313.86934169969754
leaf_count=573 35245 1909 39228 2352 11402 26126 8351 2458 13219 38095 24194 21675 4630 35832 4505 4790 109338 617 4811 1053 11654 3172 4070 41085 13909 5094 4803 77941 7309 30429 4218 748 5372 4546 4267 839 4248 9347 1148 1635 12568 1275 5102 9442 31742 448 112 1382 2270 556 2227 1609 34869 1706 16376 4724 655 1882 13314 13905 3360 28876
internal_value=-0.00017873 -0.00223072 -0.0113774 -0.00636766 -0.000348978 -0.0238616 0.015137 -0.00468315 -0.000968874 -0.0116111 -0.0102793 0.00121145 0.000796586 0.000994384 -0.00994606 0.00147434 0.000284756 0.006508 0.0048221 0.00215905 -0.0131362 -0.00271211 0.000744526 -0.00931106 0.00765206 -0.00586243 -0.0190025 -0.0039496 -0.0109521 -0.0160863 -0.0054918 -0.00188898 0.0049877 0.000798148 -0.0127563 0.00461441 0.00827885 0.00985365 0.00371287 -0.00258617 -0.00827372 0.0141828 0.00253231 -0.00612137 -0.00662387 0.000240549 -0.0226824 0.0261722 0.0229522 0.00942859 0.00726053 0.0135204 -0.0128433 -0.00174856 -0.0030412 0.00814882 0.00123323 0.0106067 -0.0135752 -0.0215505 0.00164212 -0.0196146
internal_weight=22563.7 19901.6 3391.41 2425.6 16510.2 965.817 2662.11 4367.95 2628.95 1659.29 1739 12142.2 11762.7 11684.3 486.897 11197.4 9061.26 2136.12 1973.18 6282.72 1421.83 2475.14 1627.22 847.925 795.126 832.09 801.351 2778.54 600.15 1168.59 455.653 846.816 766.309 612.013 213.903 228.667 218.949 1126.36 609.04 409.636 328.803 78.5771 317.174 212.109 1027.9 793.74 258.23 162.942 969.429 242.569 231.94 379.497 963.802 747.482 730.129 398.11 338.355 1692.68 576.288 303.768 6132.59 631.385
internal_count=814637 801005 252595 159202 548410 93393 13632 215015 97416 137941 117599 333395 320384 298709 45536 253173 196482 56691 54692 113751 101146 94958 40654 54304 17081 23573 58148 82731 17276 89492 12182 23908 21261 18909 8813 9592 8753 30784 21437 16626 14991 2423 16453 14544 69837 19278 35944 1999 3399 1129 6297 13011 65298 18530 18082 10096 7964 10233 32022 18708 112698 68104
cat_boundaries=0 1 2 3 4 5 6 7 8 9 10
cat_threshold=550400 414755 35873 33554448 133345 29028 138274 89008 37066 69831
is_linear=0
shrinkage=0.05


Tree=34
num_leaves=63
num_cat=8
split_feature=1 29 48 13 33 45 17 1 9 5 49 45 46 45 49 10 33 33 20 47 29 12 6 24 45 36 15 16 1 35 46 49 6 23 48 23 15 16 17 20 5 15 23 26 48 46 26 23 35 48 29 17 39 28 18 35 7 33 29 27 11 28
split_gain=270.591 111.546 80.5416 58.4921 59.9601 53.0667 37.6014 43.5832 37.0155 34.2718 35.4654 33.5885 31.336 30.996 29.7257 29.6683 28.3559 24.5411 22.1171 21.8232 20.8614 32.3171 21.547 20.8131 20.8057 20.0131 19.6721 19.5587 19.3121 25.901 23.3458 19.5744 19.3116 19.0735 24.2619 18.8761 18.5523 18.5261 18.508 17.875 17.6803 17.3455 27.8187 21.8448 17.3417 23.9436 17.2727 33.7043 21.1196 20.5951 17.171 16.9969 28.3967 16.4715 16.414 16.3605 15.9158 16.084 15.8696 15.4842 15.3499 34.6502
threshold=52.500000000000007 0.30148103833198553 0.73056983947753917 2.5000000000000004 6.5000000000000009 0 0.86190477013587963 5.5000000000000009 11.500000000000002 0.15116354823112491 23.973844528198246 1 2 3 23.002359390258793 7.5000000000000009 3.5000000000000004 43.500000000000007 0.024807062931358818 4 3.5971014499664311 1.0000000180025095e-35 3.5000000000000004 1.5000000000000002 5 1.5000000000000002 0.17262665182352069 0.89379698038101207 16.500000000000004 0.72834226489067089 6 5.5129766464233407 2.5000000000000004 42.500000000000007 0.76059174537658703 34.500000000000007 0.45643940567970281 0.11200716719031335 0.12158167362213136 0.012864550575613977 0.41412977874279028 0.42163743078708654 49.500000000000007 59.500000000000007 1.0261297821998598 7 26.500000000000004 47.500000000000007 0.59586465358734142 1.7828359603881838 0.76263177394866954 0.25735931098461157 1.0000000180025095e-35 159.50000000000003 0.058481533080339439 0.42264753580093389 0.92664051055908214 36.500000000000007 0.52885684370994579 6.5000000000000009 5.5000000000000009 221.50000000000003
decision_type=8 2 8 2 8 9 10 10 2 10 2 9 9 9 2 8 10 8 2 9 2 10 8 2 9 2 10 10 10 10 9 2 10 2 10 2 10 10 10 2 8 8 2 2 8 9 2 2 10 10 2 10 2 2 10 10 8 10 2 2 8 2
left_child=6 15 5 4 8 -3 7 25 14 10 16 28 19 17 23 24 -7 33 53 26 22 36 -15 54 -2 -1 -13 32 29 -9 31 -30 -11 38 -35 -10 55 -5 -6 -39 -17 42 43 -14 45 -31 47 -21 -49 50 58 -47 -53 -18 -4 -22 57 -24 -50 -43 -27 -62
right_child=1 2 3 37 13 9 -8 11 35 27 -12 12 41 20 -16 40 18 -19 -20 46 21 -23 56 -25 -26 60 -28 -29 30 44 -32 -33 -34 34 -36 -37 -38 39 -40 -41 -42 59 -44 -45 -46 51 -48 48 49 -51 -52 52 -54 -55 -56 -57 -58 -59 -60 -61 61 -63
leaf_value=0.040827124776280171 0.021342204338817349 -0.030147839780434133 -0.015956471178086767 -0.04109080288965223 -0.024854423694650147 -0.024296912902372916 0.024924513701980497 -0.017849116116760998 0.015734052215907096 0.011746343076918249 -0.045243027168274191 -0.050235384281252807 -0.044688396236804186 0.015614961837339937 -0.032732429938917597 -0.01517725573203137 -0.015896737949239039 -0.0023071260181755557 0.0069346887812534678 0.027474008816907137 -0.00052656002461026481 0.024297572844660647 -0.0052109970569952525 -0.035151915414095965 -0.019340823896522152 0.040701629085700561 0.0021847948236154418 0.0150958013104145 0.016547352393880662 0.020183522007369427 -0.027358629781247614 -0.013536587489271522 -0.011185298611630435 0.020402858888129441 -0.044403469737177986 -0.0049372462961415281 -0.049038497785871799 -0.036189678354105428 0.019930127932303247 0.016385927066994186 -0.040418326200914463 0.014812235004061447 0.014014170770638629 0.022619065434209242 0.019202524234242544 -0.040790548237651485 0.022081286778681299 0.014248928650374608 -0.0054787008451970681 -0.05970874254207742 0.012262499943006959 -0.045067282410595912 0.021658192368654343 -0.0014970161281421424 -0.0051865550408275746 0.011420493327530302 5.4617657204116471e-06 -0.03083184895337281 -0.04717977437796312 -0.054967310347132384 0.013828285286586842 -0.059603405384265978
leaf_weight=69.069550179876387 40.420677408343181 288.32454484736081 505.64516105328221 10.300393291749058 49.090986119408626 267.54985652799951 449.23338389839046 106.67275751382113 199.29812725423835 130.5527380022686 70.503058172995225 18.518035130109638 42.417078512487933 209.60993937868625 147.86873921775259 106.57180222059833 487.88655067179934 275.68260811135406 244.26364371244563 157.28517502406612 769.16852523002308 208.75100150727667 324.84533687034855 72.012708515045233 57.901548033230938 48.591479930561036 73.303652908653021 197.48270389891695 87.25740005611442 58.451879396103323 132.15191424859222 125.66947468160652 280.84741576306988 13.539697520900516 111.96978264767677 236.53659744537435 11.782538628904147 12.016954349819569 35.485463546181563 638.13450621534139 253.57027998473495 8.235010111005975 100.70378300501034 12.697868512943385 202.65314383013174 40.915324999252334 484.12861534720287 142.15517113544047 80.162756784120575 14.374052901519461 77.07715201866813 18.895860901102424 42.925002668518573 334.50077555584721 1179.8386415319401 451.31669592717662 9811.8584906990291 71.399119211768266 27.820047005312517 26.365582539699972 1807.7926505587529 11.372759600635616
leaf_count=189 1149 28975 37149 232 4458 28751 2475 1765 3500 2413 7813 767 1205 4214 13600 15713 43433 9809 8125 1826 13631 1726 29790 11326 3535 140 1387 6230 2136 565 7689 4828 16726 817 14973 6950 539 257 1876 7339 101029 161 2344 94 1661 959 3804 2469 2421 390 983 379 384 17739 81434 8599 221587 7847 832 781 8597 87
internal_value=0.000240428 -0.0024792 -0.00184277 -0.000533149 -0.00118975 -0.0105535 0.0112548 0.0096973 -0.00851689 -0.00749363 -0.0118132 0.00465603 0.00969732 0.000202766 -0.0115183 -0.0266936 -0.00988431 -0.011983 -0.00617268 0.0130115 0.000716266 0.00634456 -6.42449e-05 -0.00964568 -0.00219872 0.0150875 -0.00945838 0.00236462 -0.00325457 0.00329088 -0.0121918 -0.00106263 -0.00385456 -0.0248883 -0.0368985 0.00458655 0.00321735 0.0139662 -0.00600068 0.0151454 -0.0332592 -0.00859401 -0.00147578 -0.02859 0.00964675 -0.0025835 0.0152211 0.00871264 -0.000197783 -0.0105919 -0.0053065 -0.0162385 -0.00058294 -0.0100842 -0.00845517 0.00391985 -0.000393684 -0.0101543 -0.0178348 -0.0385863 0.0140292 0.0132071
internal_weight=22573.4 18106.5 17648.1 15346.2 14685.7 2301.91 4466.9 4017.66 2341.2 2013.59 1404.7 2080.84 1265.24 12344.5 1905.37 458.464 1334.2 485.769 1066.65 1074.82 11858.7 1441.02 10417.7 1757.5 98.3222 1936.83 91.8217 608.883 815.593 470.514 345.079 212.927 411.4 210.086 125.509 435.835 1232.27 660.452 84.5764 650.151 360.142 190.419 155.819 55.1149 363.841 161.188 983.003 498.874 341.589 199.434 185.06 102.736 61.8209 822.387 1685.48 1220.49 10208.1 396.244 107.983 34.6006 1867.76 1819.17
internal_count=814602 763284 641858 481653 473825 160205 51318 48843 153959 131230 105861 39830 19464 319866 143509 121426 98048 31933 69297 14879 287933 24495 263438 129909 4684 9013 2154 25369 20366 5713 14653 6964 19139 22124 15790 10450 22769 7828 6334 7596 116742 4585 3643 1299 3948 2287 12725 8921 7095 4626 4236 1722 763 61172 118583 22230 259224 37637 3253 942 8824 8684
cat_boundaries=0 1 2 3 4 5 6 7 8
cat_threshold=101384 39111 204422 569345 272908369 1181091 56642 5284
is_linear=0
shrinkage=0.05


Tree=35
num_leaves=63
num_cat=11
split_feature=2 19 20 34 14 33 3 45 23 45 23 46 49 21 27 7 21 2 1 17 21 33 28 41 45 17 45 12 49 28 48 5 46 18 35 37 46 35 45 21 33 34 30 25 17 31 3 16 15 33 45 30 45 7 47 12 34 29 34 48 20 49
split_gain=254.665 86.5568 68.7673 81.3685 49.8311 52.9446 47.7305 53.0428 37.7817 34.8316 33.0448 31.7462 30.6355 29.0989 28.2306 26.8693 26.2811 26.2683 26.2333 25.5755 32.3237 28.8984 26.6995 28.4213 26.0825 25.432 22.7366 27.583 22.3353 24.3694 23.9758 21.5085 20.9385 22.3146 20.4183 20.0049 19.8398 19.7454 29.3334 24.703 19.6502 20.3271 20.2776 19.3063 19.0375 18.6321 18.4828 20.4535 18.2153 30.2939 18.865 18.1996 18.0635 18.0412 17.8859 22.5291 17.7107 19.9336 17.4912 17.4763 17.237 17.7085
threshold=4.5000000000000009 5.5000000000000009 0.030842863023281101 0.036271911114454276 1.0000000180025095e-35 6.5000000000000009 0.21320323646068576 0 20.500000000000004 1 11.500000000000002 2 23.002359390258793 0.20473174005746844 14.500000000000002 0.84716123342514049 0.94986033439636242 7.5000000000000009 29.500000000000004 0.024465059861540798 0.97462990880012523 27.500000000000004 172.50000000000003 1.0000000180025095e-35 3 0.15821565687656405 4 10.500000000000002 13.167148590087892 179.50000000000003 1.0568711757659914 0.075224820524454131 5 0.21103239059448245 0.50581395626068126 54.500000000000007 6 0.534959375858307 7 0.42453952133655554 32.500000000000007 0.016373178921639923 9.5000000000000018 156.00000000000003 0.17702034115791324 2.5000000000000004 0.36518038809299475 0.97356775403022777 0.030536131002008918 4.5000000000000009 8 8.5000000000000018 9 0.96419548988342296 10 1.5000000000000002 0.022300847806036476 0.52885684370994579 0.013509778305888178 1.7148972153663637 0.0084138019010424631 19.425271987915043
decision_type=8 2 2 10 2 8 10 9 2 9 2 9 2 2 2 8 2 10 8 10 2 8 2 2 9 8 9 10 2 2 8 10 9 10 10 2 9 10 9 2 10 10 2 2 10 10 10 10 8 10 9 2 9 10 9 8 10 2 10 10 2 2
left_child=9 10 3 6 5 12 7 18 51 32 36 25 16 -11 -8 -7 -4 -12 -3 20 22 -22 23 35 -21 -9 27 -24 30 -30 -28 -23 33 56 -20 -17 -2 38 -10 -39 42 -42 -16 46 -40 -15 47 -41 49 -13 -50 -6 -5 -36 -25 -56 57 -1 -26 -53 -51 -62
right_child=1 2 4 52 8 15 14 11 37 13 17 48 -14 45 40 19 -18 -19 34 24 21 31 26 54 58 -27 28 -29 29 -31 -32 -33 -34 -35 53 -37 -38 39 44 43 41 -43 -44 -45 -46 -47 -48 -49 50 60 -52 59 -54 -55 55 -57 -58 -59 -60 -61 61 -63
leaf_value=-0.046572222380394247 0.012676481366457968 0.0081693762317835775 -0.0036143348692831128 -0.0070353817522193461 0.032541163309938288 -0.018756373063702161 -0.024642560196489569 -0.033034705671095475 0.024231749844662229 -0.010209461656818295 -0.052194598442892183 -0.023385894832636589 -0.034980846205313026 0.024233495513113774 0.029312222862909704 -0.060894964821497859 -0.020333334854197693 0.0042183735141734123 -0.014867351951350178 0.0023435859041620612 -0.026238587795855996 -0.0061555974275207849 -0.0062640487784154349 -0.0043435815903018178 -0.035677866967561776 -0.008650335768378755 -0.034936430523046562 -0.057852415094899835 -0.041514260827991922 0.011255209696576089 -0.00083880782425722531 0.038581476077875342 0.025349975363533991 0.018537483908745923 -0.044898123546191375 0.020829357385828445 -0.027489880980753362 -0.031596789623742953 -0.046369599578381882 -0.0001457897013881563 0.023255976131860496 -0.038796808880312637 0.0043150989043031851 -0.052187917618963277 0.0028593668463018944 0.0091338635989602086 -0.037113495702914397 0.019863769995165627 0.018331337174194117 -0.02199906282097536 -0.0018020625386366692 0.018037381891324228 -0.029895055939511646 0.02053561326324134 0.028552961241865807 0.0057828158264859927 -0.027240615553645493 0.027711489488466651 0.019344493521671974 -0.013098342821682036 -0.0012031394853116147 -0.020517058956320885
leaf_weight=6.6694003967568269 53.708083653997164 52.164279063697904 1011.1817698754021 144.37725132890046 187.08931726054288 167.99142874398967 43.23477323318366 152.71054789371556 210.80343851121143 172.50676603033207 139.04876596333634 246.13925080758054 105.82492047705455 230.82532147830352 216.41266975516919 22.259561738232154 302.49193371803267 23.252027805661783 144.60042851464823 865.38373470504303 193.13105051626917 532.6716535872547 1180.5146055255318 411.1582211756031 10.486221419298088 349.45400063929264 48.55007384181954 21.597477216040716 17.895411636214703 580.76310158055276 1392.1623214096762 23.322672931361012 728.49424124509096 191.44858708512038 159.90960268728668 7.4627022919012225 42.697722174605587 54.540592652279884 19.341250778874382 533.8843057617778 18.240243731183 26.780750896083191 131.15183426468866 11.158890356775371 99.103224535705522 1685.3146850214107 22.575470493873581 162.83869820088148 104.90217195317382 125.72881660307758 4019.3380679727707 232.47934971237555 381.96781849983381 8.4695694991387409 109.52100789826363 2293.5745263452991 57.627454752800986 37.813764659222215 428.584780641424 51.785702381050214 1281.0182475372858 125.89280825841706
leaf_count=114 6382 1060 54023 9880 1298 17704 10107 16027 2879 3297 72248 28248 9389 1119 3401 476 30775 1326 15117 30252 12103 16609 21539 9344 497 23221 1309 547 871 6674 14000 421 3745 1242 24370 61 8021 2495 903 12308 219 1025 5004 169 2158 12874 707 2467 4625 10403 145672 2283 36118 835 505 34228 572 181 10298 620 59927 9233
internal_value=-0.000179922 -0.00232032 -0.00192587 -0.00555825 0.000558435 -0.000782873 -0.00416276 -0.0051975 0.008763 0.0130847 -0.030771 -0.00410114 -0.00968896 0.00919438 0.0117882 0.000743904 -0.00752662 -0.0442281 -0.0233719 0.00115766 -6.87429e-05 -0.00983343 0.00114038 0.0046721 0.00755904 -0.0160028 -0.00196066 -0.00736567 0.0012654 0.00934701 -0.00210471 -0.00395184 0.0206606 0.00835695 -0.0294097 -0.0403309 -0.00705213 0.003706 0.0138837 -0.000623631 0.0160597 -0.0138445 0.0200746 0.00188811 -0.00622749 0.0110112 0.0030815 0.00463907 -0.00305068 -0.00727771 -0.00122835 0.020553 -0.0244449 -0.0411095 0.00521808 0.00684925 -0.00992476 0.0129936 0.0172549 0.0122369 -0.00462313 -0.00299792
internal_weight=22414 19303.3 19044.6 7732.49 11312.1 9726.53 7206.15 6770.33 1585.6 3110.7 258.707 6405.18 1419.5 2088.65 435.82 8307.03 1313.67 162.301 365.144 8139.04 6834.58 749.125 6085.46 2843.98 1304.45 502.165 3241.48 1202.11 2039.37 598.659 1440.71 555.994 1022.05 293.559 312.98 29.7223 96.4058 1114.25 329.248 784.998 392.585 45.021 347.565 730.457 118.444 1916.14 719.298 696.723 5903.02 1778.78 4124.24 471.354 526.345 168.379 2814.25 2403.1 102.111 44.4832 439.071 284.265 1532.64 1406.91
internal_count=815525 792381 704404 404492 299912 271625 358494 338738 28287 23144 87977 297356 94187 17290 19756 177438 84798 73574 41382 159734 118687 29133 89554 44614 41047 39248 44940 22086 22854 7545 15309 17030 5854 2109 40322 537 14403 24086 5940 18146 9649 1244 8405 15651 3061 13993 15482 14775 258108 107811 150297 4201 45998 25205 44077 34733 867 295 10795 2903 79563 69160
cat_boundaries=0 1 2 3 4 5 6 7 8 9 10 11
cat_threshold=180224 96008 17284 235849 128 85652 197922 494720 1054213 541318 268468225
is_linear=0
shrinkage=0.05


Tree=36
num_leaves=63
num_cat=8
split_feature=1 13 33 17 23 29 45 27 36 2 4 34 45 29 49 46 30 16 14 49 29 18 46 45 25 26 4 35 47 24 31 1 26 18 35 34 46 33 21 11 1 33 7 20 17 49 29 22 24 7 15 12 22 5 21 17 36 18 45 27 33 9
split_gain=271.157 100.343 121.592 48.9182 45.2804 43.2623 40.5382 37.4807 35.5348 35.1874 34.4018 27.8022 27.7751 25.1901 24.716 25.805 24.3351 23.909 23.5704 23.3812 23.5393 22.9617 23.6722 22.5133 21.5261 23.0427 21.4775 21.0705 20.9851 20.5937 22.9176 20.4616 18.7584 20.6241 18.6153 18.4389 18.4301 18.2806 18.0897 22.5891 19.4973 17.9817 17.7275 17.5885 17.5612 17.5453 17.727 17.4322 17.1373 18.0568 19.6379 16.4846 16.3388 16.2473 16.1094 16.1082 16.1007 16.0102 15.987 15.9474 15.8973 24.2706
threshold=10.500000000000002 1.5000000000000002 9.5000000000000018 1.0000000180025095e-35 45.500000000000007 2.6963362693786626 0 45.500000000000007 5.5000000000000009 2.5000000000000004 10.500000000000002 0.019121041521430019 1 0.31009615957736975 3.373559951782227 2 21.500000000000004 0.53390806913375866 1.0000000180025095e-35 20.666666984558109 1.0039370059967043 0.33589744567871099 3 4 69.500000000000014 137.50000000000003 5.5000000000000009 0.68496242165565502 5 1.0000000180025095e-35 24.500000000000004 21.500000000000004 36.500000000000007 0.0372685194015503 0.84698995947837841 0.027526482939720157 6 54.500000000000007 0.7624381184577943 6.5000000000000009 12.500000000000002 3.5000000000000004 0.83883246779441845 0.032570375129580505 0.27648524940013891 29.833333015441898 0.84349420666694652 29.807433128356937 2.5000000000000004 0.62778198719024669 0.63245612382888805 7.5000000000000009 30.12060642242432 0.0925399884581566 1.0000000180025095e-35 0.40967366099357611 4.5000000000000009 0.72474747896194469 7 102.50000000000001 42.500000000000007 65.500000000000014
decision_type=8 2 8 10 2 2 9 2 2 8 8 10 9 2 2 9 2 10 2 2 2 10 9 9 2 2 10 10 9 2 10 8 2 10 10 10 9 10 2 8 10 10 8 2 10 2 2 2 2 10 10 10 2 10 2 8 2 10 9 2 10 2
left_child=8 2 3 7 18 10 14 -2 43 11 16 13 -7 -8 35 55 60 -14 29 20 26 22 51 31 25 47 42 28 -24 30 -5 -6 -17 53 -13 -4 -20 45 39 -21 -41 -9 -11 58 -30 46 -29 -22 49 50 -25 -12 -51 -34 -10 -16 -38 -26 -1 -35 -3 -62
right_child=1 5 6 4 23 12 9 41 54 19 21 34 17 -15 15 32 -18 -19 36 38 24 -23 27 48 57 -27 -28 37 44 -31 -32 -33 33 59 -36 -37 56 -39 -40 40 -42 -43 -44 -45 -46 -47 -48 -49 -50 52 -52 -53 -54 -55 -56 -57 -58 -59 -60 -61 61 -63
leaf_value=-0.011277237406532225 -0.046698201754321406 0.018562454387177602 0.011762658474649423 -0.0076587521002730507 0.0059094409030353776 0.026473776408286451 -0.030561259944541931 -0.025769614445540219 -0.023335294227519482 -0.028823524915491047 0.0029390171648143669 -0.014188266814215809 -0.035177938545253702 0.032544077115442924 -0.019314357234067304 -0.036658760070849894 -0.04329536530116207 0.011440971782597627 -0.012011678469408803 0.025531533451747392 0.013314329029753866 0.007470734670246483 0.011309881158813817 -0.0086674686773842557 -0.002073652439601083 0.025747425368956973 -0.035394013634545328 -0.0050657889741640054 -0.0054449825767008183 -0.031771880976732135 0.020240822052927335 -0.038849524328053948 -0.032466897719176657 0.01958039981397991 0.011109754501979425 -0.026427941182733217 0.02436933571868825 0.039341220094970555 -0.016109512915570074 -0.010886229685925522 0.028613334278859759 -0.011359567134320698 -0.0037254836952846371 0.026700356004104732 -0.038466740841251013 0.032262324701652433 -0.036006908224110928 0.0013503002414453761 -0.026759517298326974 0.024751808714362725 0.016768874300815341 -0.0055274514959025856 -0.030528244259519794 0.019017589557900793 0.010431498509749677 0.03167368017602195 0.0020109783265373792 0.012497449218046826 0.016840136049746823 -0.014916747664823985 -0.046274037440466508 0.030954569025118464
leaf_weight=48.618605230003595 127.44702566039632 480.41362510621548 131.24225523057976 473.61182390706381 28.786471438361332 298.21835097810254 13.481619491241871 398.46367765020113 31.588354722131044 69.149717809574213 2586.4405369312735 102.06841081776656 33.686352033400908 170.54463224601932 20.513412988482742 164.54189810759271 13.053184273187069 90.255803762702271 76.473310556495562 60.279474602080882 362.06188225303777 1078.7643965159077 159.81030704861041 728.00671280716779 4141.3855433856952 116.92075879685581 55.48150831554085 68.072973618516698 270.23804639442824 67.509709794132505 82.085990096908063 159.52384045690997 136.14197630051058 53.933016509748995 222.35115901241079 36.201953813142609 172.9015985019505 7.6495284561533472 453.49130652961321 286.21115884321625 30.175265832804143 499.25335732341046 1448.9369760856061 658.92545149102807 42.844355563167483 9.2093056438025069 152.97159037506208 1794.1458602519706 156.5572872387711 11.137466458370907 79.993207450956106 733.97768826643005 127.47163124062354 13.9143280594144 1518.575599080883 36.519456822366919 148.87887535442133 192.54854733520187 524.01906060287729 72.633222245494835 19.713024797616526 12.829285900108514
leaf_count=411 37717 6672 7806 34426 794 2072 450 39370 635 14813 36903 1574 1240 1051 3310 26975 670 1929 2931 1065 6001 24129 2103 47497 93800 1666 30335 2907 6432 18531 6307 21415 12517 2297 2009 3494 2902 71 26293 17673 464 32442 75328 2006 1868 135 6983 54360 20090 1310 3182 14185 19936 890 9717 1920 4689 4098 2483 7065 621 50
internal_value=0.000164833 -0.00191151 -0.00430673 -0.0125808 -0.00851989 0.00343421 -0.00159006 -0.021657 0.0147579 -0.000744311 0.00226931 0.0119873 0.0187775 0.0272349 -0.0133786 -0.0191172 0.0143824 -0.00195108 -0.000643574 -0.00146978 -0.000655802 0.00100958 -0.000726558 -0.014723 0.00065432 0.00458961 -0.00614136 -0.00890631 -0.00285001 -0.00669627 -0.00339377 -0.030456 -0.0228909 -0.0150089 0.00305598 0.00297887 0.00879358 -0.0210049 -0.00943906 -0.00130225 -0.00673242 -0.017863 -0.00495958 0.0210962 -0.0101776 -0.0238033 -0.0268011 0.00338541 -0.0115331 -0.00900871 -0.00606159 0.00105883 -0.0253793 -0.0272336 0.00967061 0.0114156 0.0137917 -0.00141263 0.0144722 -3.1187e-05 0.0162539 -0.0157602
internal_weight=22362.9 19581.1 13523 3338.1 2312.94 6058.15 10184.9 1025.16 2781.73 9519.23 5635.99 508.446 422.161 184.026 665.642 498.197 526.009 123.942 1021.46 9010.79 8180.63 5109.98 4031.21 1291.48 6607.06 2273.13 1573.57 710.796 472.893 623.208 555.698 188.31 441.164 276.623 324.42 167.444 398.254 237.903 830.157 376.666 316.386 897.717 1518.09 1231.56 313.082 230.254 221.045 2156.21 1103.17 946.609 808 3320.42 138.609 150.056 1550.16 57.0329 321.78 4333.93 572.638 126.566 512.956 32.5423
internal_count=815015 799763 690793 293539 184010 108970 397254 109529 15252 330980 103729 5084 5241 1501 66274 54974 8013 3169 69786 325896 280401 95716 71587 114224 159925 62027 120476 20499 10403 59264 40733 22209 49744 22769 3583 11300 10522 10096 45495 19202 18137 71812 90141 4900 8300 10025 9890 60361 92015 71925 50679 51088 21246 13407 10352 5230 7591 97898 2894 9362 7343 671
cat_boundaries=0 1 2 3 4 5 6 7 8
cat_threshold=34824 65984 33968 65763 32774 32896 41440 524417
is_linear=0
shrinkage=0.05


Tree=37
num_leaves=63
num_cat=10
split_feature=1 33 9 45 24 49 31 21 29 45 29 16 9 30 24 37 48 48 27 24 37 18 34 21 13 46 5 16 34 29 2 35 35 46 13 46 45 18 5 48 48 46 29 21 47 25 40 29 35 49 18 35 48 18 46 30 46 49 37 20 25 35
split_gain=227.565 92.1927 81.0987 56.1096 46.7667 38.6303 37.7897 38.9186 30.9258 30.2782 27.4552 28.3395 26.8719 25.5534 28.9829 23.592 22.3949 29.9798 25.0154 21.0168 20.3089 21.4859 23.8053 20.594 20.2645 19.9946 19.6132 36.8403 19.3033 18.8669 30.1276 22.9021 19.7733 18.8336 18.7904 18.6964 23.0363 18.635 18.2895 18.1275 18.5029 18.4377 21.2855 17.7082 17.842 17.705 20.2712 17.6148 17.6125 18.7476 17.3985 17.3226 17.2439 17.1547 24.1802 19.265 18.2804 18.1682 26.2766 23.5352 21.2358 18.2691
threshold=32.500000000000007 6.5000000000000009 1.5000000000000002 0 1.5000000000000002 10.224456787109377 7.5000000000000009 0.23498637229204181 0.43405796587467199 1 3.6513297557830815 0.43874999880790716 27.500000000000004 9.5000000000000018 1.0000000180025095e-35 25.500000000000004 1.2690215110778811 1.2173503637313845 4.5000000000000009 1.0000000180025095e-35 31.500000000000004 0.16233107447624209 0.042367514222860343 0.52724179625511181 1.5000000000000002 2 0.46814665198326116 0.73746865987777721 0.035153362900018699 0.9149741828441621 2.5000000000000004 0.74679487943649303 0.19098278135061267 3 1.5000000000000002 4 5 0.29459981620311743 0.25389647483825689 0.41732282936573034 1.1757273077964785 6 2.4083334207534794 0.90159687399864208 7 78.500000000000014 1.0000000180025095e-35 2.4792637825012211 0.680425524711609 10.805664062500002 0.22611077129840854 0.42264753580093389 0.46194994449615484 0.17667067050933841 8 4.5000000000000009 9 9.6160879135131854 26.500000000000004 0.041213989257812507 130.50000000000003 0.33974359929561621
decision_type=8 8 2 9 2 2 10 2 2 9 2 8 2 2 2 2 10 10 2 2 2 10 10 2 2 9 8 10 10 2 10 10 10 9 2 9 9 10 10 10 8 9 2 2 9 2 2 2 10 2 10 10 10 10 9 2 9 2 2 2 2 8
left_child=6 2 4 10 9 12 29 19 -7 15 11 20 53 25 50 24 17 18 -9 -8 28 22 23 -22 -2 -4 27 -10 47 32 -31 -32 33 -1 -12 36 -18 51 52 -20 41 -41 -43 48 -45 -17 -47 -3 49 -28 -15 -14 -11 55 -55 57 -57 58 59 -5 -61 -60
right_child=1 3 13 5 -6 8 7 16 26 38 34 -13 37 14 -16 45 35 -19 39 -21 21 -23 -24 -25 -26 -27 43 -29 -30 30 31 -33 -34 -35 -36 -37 -38 -39 -40 40 -42 42 -44 44 -46 46 -48 -49 -50 -51 -52 -53 -54 54 -56 56 -58 -59 61 60 -62 -63
leaf_value=0.0069809326222944586 -0.0048836639712070097 0.0047761299097334453 -0.010131409351042132 -0.0072083207398454894 -0.037002221390691405 -0.030602926020110395 -0.0011124948121235074 -0.026386194021303377 -0.017406905393380061 -0.038241887516755113 0.0071842737955505765 0.0021764125344077164 -0.01869930811136505 -0.0088699458552027304 -0.035079620459982586 -0.0020753223946305722 0.015770354958073152 -0.029196376813538927 0.028013779185483215 -0.040666484422327925 0.0036601912551239551 -0.004576496543207474 0.012389289601113591 -0.042246132972643499 0.019629895622884572 0.014448872029377099 -0.032330780951909908 0.012940464906152541 -0.024001418966462632 0.026503161559667844 -0.021484792277955474 0.013894121720049814 0.014161375781998973 -0.029675940489895043 0.027901800333877659 0.017467474013085332 -0.020696931556353521 0.032079019262902311 -0.0040515637494824607 0.018889747404482755 0.027869246847614548 -0.0025376115816603331 0.02111915274833957 -0.023252844539657029 0.00031927482972131003 -0.033368171854788554 -0.0070167695832755866 -0.019039721095062318 -0.016521156332970851 -0.0021850799146045938 0.012797621574298902 0.01349336281916381 -0.017374142205858544 0.00014908661609821494 0.024103779481315261 -0.0024915778251522773 -0.020807696021942657 0.016172075856811505 0.016107559517599859 -0.052394674950172818 -0.0056921433719758288 -0.0021297092623723196
leaf_weight=83.211686714319512 197.45148290891666 582.78796287119621 92.880076508736238 333.96873659231642 205.71766393026337 154.10449322342174 73.349385779350996 52.845169516513124 151.90196773118805 109.15016334044049 672.82358380057849 6902.8085348886525 52.751715487102047 237.22094089107122 67.496478151180781 280.78730351134436 73.088801341596991 59.58923915727064 92.530999429989606 57.400967772002332 28.698461700987536 240.01945066940971 29.922466256131884 134.50831079861382 140.17988453048747 428.11042968393303 49.455024468945339 270.93470689223614 77.39669660438085 704.05366250546649 52.706219402141869 219.92458432656713 532.87119212723337 41.732855719281361 127.38721992447972 738.11903059540782 70.595695469761267 87.242628858191893 233.99512585334014 147.83964984421618 79.788025610847399 739.76909294020152 104.00438304408453 362.7921363550995 111.08421331667341 136.53650977392681 157.74521532154176 84.48750741686672 361.19353788188891 998.33143698534695 145.04222941433545 147.57010702276602 1083.6213835183298 922.15764240706631 104.14878481757478 262.0307409720408 302.49595313814643 120.83397823004634 158.59653204644565 59.491635275713634 41.258680894039571 850.36123152327491
leaf_count=906 12528 21968 2828 13056 57573 35799 1231 1523 7754 16522 7369 147633 1140 8429 4181 20131 595 728 1038 2383 2268 10150 1244 9557 3107 7528 1874 8526 4150 2400 494 1027 3816 842 626 5286 955 874 17130 1806 582 9946 559 28552 7008 8592 7941 3860 20802 30452 2906 2763 105561 54483 5092 17637 27096 3042 7429 1034 170 19168
internal_value=-7.12687e-05 -0.0024147 -0.00968583 -0.000682733 -0.0143681 -0.00445464 0.010848 0.00667816 -0.00924087 -0.0123031 0.00182834 0.000952446 -0.00103958 0.00260109 -0.00609432 -0.00495494 0.00829521 0.00403573 0.00577603 -0.0193354 -0.00619968 -0.0147416 -0.0269404 -0.0343051 0.00543196 0.0100942 -0.00774998 0.0019623 -0.00116598 0.0166493 0.0210633 0.00679076 0.00998619 -0.00768014 0.0106351 0.0144031 -0.00240967 0.0134597 -0.0168179 0.00734289 0.00543582 0.0035 0.000479923 -0.0099305 -0.0182604 -0.0111329 -0.0195961 0.00164149 -0.00707427 -0.00375473 -0.000589529 0.00476699 -0.0194354 -0.00238019 0.00292023 -0.00493612 -0.0128117 -0.00206259 -0.00363936 -0.01384 -0.0344427 0.000802272
internal_weight=22222.9 18299.5 3515.93 14783.5 2545.18 5902.71 3923.42 2288.92 2459.8 2339.47 8880.84 8080.63 3442.91 970.75 449.76 912.7 2158.17 1276.37 1216.78 130.75 1177.82 433.149 193.129 163.207 337.631 520.991 2305.69 422.837 744.672 1634.5 976.684 272.631 657.816 124.945 800.211 881.804 143.684 287.564 1426.77 1163.93 1071.4 991.613 843.773 1882.86 473.876 575.069 294.282 667.275 1408.98 1047.79 382.263 200.322 1192.77 3155.34 1026.31 2129.04 564.527 1564.51 1443.68 434.719 100.75 1008.96
internal_count=813650 777533 274957 502576 249085 293751 36117 26632 140767 191512 208825 200830 152984 25872 15516 52299 23018 16182 15454 3614 53197 23219 13069 11825 15635 10356 104968 16280 29978 9485 3921 1521 5564 1748 7995 6836 1550 4777 139213 13931 12893 12311 10505 88688 35560 36664 16533 25828 53128 32326 11335 3903 122083 148207 59575 88632 44733 43899 40857 14260 1204 26597
cat_boundaries=0 1 2 3 4 5 6 7 8 9 10
cat_threshold=1009028 1983360 39248 12934 144417 181544 183968 104857728 66278 144577
is_linear=0
shrinkage=0.05


Tree=38
num_leaves=63
num_cat=11
split_feature=1 33 10 45 45 29 14 25 47 18 5 46 49 45 29 22 21 46 43 19 31 28 10 33 5 21 35 21 21 8 5 46 33 19 9 43 29 1 48 34 20 46 35 22 31 48 23 46 2 29 49 17 48 16 14 33 21 33 34 18 15 21
split_gain=257.863 96.2085 71.8455 43.6224 34.571 34.5465 35.8844 48.8089 32.0895 34.4734 29.9302 27.7798 27.7306 27.3836 25.7643 25.4489 25.3255 24.7875 24.6728 22.4261 22.1693 20.9803 20.7409 20.4506 22.5167 22.6324 22.5494 38.0012 23.4414 26.5166 21.7692 24.1055 24.1603 20.1831 20.1169 19.7212 19.3193 17.9131 21.0433 17.7117 17.6359 17.3352 17.2541 17.2438 19.6451 17.1358 17.9112 18.2253 21.8923 17.0298 17.0294 16.949 16.9192 16.8539 16.8494 16.7349 16.5921 26.9188 20.6791 18.5439 17.7793 21.0148
threshold=13.500000000000002 4.5000000000000009 7.5000000000000009 0 1 3.6264535188674931 1.0000000180025095e-35 5.5000000000000009 2 0.42558647692203527 0.17563918977975848 3 5.2822303771972665 4 1.4885832667350771 30.744939804077152 0.43256238102912908 5 6 35.500000000000007 21.500000000000004 230.00000000000003 8.5000000000000018 10.500000000000002 0.37997677922248846 0.67833280563354503 0.99342104792594921 0.66274172067642223 0.9299122989177705 10.500000000000002 0.29562264680862432 7 48.500000000000007 588.00000000000011 11.500000000000002 8 1.7925055027008059 1.5000000000000002 0.91576451063156139 0.026183121837675575 0.026234462857246402 9 0.15587044507265094 39.318298339843757 4.5000000000000009 1.8400288820266726 3.5000000000000004 10 1.5000000000000002 1.5062831640243532 1.6952428817749026 0.026455767452716831 1.902664363384247 0.2522727251052857 1.0000000180025095e-35 44.500000000000007 0.9145820438861848 18.500000000000004 0.042262990027666099 0.33589744567871099 0.12024096399545671 0.65437552332878124
decision_type=8 8 8 9 9 2 2 2 9 10 10 9 2 9 2 2 2 9 9 2 10 2 8 8 8 2 10 2 2 10 10 9 10 2 2 9 2 10 10 10 2 9 10 2 10 10 2 9 8 2 2 10 10 10 2 10 2 10 10 10 10 2
left_child=4 2 36 12 16 6 7 -5 9 11 14 49 17 -12 54 22 18 -3 -1 40 37 23 -14 -9 25 30 28 41 -26 55 31 -25 33 -33 -10 -27 -2 38 -6 -19 -13 -28 -21 44 -39 46 -17 48 -48 56 -7 -16 -51 -52 -4 -30 60 59 -59 -58 -8 -62
right_child=1 3 10 5 20 50 8 21 34 -11 13 19 15 -15 51 45 -18 39 -20 42 -22 -23 -24 24 26 35 27 -29 29 -31 -32 32 -34 -35 -36 -37 -38 43 -40 -41 -42 -43 -44 -45 -46 -47 47 -49 -50 52 53 -53 -54 -55 -56 -57 57 58 -60 -61 61 -63
leaf_value=0.0015071163740447322 -0.0017873860817316266 0.013492723590023042 -0.029924122467467985 -0.026178415053809575 0.0027719042206976901 -0.022154945377209384 0.021264242206085734 -0.0099530111013494318 -0.023033456054035711 0.017624028136361811 0.010611113860855073 -0.019299431146777637 0.015137341888525866 -0.014733326593531127 -0.019010515781681326 0.045123150080441703 0.010556725480679634 0.00025984464673270636 -0.038706707078753927 -0.045448115154437488 0.0051165159795982171 0.0026155240685976373 -0.042539149164946388 0.024185820943483378 0.00048856538753623959 0.014954114671790419 0.010538110488823565 -0.0047435569990961065 -0.0053233256094321422 -0.058065649994318881 0.024629802432984127 -0.026646914052537298 0.019353971133992329 0.037443967017977635 0.00098416841827855838 -0.026100901952574779 0.017690024089044892 0.028335188782613926 0.035322383396131966 -0.023291621855293376 0.021289501591086613 -0.030771202559169198 -0.011171431902054869 0.03072767997181905 0.0057294021510452386 -0.026589632531232428 -0.066350840876812991 -0.020376263905226878 -0.0044036346583495858 0.020211755091165087 0.0036117510153107369 -0.0055239712129918472 -0.038764185749480498 0.016683742332113418 -0.014180743413683692 -0.039165800676340845 0.011349624631419714 -0.044048775155407144 0.020425766458990521 -0.056684860130739437 -0.0058251943409730299 0.013569016312836536
leaf_weight=160.86055802810006 414.89461989887059 236.23261219117558 541.08354642731138 200.15521493236884 58.68957366142422 38.276888345601037 161.27435665333178 874.79559925326612 147.40318327653222 561.45229071518406 185.75497119454667 35.143667235272005 15.865656368201597 213.75908174819779 483.78905477077933 11.003494115546344 1537.593328079558 264.57486796396552 35.283692619297653 43.317858620313928 224.30793049407657 2340.9460849714233 94.467980426910799 32.303659926168621 3957.9037776808254 459.33291763998568 26.482831695931964 1171.5353161671665 1021.0035943845287 20.718582548433915 49.556722486857325 189.72372549027205 36.489029078278691 8.8261384968645853 202.82357085379772 18.833372498629615 178.17688543908298 129.49525873595849 352.8634583549574 109.25758681958541 77.118720898870379 204.50169707706664 176.99360741768032 168.98670345265418 349.69101674528793 127.86385627897107 9.49441884085536 239.1497630510421 1051.4643056726054 260.31857591355219 507.35269211558625 456.04007903381716 8.2334204344078881 481.35319479205646 268.66357934323605 33.079156169202179 108.19132974452805 59.938178066397086 12.249430315685457 6.0262570530176154 317.20969370112289 241.83582336036488
leaf_count=1801 10701 9684 95049 77196 242 833 3535 51416 7604 6249 9974 2000 615 17520 36895 295 10115 17942 729 1982 1812 36910 16892 903 76558 12440 1159 38554 24638 2916 1586 10201 1277 94 4723 936 2436 414 787 10723 1527 14345 5610 705 2178 12163 323 25764 62708 2288 7220 32065 159 5194 15812 1856 2607 2212 157 260 7904 3549
internal_value=-0.000403376 -0.00256138 -0.0112156 -0.00109819 0.0131612 -8.03256e-05 -0.000775711 -0.00202513 0.00471471 0.00707037 -0.0154594 0.00314217 -0.00768962 -0.00306577 -0.0182726 -0.0112711 0.00835086 0.00129842 -0.00835855 -0.00936655 0.0193834 -0.00155003 -0.0339487 -0.00275401 -0.00187673 0.00603681 -0.00285837 -0.00845327 -0.00129233 -0.00782229 -0.004288 -0.0100022 -0.01547 -0.0229481 -0.00905147 0.012853 0.0041632 0.0225471 0.0307695 -0.00666404 0.00830204 -0.0267695 -0.0187699 0.0171307 0.0120679 -0.00942072 -0.0076517 -0.00826952 -0.00521767 0.00672885 0.00872678 -0.0125302 0.0177282 0.0100278 -0.0248198 -0.00656526 0.00346555 -0.0096573 -0.0324937 0.00553322 0.00690465 0.0026104
internal_weight=22012 18994.2 2742.16 16252.1 3017.77 14092.7 13065.7 10646.2 2419.53 2069.3 2149.09 1507.85 2159.37 399.514 1749.58 1549.31 1733.74 610.065 196.144 332.574 1284.03 10446 110.334 8105.09 7230.29 795.066 6435.22 1402.52 5032.71 1074.8 316.899 267.343 235.039 198.55 350.227 478.166 593.072 1059.73 411.553 373.832 112.262 230.985 220.311 648.173 479.186 1438.98 1311.11 1300.11 1060.96 1175.28 1026.98 939.829 268.552 988.706 809.747 1054.08 906.725 186.405 72.1876 114.218 720.32 559.046
internal_count=814942 796159 220452 575707 18783 418598 405351 352985 52366 40039 207315 33790 157109 27494 179821 118760 12645 38349 2530 11119 6138 275789 17507 238879 187463 27437 160026 54058 105968 29410 14061 12475 11572 10295 12327 13376 13137 4326 1029 28665 3527 15504 7592 3297 2592 101253 89090 88795 63031 22671 13247 68960 2447 12414 110861 26494 20224 5236 2369 2867 14988 11453
cat_boundaries=0 1 2 3 4 5 6 7 8 9 10 11
cat_threshold=563210 1360103 321206146 86755 275877 46273 67712 34000 65760 1025 98723
is_linear=0
shrinkage=0.05


Tree=39
num_leaves=63
num_cat=15
split_feature=1 33 6 10 29 29 1 45 1 14 23 45 14 31 14 6 33 6 15 46 15 45 48 37 45 37 26 46 46 20 35 45 25 33 43 45 5 18 29 37 46 26 22 47 45 35 26 29 22 19 17 23 27 22 46 20 20 13 21 45 25 15
split_gain=212.871 88.987 62.8508 44.6172 57.8138 36.736 33.0884 38.2259 32.6608 28.6107 28.4342 26.7716 25.7251 24.6427 22.962 28.2995 22.8206 21.8652 27.688 21.2768 21.2573 21.8343 21.1507 21.0747 20.7135 24.7974 24.351 20.3542 19.8245 24.6944 19.7095 23.7288 19.5295 19.4334 19.4145 19.3531 19.2367 19.0653 18.981 21.509 18.9356 18.2575 17.7842 17.7543 17.6719 26.9635 24.1958 20.8221 17.5644 17.4752 22.9269 27.0936 17.4206 16.6242 18.7564 25.3251 22.5498 16.5664 16.5364 16.4431 20.4765 28.6277
threshold=16.500000000000004 5.5000000000000009 6.5000000000000009 4.5000000000000009 0.66899767518043529 1.482375502586365 52.500000000000007 0 1.5000000000000002 1.0000000180025095e-35 49.500000000000007 1 1.0000000180025095e-35 17.500000000000004 1.0000000180025095e-35 6.5000000000000009 16.500000000000004 4.5000000000000009 0.15849281847476962 2 0.45049019157886511 3 0.4869594424962998 30.500000000000004 4 46.500000000000007 7.5000000000000009 5 6 0.024077647365629676 0.76568627357482921 7 30.500000000000004 38.500000000000007 8 9 0.088663242757320418 0.13003220409154895 3.7905281782150273 25.500000000000004 10 100.50000000000001 31.861853599548343 11 12 0.82807883620262157 125.50000000000001 1.1327043771743777 31.138114929199222 301.50000000000006 0.12158167362213136 46.500000000000007 19.500000000000004 32.076339721679695 13 0.033310377970337875 0.033310377970337875 2.5000000000000004 0.88562822341918956 14 14.500000000000002 0.12262799963355066
decision_type=8 8 8 8 2 2 8 9 10 2 2 9 2 10 2 8 8 8 10 9 10 9 8 2 9 2 2 9 9 2 10 9 2 10 9 9 10 8 2 2 9 2 2 9 9 10 2 2 2 2 10 2 2 2 9 2 2 2 2 9 2 10
left_child=8 2 19 35 14 9 7 10 -1 52 58 17 30 27 15 -5 -13 -8 22 57 21 -11 -19 32 25 -16 -26 -10 -18 -30 31 -7 33 34 -12 -3 -32 -14 -24 -40 43 -17 44 -20 -29 47 -47 -46 -15 50 -42 -52 -4 -28 55 -55 -56 -2 -6 60 61 -50
right_child=1 3 5 4 6 12 11 -9 13 20 23 16 37 48 24 41 28 18 40 -21 -22 -23 38 -25 26 -27 53 42 29 -31 36 -33 -34 -35 -36 -37 -38 -39 39 -41 49 -43 -44 -45 45 46 -48 -49 59 -51 51 -53 -54 54 56 -57 -58 -59 -60 -61 -62 -63
leaf_value=0.018952248218117002 0.0030214072991085377 -0.01784376706625326 -0.044175198473334287 0.0021925387834635201 0.005455507554357383 0.0018873524233354215 0.014904492353667302 -0.010583672960870281 0.00070483146007220456 0.0031236285309694705 -0.024110565590442241 -0.013594359636165674 -0.0078257583512102609 0.016408756479207882 0.01506399423008617 -0.027650723360954799 0.00065602228252187821 -0.021542103720284211 0.026869924223179159 -0.012446817631525163 0.00639635793502731 -0.02213775885780829 0.00061474861578978584 0.033123264794656285 -0.026580546505566599 -0.027727923390166134 -0.026617869598538447 0.021279835532196281 -0.021476467368872994 -0.0026405919090645436 -0.020288724161607777 -0.023158161950691716 0.027013197902761927 -0.066435802857940818 0.019386822661143836 0.010828601414963814 0.0079379691984144077 0.018420920853688735 0.027323983887265802 0.00019643796798406813 -0.035914464454506398 0.00513171823755359 0.01753074854141428 -0.0033151561677944399 -0.066012051381808975 0.012837052532749464 -0.055959139485218481 -0.0045821999501934321 -0.04751759822820821 -7.116042927118063e-05 -0.00042067753327916003 -0.025793182674460638 -0.021882466077379051 0.022985109849414435 -0.035993664918134674 -0.040539078511042763 0.024509486653073165 0.024554023408386961 -0.050469281697808711 -0.015859906441885566 0.019437824360210777 0.0043343629156240475
leaf_weight=1055.8750826440519 194.7596487525152 50.409182896721177 105.67992538315593 125.65307081036735 33.449931184062734 434.07274187821895 243.30021484661847 143.9712085723877 366.13621198781766 117.64141329168342 28.941668679472059 633.20505936609698 122.0551035507815 108.24158200318925 182.44010289630387 421.08003430117969 1429.0964762826334 99.830057670158567 50.557005645765457 97.279807154787704 140.33697255328298 316.80464744509663 8360.9680492128828 225.0559981376864 161.23921964305919 36.539593923138455 48.376019702525809 71.347126164473593 267.56392141600372 485.86516273103189 498.18707709037699 105.57977404893609 72.434352296870202 7.09237086912617 46.808651993284002 991.81033076625317 65.90484810504131 148.44244169420563 139.19303800584748 148.2886106108781 116.14438941614935 45.58749085071031 964.11682467465289 182.95873719552765 22.752247783588246 121.48996665352024 9.2637716778554005 29.033832982182503 31.47145445481874 225.32423077244312 252.25299665413331 175.7125158351846 622.31885832973057 122.87254758854397 45.016636519343592 13.262340130750088 18.132127692457289 162.57574198150542 15.982237281743435 193.18486750056036 104.77832375047728 95.933800352271646
leaf_count=4028 8102 2562 42136 9196 340 19638 4351 3109 3127 4774 632 47153 3315 1248 6953 118810 53349 7196 1342 4225 4276 18386 164246 1511 12331 1955 2335 376 17866 20274 45743 11559 399 199 433 13270 3094 2376 669 1273 5635 2639 5645 8984 468 792 92 227 669 5828 9723 10801 80468 3379 2763 557 389 1818 379 2737 781 1139
internal_value=-0.00018962 -0.00221461 -0.00990109 -0.000673483 -0.0013879 -0.0128175 -0.000436076 0.0112585 0.0117767 -0.0188243 0.0184327 -0.000964033 -0.00707547 0.00816287 -0.0117838 -0.0188096 -0.00525607 0.000252178 -0.0001206 0.00722493 -0.0103512 -0.0157723 0.000783106 0.0234794 -0.00505973 0.00714502 -0.011498 0.0112848 -0.00283541 -0.00930455 -0.0104542 -0.0035708 0.00890457 -0.00756524 0.00171906 0.00929624 -0.0169501 0.00665069 0.00105311 0.0135736 -0.00796801 -0.0244278 0.0143263 0.00444739 0.00260766 -0.00588419 0.00608138 -0.0350074 -0.00112389 -0.0116474 -0.0166091 -0.0110156 -0.0253978 -0.00180185 0.00472627 0.0145488 -0.0157818 0.0126719 -0.015601 -0.00572415 0.0033914 -0.00978475
internal_weight=21951.7 18778.1 3131.64 15646.4 14604.2 2677.02 13384 573.736 3173.63 1302.78 429.765 12810.3 1374.24 2117.75 1220.2 592.321 2815.73 9994.53 9751.23 454.615 574.783 434.446 8748.28 380.333 627.879 218.98 408.899 1584.14 2182.53 753.429 1103.74 539.653 155.277 82.8427 75.7503 1042.22 564.092 270.498 8648.45 287.482 1002.95 466.668 1218 233.516 253.887 182.54 130.754 51.7861 533.61 769.434 544.11 427.966 727.999 247.66 199.284 136.135 63.1488 357.335 49.4322 425.368 232.184 127.405
internal_count=814070 792741 249910 542831 526999 235765 365692 7002 21329 150040 3893 358690 85725 17301 161307 130645 138642 220048 215697 14145 27436 23160 173384 3174 30662 8908 21754 10727 91489 38140 80034 31197 1663 1264 1065 15832 48837 5691 166188 1942 42313 121449 7600 10326 1955 1579 884 695 6574 31987 26159 20524 122604 9423 7088 3936 3152 9920 719 5326 2589 1808
cat_boundaries=0 1 2 3 4 5 6 7 8 9 10 11 12 13 14 15
cat_threshold=468524 1533376 66018 791681 976640 88448 9123 202944 65696 568321 78929 270533761 162572 21363 708906
is_linear=0
shrinkage=0.05


Tree=40
num_leaves=63
num_cat=12
split_feature=1 33 9 14 29 5 36 24 23 17 35 49 45 17 11 28 20 1 45 21 46 21 18 34 6 5 31 20 45 49 2 34 20 21 45 46 46 29 22 40 18 46 20 49 34 35 47 10 46 23 16 35 26 49 35 45 37 37 47 20 21 35
split_gain=190.403 89.0232 55.6218 49.231 47.3777 40.6426 39.9776 31.0063 29.6144 27.9509 27.7403 26.5057 31.4407 30.849 30.422 24.8776 23.1185 23.0785 22.3754 21.8954 22.0391 21.7648 20.7174 20.2122 20.0183 23.2993 19.3999 19.3555 19.2956 19.2409 25.3492 19.1186 25.9469 19.0879 18.8827 26.0312 25.8493 28.6098 19.9933 17.5271 17.249 22.2715 28.1306 22.0474 21.0019 17.865 17.642 16.7376 20.9953 16.2215 16.1881 18.197 17.3893 20.8455 16.1508 21.341 16.1407 15.9407 17.3944 15.8993 15.8416 17.0266
threshold=16.500000000000004 5.5000000000000009 11.500000000000002 2.5000000000000004 0.98540067672729503 0.14227043837308886 7.5000000000000009 1.5000000000000002 3.5000000000000004 0.030488939024508003 0.98304599523544323 21.901765823364261 0 0.32483765482902532 14.500000000000002 33.500000000000007 0.01398634258657694 24.500000000000004 1 0.60160982608795177 2 0.7504098415374757 0.15410428494215014 0.025137134827673439 4.5000000000000009 0.1830239146947861 3.5000000000000004 0.010835593100637199 3 2.8951301574707036 1.5000000000000002 0.038102755323052413 0.049704296514391906 0.59413114190101635 4 5 6 0.9239661991596223 32.824148178100593 1.0000000180025095e-35 0.083771932870149626 7 0.024753216654062275 6.9978065490722665 0.01294592395424843 0.20344828069210055 8 1.5000000000000002 9 24.500000000000004 0.64852941036224376 0.14642857760190967 65.500000000000014 3.373559951782227 0.908033847808838 10 29.500000000000004 61.500000000000007 11 0.021738907322287563 0.95096188783645641 0.908033847808838
decision_type=8 8 2 2 2 10 2 2 2 8 10 2 9 8 10 2 2 8 9 2 9 2 10 10 8 10 10 2 9 2 10 10 2 2 9 9 9 2 2 2 10 9 2 2 8 10 9 10 9 2 10 10 2 2 10 9 2 2 9 2 2 10
left_child=6 2 7 4 9 8 26 10 -6 15 24 27 -13 22 -15 -3 -17 -9 49 20 -7 -16 23 -14 25 -2 -1 -10 39 30 -8 40 -33 -12 35 38 37 -36 -28 -29 41 42 44 -42 -11 -46 -45 48 -35 -4 51 -21 59 -54 -18 -56 -5 58 -30 -53 -26 -62
right_child=1 3 18 56 5 19 29 17 11 31 33 12 13 14 21 16 54 -19 -20 50 -22 -23 -24 -25 60 -27 34 28 57 -31 -32 32 -34 47 36 -37 -38 -39 -40 -41 43 -43 -44 46 45 -47 -48 -49 -50 -51 -52 52 53 -55 55 -57 -58 -59 -60 -61 61 -63
leaf_value=0.025438300357786645 -0.046824723824109418 -0.039618235536548772 0.019741852908764353 0.0014320476473828805 0.034915872915249273 0.015202776308699284 -0.054165046415277557 0.01320566853630338 -0.011458738997786162 0.019588822809922385 -0.035723725133932814 -0.025807322583680709 -0.011749210200916328 0.017756397020300862 0.0080208619530447844 0.0095238037519649477 -0.029245291707977489 -0.034252369808591608 -0.011464063630868604 -0.037836898716915195 -0.018683993405333166 -0.036544103663582378 -0.0022550172201263922 -0.055896942900559125 -0.0049555409855670998 0.023794155119267132 -0.0015575166421806733 -0.017048204967549725 -0.039004671990243711 0.0071852363222326843 -0.0026243914462230483 -0.03126680291132599 0.0082157707050676057 -0.02843244122104532 -0.067801853882481916 -0.0084852760451421122 0.020031304167513829 0.0090256364071208302 0.021044797591263733 0.00092035520002765002 0.0080923182198580339 -0.014919133542515173 0.011080005865849375 0.026441947164996073 -0.0027243889639970826 -0.038631349314342471 -0.006211302359062176 0.017852411304142106 -0.0096305877561090117 0.0014993774184662444 0.021192272856523607 0.013743987663443983 -0.031731972167561025 0.023250448968326211 0.0072553169724181195 -0.026707690234972409 0.028442207012775656 0.024384057845502988 0.0012584120083929621 -0.039320360196439107 -0.024152228178944635 0.014235202706461253
leaf_weight=426.20818176143803 8.6915652840398234 92.889295535627753 187.11612189398147 77.852679786738008 55.390986331854947 70.421784593956545 22.694712495896965 26.060297397896647 326.18938938289648 31.746607717359439 125.43740167166106 193.61816276772879 60.654232828412205 215.23084265249781 51.099191130371764 98.242190907883924 153.66067674802616 234.40511866379529 189.39010583783966 18.030491332523525 96.559233451262116 50.606674458598718 120.52763061446603 45.319883292424493 896.46417127223685 86.14835559099447 148.11775288172066 277.63675930374302 11.918708024837541 991.2883093355922 176.51041961624287 129.38225002458785 57.722119374782778 232.54972887964686 13.925546592567114 196.63757770438679 831.91409575333819 30.977715074084699 279.54610894806683 260.13737774605397 587.00950874158298 504.0576614401507 253.62133808806539 29.198911001032684 61.779653652949492 76.285784948355285 772.27365914476104 33.71202294935938 495.15397761308122 335.73679965909105 430.97760531213135 22.175425580237061 15.157971262931822 140.60798622504808 106.61860623781104 61.915409237029962 190.80059214320499 69.407567049376667 9799.3661087300861 26.233563409652561 214.24992603683495 29.916361901909113
leaf_count=1534 519 48569 2466 1952 1334 1302 192 1076 13403 1699 15270 11124 2850 4170 1200 5993 13354 54981 6989 570 3089 1813 4184 2869 61404 2617 1084 14576 919 8354 1958 11875 2254 24674 228 1957 4023 166 1608 11788 31218 31148 10654 1354 5816 10705 57390 875 42636 8222 6764 698 437 2159 4555 7715 2904 741 206987 1264 24974 2795
internal_value=0.000133211 -0.00177137 -0.00951202 -0.00023723 -0.000611215 0.000760768 0.0115638 -0.0131704 -5.9435e-06 -0.00622376 -0.011121 -0.000189541 -0.00932905 -0.00275555 0.0072324 -0.0167981 -0.0113499 -0.0293448 0.00273336 0.0114806 -0.00456867 -0.014827 -0.0167048 -0.0322968 -0.00623786 0.0153014 0.0160063 0.000441454 0.000819352 0.00433472 -0.0096787 -0.00402604 -0.0191895 -0.0178506 0.0132528 0.00618476 0.017948 -0.0160002 0.0129889 -0.0082754 -0.0027623 -0.00802223 0.0006004 0.000767459 -0.0148862 -0.0232209 -0.00461428 -0.0146923 -0.0163115 0.00800148 0.0155871 0.00448836 0.00904115 0.0170795 -0.0177629 -0.00675286 0.0207841 0.00132532 0.00115121 -0.0160014 -0.00808775 -0.0192576
internal_weight=21855.2 18737.4 3095.03 15642.3 15373.7 12357.3 3117.82 2382.79 11537.1 3016.4 2122.32 11481.7 737.057 543.438 316.937 513.326 420.437 260.465 712.243 820.164 166.981 101.706 226.502 105.974 1235.47 94.8399 1927.33 10744.7 10418.5 1190.49 199.205 2503.08 187.104 886.853 1501.12 624.301 876.817 44.9033 427.664 537.774 2315.97 927.491 423.433 1388.48 169.812 138.065 801.473 761.416 727.704 522.853 653.183 222.205 204.175 155.766 322.195 168.534 268.653 9880.69 9811.28 48.409 1140.63 244.166
internal_count=813998 792894 249498 543396 538540 294241 21104 231821 277958 244299 175764 276624 28210 17086 7183 80186 31617 56057 17677 16283 4391 3013 9903 5719 92309 3136 10600 248414 235011 10504 2150 164113 14129 83455 9066 4649 4417 394 2692 26364 149984 60022 28874 89962 18220 16521 58744 68185 67310 10688 11892 5128 4558 2596 25624 12270 4856 208647 207906 1962 89173 27769
cat_boundaries=0 1 2 3 4 5 6 7 8 9 10 11 12
cat_threshold=45164 458954 213184 22796 1360967 26870 18608 547941 17110336 78020 463170 268443970
is_linear=0
shrinkage=0.05


Tree=41
num_leaves=63
num_cat=11
split_feature=1 33 10 16 13 16 8 3 4 31 1 17 29 47 0 34 45 25 20 18 47 23 18 49 43 16 46 28 23 36 20 49 22 20 32 10 6 46 30 29 26 23 28 49 47 45 16 49 46 16 18 47 23 34 35 17 22 45 34 49 34 33
split_gain=219.8 89.2753 57.6179 32.2455 32.2216 35.0986 33.7784 35.513 28.0531 27.1956 28.858 26.997 26.3957 24.3601 24.0534 24.4068 23.9382 26.5895 23.6988 22.0485 20.8481 20.4333 20.3568 28.2308 19.7019 19.0817 21.5609 21.5381 24.2701 22.8066 21.4701 20.7629 29.0783 20.7177 18.1487 31.2081 17.6665 17.3824 22.6276 17.0844 16.9611 18.4412 16.6659 16.6484 20.3059 17.0749 19.6316 18.7632 16.5056 16.4618 17.674 16.331 16.2712 20.1674 15.9329 15.781 15.758 15.7196 16.3928 15.4308 18.4271 15.4605
threshold=18.500000000000004 6.5000000000000009 3.5000000000000004 0.091507177799940123 1.5000000000000002 0.12060606107115747 1.5000000000000002 0.51015409827232372 3.5000000000000004 6.5000000000000009 2.5000000000000004 0.33161512017250067 0.43405796587467199 0 1.5000000000000002 0.017624294385313991 1 15.500000000000002 0.04947276413440705 0.11822947114706041 2 47.500000000000007 0.43534001708030706 1.0018053054809573 3 0.35067567229270941 4 82.500000000000014 13.500000000000002 1.5000000000000002 0.041112339124083526 16.266088485717777 30.375735282897953 0.047354085370898254 3.5000000000000004 5.5000000000000009 5.5000000000000009 5 4.5000000000000009 3.614962220191956 56.500000000000007 49.500000000000007 226.00000000000003 12.092593193054201 6 7 0.85053193569183361 16.825542449951175 8 0.77859479188919078 0.36882591247558599 9 19.500000000000004 0.048323446884751327 0.84698995947837841 0.33161512017250067 42.653694152832038 10 0.031949812546372421 5.0981597900390634 0.018067282624542717 52.500000000000007
decision_type=8 8 8 10 2 10 10 8 8 10 10 10 2 9 2 10 9 2 2 10 9 2 10 2 9 8 9 2 2 2 2 2 2 2 10 10 8 9 2 2 2 2 2 2 9 9 8 2 9 8 10 9 2 10 10 10 2 9 10 2 10 10
left_child=9 2 37 -4 6 39 7 11 -5 -1 -11 -3 -10 -12 25 -16 17 -15 22 -14 49 34 52 -24 -17 26 -9 57 -29 31 -27 32 42 -32 35 -21 -23 51 -39 -6 41 48 -30 44 -25 -45 -47 -48 -8 -18 -51 -2 -7 -54 -38 -52 -35 -28 -59 60 61 -34
right_child=1 4 3 8 5 18 40 14 12 10 13 -13 19 16 15 24 20 -19 -20 21 -22 36 23 43 -26 30 27 28 29 -31 33 -33 59 56 -36 -37 54 38 -40 -41 -42 -43 -44 45 -46 46 47 -49 -50 50 55 -53 53 -55 -56 -57 -58 58 -60 -61 -62 -63
leaf_value=0.018136458452636731 0.015782683599980432 -0.037846878895294804 -0.026732437228227619 0.021071289438588763 -0.0027517622734329365 0.01099267694160823 0.0021085425799474778 -0.036111450999497266 -0.026335969970270042 0.015313355483046681 0.017760083147425908 0.0050306955332555881 -0.015682599459840751 -0.0046199211967221524 0.043531766267765434 0.01982084443014856 0.00025556979698607613 -0.043896033376675171 0.02844596008458122 -0.0099713171964360761 -0.026385513771955433 0.0060693463836564389 -0.053624143081274049 0.02407491148742183 -0.018223930367669148 -0.0015178649903127117 0.0083799260966959666 -0.036660955881222604 -0.01394882578867312 -0.026453342662609382 0.013271402747616866 -0.021165816632232728 -0.052836228295060364 -0.0032323499568704681 0.0093315448125443796 0.033049486786014215 -0.0072203217952948101 0.01445406529617768 -0.029574930099076392 0.020908298587348023 0.0078237654524786916 -0.027632751129809782 -0.065698768379653535 0.015421367414251567 -0.011297015982310098 -0.042129436563452832 0.019897566221793589 -0.033734043241740834 -0.024132251665972666 0.020603143988026561 -0.035774774280214139 -0.017173640067475859 0.0010016315879643534 -0.042668406655560133 -0.023691599222763898 0.012715661766089504 0.02493834372557242 -0.0016742967940064639 -0.036211734090664291 0.0087958691132872489 0.00056147563925702533 0.022852581806521541
leaf_weight=1094.0567350627389 315.64185509760864 110.71489129075781 330.0824034656398 65.393430840136716 2125.3509054052411 458.61081207613461 161.8254015527782 44.411875534715364 251.0127724383492 892.00285858189454 230.32607845519669 52.20153463803581 870.89729310016264 193.95153284142725 53.941291375551373 61.242474849452265 445.28496463177726 50.953470019856468 114.74157128948718 454.05404979677405 37.174568658927456 113.10745331528597 10.604898658581076 366.69322661915794 46.988374302862212 6677.1954221615451 377.82832930790028 71.687933563371189 100.65377690736204 129.50509885966312 514.6943873053533 143.79214814410079 28.571612962754443 515.84435568022309 304.458912256232 41.537325136363506 309.77920651622117 47.692720807390288 61.811412149458192 74.166199110331945 72.372916309977882 232.58123335323762 14.556155753787605 115.51719926972874 40.801782092195936 30.951771928230301 47.708771447418258 18.656630816403776 80.314510554424487 260.14284051698633 25.00755599164404 31.757449311669916 1330.2194425256457 21.971796499099582 285.47576160798781 33.903290691319853 49.873878902842989 173.95625070910319 37.980396868661046 430.83159023663029 110.4934065900743 5.4124774539377531
leaf_count=4956 4404 51977 44363 5638 23798 6674 14436 4644 44648 4108 1807 12332 68384 2759 321 867 5270 747 1108 30355 627 4274 396 5459 1213 198272 14641 5401 5247 9050 6717 8520 1435 16534 15957 748 26136 651 1936 863 4021 42671 1091 1490 915 1014 648 574 9783 2145 380 684 27372 680 31829 246 973 9541 2673 14082 4239 116
internal_value=-0.000244503 -0.00235153 -0.00955967 -0.012057 -0.000681491 0.00272064 -0.00225305 -0.00157107 -0.0102139 0.0117122 0.00843715 -0.0243674 -0.0110302 0.00359206 -0.00117129 0.0176306 0.000232796 -0.0129866 0.00669924 -0.00936362 0.00443639 -0.00567553 0.00562128 0.0133204 0.00336939 -0.0015039 -0.0063442 -0.00516931 -0.00952895 -0.0073321 -0.000458697 -0.00422412 -0.00056942 0.00606404 -0.000188323 -0.0060715 -0.0118282 0.00693024 -0.00975324 -0.00190835 -0.0142856 -0.0177026 -0.0229479 0.0148845 0.0207489 0.00343779 -0.0112528 0.0035135 -0.00779846 0.00641444 0.0150714 0.0121839 0.00290939 0.000137456 -0.0152513 -0.00905687 -0.00055209 0.00241415 -0.00817858 0.00407114 -0.00984094 -0.0393967
internal_weight=21801 18538.2 3482.7 3025.8 15055.5 4756 10299.5 9752.38 2695.72 3262.8 2168.75 162.916 2630.32 1276.74 9589.46 162.172 1046.42 244.905 2556.48 2379.31 801.513 1508.41 2441.74 630.934 108.231 9427.29 1669.68 1625.27 1035.5 963.816 7757.61 834.311 690.519 1080.41 800.05 495.591 708.362 456.903 109.504 2199.52 547.094 474.721 115.21 620.329 407.495 212.834 97.3172 66.3654 242.14 764.339 319.054 347.399 1810.8 1352.19 595.255 58.9108 565.718 589.765 211.937 575.309 144.477 33.9841
internal_count=814840 791795 280007 272332 511788 70991 440797 369886 227969 23045 18089 64309 222331 13981 305577 2401 12174 3506 46330 177683 8668 109299 45222 10496 2080 303176 80680 76036 49181 43780 222496 34730 26210 24224 47060 31103 62239 7675 2587 24661 70911 66890 6338 10100 6374 3726 2236 1222 24219 8041 2771 5088 34726 28052 57965 626 17507 26855 12214 19872 5790 1551
cat_boundaries=0 1 2 3 4 5 6 7 8 9 10 11
cat_threshold=10625712 824577 33603841 303168 21552 116962 37782017 197452 56978 369149953 439008
is_linear=0
shrinkage=0.05


Tree=42
num_leaves=63
num_cat=10
split_feature=1 13 33 14 25 48 4 29 49 47 23 29 36 17 47 19 23 29 16 16 19 43 43 30 35 47 2 11 47 25 34 25 29 47 22 22 19 48 20 48 22 48 36 22 29 46 29 27 21 31 28 46 17 19 35 28 31 16 16 46 22 23
split_gain=195.017 69.869 86.51 39.0489 53.9349 33.3415 32.9948 33.2475 32.4556 28.3501 32.6957 28.2541 25.3097 24.3312 23.915 23.7373 27.4296 22.4785 21.4899 21.1015 21.0531 20.3962 19.9524 28.2676 19.2411 19.2128 17.5984 17.4204 17.3815 17.1131 20.2819 17.1114 21.9702 17.6695 17.7235 21.5788 28.1053 17.6432 17.3957 17.0079 16.8417 21.6585 16.7867 16.7127 16.4275 16.8289 20.3178 19.7219 16.4173 16.2204 22.959 16.1843 16.0614 21.1722 15.9349 15.8992 15.705 15.6655 19.9509 23.7245 17.9149 27.4406
threshold=8.5000000000000018 1.5000000000000002 5.5000000000000009 1.0000000180025095e-35 5.5000000000000009 0.68825104832649242 3.5000000000000004 2.6890897750854497 21.901765823364261 0 53.500000000000007 1.3298791050910952 3.5000000000000004 0.015877015888690952 1 347.50000000000006 27.500000000000004 0.43405796587467199 0.14354395866394046 0.66969698667526256 181.50000000000003 2 3 11.500000000000002 0.93387979269027721 4 3.5000000000000004 7.5000000000000009 5 74.500000000000014 0.011016949079930784 4.5000000000000009 0.42388592660427099 6 34.26726150512696 34.004098892211921 22.500000000000004 0.66638875007629406 0.041438465937972076 2.1544913053512578 29.867577552795414 2.0026509761810307 25.500000000000004 35.274013519287116 0.52885684370994579 7 0.70222854614257824 84.500000000000014 0.90159687399864208 6.5000000000000009 187.50000000000003 8 0.11043360456824304 88.500000000000014 0.65549451112747203 232.50000000000003 10.500000000000002 0.16152751445770266 0.61200717091560375 9 29.243430137634281 13.500000000000002
decision_type=8 2 8 2 2 10 8 2 2 9 2 2 2 10 9 2 2 2 8 10 2 9 9 2 8 9 8 10 9 2 8 2 2 9 2 2 2 10 2 10 2 8 2 2 2 9 2 2 2 10 2 9 10 2 10 2 10 10 10 9 2 2
left_child=12 2 5 4 -4 -2 -3 18 11 21 19 15 48 -7 43 16 -6 28 55 54 27 -5 -12 -24 39 -14 -20 -9 -15 -13 52 32 56 34 35 57 -37 -34 -35 -22 41 -32 -36 -10 -28 46 -46 -48 -1 50 -17 -19 53 -31 -11 -8 -27 -33 -59 60 -60 -62
right_child=1 6 3 9 8 13 7 20 14 10 22 29 25 17 -16 49 -18 51 26 -21 24 -23 23 -25 -26 31 44 -29 -30 30 40 33 37 38 42 36 -38 -39 -40 -41 -42 -43 -44 -45 45 -47 47 -49 -50 -51 -52 -53 -54 -55 -56 -57 -58 58 59 -61 61 -63
leaf_value=0.013019206854314111 -0.024701353928905261 0.019999254303631961 -0.025040893607072914 0.033529303481923761 0.012785083415812257 -0.018833267540223166 -0.019200400562536427 0.028313521180209494 -0.014106361588312012 -0.045071132377667432 0.01441880497644351 0.0031022349138783759 0.024290694071842742 0.010675520152514287 -0.019192100701337863 0.022251365233790489 -0.013560571319278625 0.00056592919568054984 0.027682291124835747 0.017019707209775331 0.026583188613056197 0.0056568995432161604 -0.049083971005538726 -0.0071202194347020275 -0.023218098087855493 -0.013443466453288797 -0.014134195495781722 0.0074063401804105033 -0.029693711759110498 0.028305053411346655 -0.052200464471659491 -0.03293387542241015 -0.049649878243097328 -0.050584908640196137 0.018473537638003076 0.038721870871208756 -0.06354936912653647 -0.0057148810388167031 0.016456428421582486 -0.038276002386998548 -0.0011353201637601938 -0.0048079810288304365 -0.022305331031843661 0.017272875536582705 0.01625652115792783 0.0024445209335429174 -0.066125425322680967 -0.010182487730779375 0.029984206088814743 -0.016396452381580839 -0.0014772559100144646 -0.013112717401070246 0.017341499975987419 -0.050944683710783395 -8.3011098392916328e-05 -0.00040472040591437765 0.02492431007372024 0.019154021896908208 0.024850934390526998 0.015089068280135143 0.019117463204514903 -0.032221277606143427
leaf_weight=282.27061375463381 459.63673234183807 262.11177171219606 273.6847668755363 54.822664723033085 104.35927663650364 498.657132268243 216.90247642132454 227.25412584282458 71.891565992031246 23.057081496343017 26.367427983088419 2474.219737856416 208.25437715696171 29.380337366193999 459.80705764819868 115.74808420508634 1125.0043887689826 801.30754086544039 59.636574070900679 138.02933417842723 49.997038023313507 1716.9380996190012 85.243216023081914 75.815969316521659 60.948401121306233 32.926750689744949 159.07386647746898 182.67723725293763 126.83609781280393 6.7026049953419706 32.050416833022609 18.279767268802971 21.054492803115863 19.758768040221184 702.81008511339314 5.5920869465917376 18.231604302534834 202.56305150175467 12.702217118348925 7.7825116005260488 3321.7589600327192 72.368383349617943 22.108461587689817 89.957416465156712 24.761087002698332 4325.0152327859541 23.490183770889416 40.273159930366091 313.48123800661415 132.83686991117429 651.29540167551022 281.57919823523844 12.507266849512233 47.910300738061778 66.010100416489877 228.68084466760047 93.571833233581856 252.90168434032239 21.744380088057369 126.17152062850073 30.546222031116486 103.5919007465709
leaf_count=1402 66078 3411 110615 353 6576 56338 8435 1513 3663 1372 561 69346 879 2486 26072 3821 79334 52974 258 3179 755 39335 5696 4265 1508 267 8141 2226 18727 126 2405 192 549 210 3357 12 196 1608 51 183 83007 2335 224 2670 604 72761 1201 1783 900 9161 15258 22339 335 2116 2075 6022 644 1321 108 683 145 781
internal_value=-1.40356e-05 -0.00171834 -0.00371351 -0.00192806 -0.0033851 -0.0127713 0.00282837 0.0020085 -0.00269133 0.00405877 -0.00755395 -0.00184165 0.0131426 -0.00955401 -0.013655 -0.00677902 -0.0112814 -0.00575904 0.000760048 0.00501454 0.0138805 0.00679358 -0.0229098 -0.0284275 -0.00451364 0.0102658 0.00177225 0.0191982 -0.0231853 -7.57641e-05 -0.00232788 0.00827244 -0.00150045 0.0108943 0.0118099 0.00529552 -0.0369907 -0.0108469 -0.0202504 0.0154944 -0.00177285 -0.0210753 0.0170856 0.00314125 0.00140447 0.00197987 -0.0179775 -0.0341013 0.0221214 -0.000599794 0.00222435 -0.00315013 -0.0285725 -0.0396601 -0.0135059 -0.00966567 0.014806 0.00743148 0.00910298 -8.58606e-05 -0.0126098 -0.0202634
internal_weight=21732.9 19244.4 13375.8 11178.4 8992.1 2197.4 5868.6 5606.49 8718.42 2186.28 414.523 8096.76 2488.56 1737.76 621.656 2129.24 1229.36 1239.1 5077.83 227.097 528.659 1771.76 187.427 161.059 118.728 1892.81 4632.25 409.931 156.216 5967.52 3493.3 1684.55 350.116 1334.44 1301.98 577.059 23.8237 223.618 32.461 57.7795 3426.18 104.419 724.919 161.849 4572.61 4413.54 88.5244 63.7633 595.752 899.88 767.043 1082.89 67.1202 54.6129 89.0672 445.583 126.499 553.235 534.956 282.054 155.883 134.138
internal_count=814948 801419 692618 473676 416840 218942 108801 105390 306225 56836 17148 273820 13529 152864 32405 114150 85910 96526 99205 6626 6185 39688 10522 9961 2446 11227 84748 3739 21213 159670 90324 10348 3068 7280 7019 3438 208 2157 261 938 87747 4740 3581 6333 84490 76349 3588 2984 2302 28240 19079 75313 2577 2242 3447 14457 911 3230 3038 1717 1034 926
cat_boundaries=0 1 2 3 4 5 6 7 8 9 10
cat_threshold=321271954 71598689 8192 329728 274743346 362112 100696193 154640 204114 38243
is_linear=0
shrinkage=0.05


Tree=43
num_leaves=63
num_cat=14
split_feature=1 33 6 48 14 25 36 45 16 4 33 25 7 18 21 26 35 45 29 49 29 6 29 37 16 6 43 6 18 46 45 11 45 20 45 16 28 32 48 21 46 15 47 45 10 5 49 46 28 20 37 10 22 48 45 45 28 46 48 20 30 48
split_gain=198.504 78.7864 42.5447 39.6462 36.8764 48.8777 34.5391 33.0709 28.9842 24.8357 25.0864 37.4113 20.6113 22.8563 20.294 26.8687 18.7464 18.6768 18.567 18.3699 17.8497 24.9718 17.8259 17.4482 17.4284 18.109 17.3646 18.6401 17.4026 17.2336 17.1226 17.1109 16.6434 17.2778 16.2886 16.0618 15.9145 15.8376 17.3378 15.7714 15.7264 15.7084 15.6962 21.215 19.8589 17.4973 15.6006 15.536 15.521 19.4082 18.8203 22.3757 22.1895 21.2518 24.2151 19.5143 19.4455 16.7743 18.1037 16.7182 16.2509 15.5176
threshold=8.5000000000000018 6.5000000000000009 4.5000000000000009 0.39300721883773809 1.0000000180025095e-35 5.5000000000000009 3.5000000000000004 0 0.18301435559988025 9.5000000000000018 15.500000000000002 170.50000000000003 0.62178358435630809 0.125657893717289 0.36854232847690588 11.500000000000002 0.71198156476020824 1 1.643346428871155 23.654243469238285 0.87979057431221019 12.500000000000002 1.542070806026459 26.500000000000004 0.87253385782241832 3.5000000000000004 2 4.5000000000000009 0.098099362105131163 3 4 2.5000000000000004 5 0.067891713231802001 6 0.45080643892288214 8.5000000000000018 7.5000000000000009 1.6996192336082461 0.28176638484001165 7 0.25076687335968023 8 9 1.5000000000000002 0.41137719154357916 21.901765823364261 10 194.50000000000003 0.0082025048322975653 28.500000000000004 7.5000000000000009 29.867577552795414 1.1001007556915285 11 12 3.5000000000000004 13 0.3608513623476029 0.023626699112355713 18.500000000000004 0.96534603834152233
decision_type=8 8 8 10 2 2 2 9 10 8 8 2 10 10 2 2 10 9 2 2 2 8 2 2 10 8 9 8 10 9 9 10 9 2 9 10 2 10 10 2 9 10 9 9 10 8 2 9 2 2 2 10 2 10 9 9 2 9 10 2 2 10
left_child=6 2 16 47 5 24 30 22 -9 -7 11 26 13 36 15 35 -2 -12 42 20 -19 39 -5 -13 25 -3 -11 -28 -29 -23 -1 -31 -16 37 -20 -8 -10 38 -34 -22 -38 -30 48 -44 61 -46 -42 -4 50 -50 52 55 53 -6 -55 57 -53 59 -59 -52 -51 -45
right_child=1 4 3 7 18 9 14 8 12 10 17 23 -14 -15 32 -17 -18 19 34 -21 21 29 -24 -25 -26 -27 27 28 41 31 -32 -33 33 -35 -36 -37 40 -39 -40 -41 46 -43 43 44 45 -47 -48 -49 49 60 51 56 -54 54 -56 -57 -58 58 -60 -61 -62 -63
leaf_value=0.013335685844799711 0.018178270341704522 0.027515302705630795 0.0062654529351010707 -0.039974822227768263 -0.057546609720066713 0.025248384532874143 -0.0025619650820522429 -0.020084667260651851 -0.031942471518565989 -0.023437258101284487 0.0010653562069530425 0.028239700985562978 -0.017128970879814284 0.00040342604692136303 0.019149001120838421 0.008397745798950744 -0.003543646058497823 -0.015342156784105034 0.021798500564223916 -0.022556606020217404 -0.034209654157318602 0.0024044219570673333 0.0061403575917558179 -0.0044979162601140408 -0.007664230021153403 -0.038124525426064718 0.0147667807320186 -0.01599672163688598 -0.0014556106554578418 -0.020960336443862124 0.032074226962640583 -0.0041962514148499918 0.0073415223099445037 -0.029943564617300952 0.0033411378231996136 -0.065281003008620941 -0.017664443863606549 -0.028431598436254282 0.02520375133506857 0.023921618738429892 -0.00044788290109325365 -0.019679364558838574 0.011848629944993267 -0.021339620128157294 -0.00089409251718856127 -0.043557080248282101 -0.029372726314022182 -0.041049662839431539 -0.042379571866229322 0.029860429045562666 -0.0051098906489908825 0.034045989873006062 -0.00018889662660558746 0.02719176244606274 -0.038102425039649834 0.013013533883727144 -0.027554509020754937 0.027368694400559258 -0.021293123448175699 0.027228147789674657 -0.019606779198976073 0.0081197452415006834
leaf_weight=307.78825669945218 188.38397153501865 7.8472966578556225 22.971947139798431 128.91077707559452 29.570470289094374 84.49736788473092 17.034085098654032 410.46875313788769 71.302917985391105 171.80011413240572 7529.9639001146425 101.01302694424521 341.34450860141078 1255.1582872703439 467.38735834805993 66.622052134014666 201.4258056016406 253.27580813580425 257.33862674050033 118.65160262782592 8.453857158077879 956.18527305859607 23.392444749944843 64.085907378233969 116.42900768305117 138.54767201804498 88.24373024655506 483.75355925620534 772.32568607886788 170.17834488936933 301.45582753233612 1199.0037823066814 1093.0971389954211 24.650370447896421 242.00370657281019 22.157834972487763 264.42477417562623 23.24623851547949 151.91204602690414 124.81554248998873 524.72365711419843 134.84199142642319 107.4093895398546 67.071355795138516 35.408837356138974 71.233381336554885 46.179826681152917 118.87657297382248 7.3156593618914476 130.57847734028473 84.917721614008769 11.06163528584875 681.63962170179002 19.527368239592761 9.1219416202511656 820.83650750108063 68.886176096042618 17.986680986126885 125.34931657125708 68.377442662371323 15.4330521246884 113.08874320879113
leaf_count=1428 3848 607 3028 20447 1781 2254 312 48321 14804 15041 148678 1011 42170 71204 1935 643 6805 25925 1997 7371 343 25118 1613 1665 34483 69759 2358 27457 34288 12451 849 29754 6783 154 2731 558 16978 295 570 2297 29973 9226 3027 3610 1170 6168 3475 20655 126 746 2242 374 17501 230 568 13815 3962 277 3028 926 216 2622
internal_value=-8.78565e-05 -0.00181501 -0.00847589 -0.0103708 -0.000267589 -0.00145804 0.0132197 -0.00913774 -0.00781343 -0.000996065 -0.00118847 -0.00660058 -0.00579629 -0.00397148 0.00979896 -0.0110805 0.00705121 -0.000237075 0.00472259 -0.00368837 -0.00283643 -0.00151963 -0.0309541 0.0157734 -0.0225889 -0.0338135 -0.00887888 -0.00691023 -0.00838295 -0.00274161 0.0235325 -0.00630271 0.0110819 0.00789472 0.0134735 -0.0413954 -0.00999717 0.00880687 0.00961311 0.0191304 -0.00794502 -0.00425742 0.0029405 -0.00607357 -0.0130408 -0.030066 -0.0029707 -0.0358034 0.00465742 0.0197431 0.00343968 0.0073021 -0.00281847 -0.0311557 0.0005871 0.00914879 -0.0175292 -0.00195092 -0.0135562 0.00914145 0.0241558 -0.0031277
internal_weight=21581 19105.6 3597.56 3207.75 15508.1 12523.9 2475.35 3065.91 2913.6 12261.1 12176.6 1816.06 2503.13 2161.79 1866.11 105.814 389.81 10360.5 2984.16 2830.56 2711.91 2458.64 152.303 165.099 262.824 146.395 1650.97 1479.16 1390.92 2325.37 609.244 1369.18 1760.29 1292.91 499.342 39.1919 906.631 1268.26 1245.01 133.269 835.328 907.168 2484.81 394.212 286.802 106.642 570.903 141.849 2090.6 153.327 1937.27 1197.42 739.859 58.2198 28.6493 1117.47 79.9478 296.631 143.336 153.295 146.012 180.16
internal_count=814051 800524 283321 272668 517203 450086 13527 248985 226925 345237 342983 91046 178604 136434 11250 1513 10653 251937 67117 103259 95888 69963 22060 2676 104849 70366 88370 73329 70971 67323 2277 42205 9737 7802 4728 870 65230 7648 7353 2640 50426 43514 62389 16597 13570 7338 33448 23683 45792 1088 44704 24624 20080 2579 798 20288 4336 6473 3305 3168 962 6232
cat_boundaries=0 1 2 3 4 5 6 7 8 9 10 11 12 13 14
cat_threshold=51712 484260 368640 115905 264931 89856 74051 30994 321027968 1331462 2849 393250 529443 72321
is_linear=0
shrinkage=0.05


Tree=44
num_leaves=63
num_cat=11
split_feature=2 24 16 4 45 7 13 48 25 16 43 33 4 49 34 15 19 33 49 46 25 46 21 35 45 14 33 46 16 45 27 49 34 15 18 24 10 45 49 45 15 19 16 22 19 26 5 5 46 35 31 45 22 27 30 20 23 21 20 16 25 34
split_gain=153.958 75.8891 55.6838 43.1175 49.735 37.7109 29.0025 28.9498 28.4927 31.064 23.8069 23.0383 21.9638 21.911 21.8507 21.5702 21.2175 30.7495 24.4438 24.7142 19.9805 19.8261 19.5119 26.133 19.2925 20.3759 18.5537 17.8766 18.2421 17.6362 17.6123 17.6012 17.5261 17.8011 17.41 16.9612 18.6705 19.3221 22.6129 17.2961 20.9471 16.792 16.6971 16.4805 16.6399 16.4531 20.802 16.3781 16.3354 21.9404 17.0655 16.1687 16.1351 16.0707 16.0464 15.9022 15.5645 19.1522 18.2952 20.7015 20.9834 16.2968
threshold=4.5000000000000009 9.5000000000000018 0.10102041065692903 10.500000000000002 0 0.99696817994117748 1.5000000000000002 0.4095235019922257 26.500000000000004 0.16152751445770266 1 23.500000000000004 1.5000000000000002 25.155297279357914 0.018612994812428955 0.2674796879291535 49.500000000000007 2.5000000000000004 6.1618576049804696 2 15.500000000000002 3 0.987856686115265 0.47913043200969702 4 1.0000000180025095e-35 48.500000000000007 5 0.83047804236412059 6 24.500000000000004 17.280166625976566 0.022392606362700466 0.15405073761940005 0.125657893717289 1.0000000180025095e-35 2.5000000000000004 7 15.001548767089846 8 0.15301003307104113 5.5000000000000009 0.36939570307731634 36.797872543334968 111.50000000000001 9.5000000000000018 0.3829257339239121 0.7451707422733308 9 0.63818180561065685 15.500000000000002 10 32.824148178100593 109.50000000000001 6.5000000000000009 0.025403249077498916 54.500000000000007 0.97152990102767955 0.021656205877661708 0.98837208747863781 9.5000000000000018 0.021313559263944629
decision_type=8 2 8 8 9 8 2 8 2 10 9 10 10 2 10 10 2 8 2 9 2 9 2 8 9 2 10 9 10 9 2 2 8 10 10 2 8 9 2 9 10 2 10 2 2 2 10 10 9 10 8 9 2 2 2 2 2 2 2 10 2 10
left_child=8 2 12 26 48 6 20 14 10 -10 11 56 31 16 -7 -13 18 -18 21 55 -6 34 30 43 25 -15 45 28 -12 53 -19 -2 33 -25 -9 39 -37 -38 -39 40 -21 -3 -41 44 -24 52 -47 -28 49 -5 -50 -23 -4 -11 -22 -20 -1 58 59 -58 -61 -59
right_child=1 41 3 4 5 7 -8 13 9 29 27 15 -14 24 -16 -17 17 22 19 35 54 51 23 32 -26 -27 47 -29 -30 -31 -32 -33 -34 -35 -36 36 37 38 -40 42 -42 -43 -44 -45 -46 46 -48 -49 50 -51 -52 -53 -54 -55 -56 -57 57 61 -60 60 -62 -63
leaf_value=0.018628630084809684 -0.0070921304398997775 -0.049661923005292097 0.01736353385090315 -0.0088694363526582755 -0.021358732443389636 0.021716454518135517 0.0038319551210266242 -0.030537074229829604 -0.044965093874681644 -0.018603104604217598 -0.032643595790488172 0.017298672588908725 -0.046071358073435716 -0.0072778377543169324 -0.017608889968289777 -0.021196810129434755 -0.0082173560079223471 -0.020630815239090293 -0.0042682703783976155 -0.045146676333383616 -0.015620571403970615 -0.0093777305297319952 0.0014919416423957814 -0.028830914417030042 -0.020056272607880968 0.02746011728293123 -0.058273061944343611 0.0038445235112528724 0.0042964535184592855 0.023094816265228444 0.001764150745803798 -0.021460995342591868 0.0002442616388603603 0.0051736775519440961 0.017414203219214663 0.022392239838190543 0.0065420740866009549 -0.051992040310366097 -0.0054657003805905881 -0.026533251698134627 0.0019400689120577172 -0.016045310704817319 0.018433950912728769 -0.051697021475684404 -0.035406028426277956 0.024313371131136078 0.0027357357693928103 0.031140721545031749 -0.016123161543492755 -0.035358346483265142 0.012161102150353089 0.025035530256435914 -0.020891141087456457 0.014501461912668177 0.0067731405820410625 0.026281524442022915 -0.039485312793121702 0.040308406150542486 0.006869092403712718 -0.044677098374470106 0.034871651588359469 0.0022445504581749369
leaf_weight=699.34913587849587 1397.733908419701 89.123047135872184 43.792129654320888 144.08817328396253 461.84233654808486 35.103406103735324 282.74208561039995 36.116500317322789 14.44109517848119 50.55184811912477 71.326668033143505 53.679192521609366 37.100204422982642 195.40852833917597 339.41702674317639 91.880997870815918 1014.7726700577768 83.577605093247257 60.917867678246694 30.76085110421991 161.50889615144115 35.296056065941229 73.076645495952107 106.36493174469797 228.90499148372328 48.477599744452164 12.022236731892916 713.15939351753332 57.604138938244432 654.00234772940166 10216.771426592866 249.23350233043311 1004.5157591401367 56.761349760578014 30.630633239459712 21.921008188044652 42.785345150652574 68.518662350950763 42.501362930197502 19.358805382391438 68.42923469550442 72.6887577357993 148.76940936531173 35.490091841551475 47.042075778008439 338.24113403155934 167.63640258088708 3.6523596048355094 125.52553457336035 178.00285922578769 85.548749458510429 311.24457599027664 58.705292899074266 103.24083281867206 149.8417742337333 127.58650106814457 47.100733986590058 60.502941228449345 242.91549657378346 7.1736649591475752 21.914210753981024 50.362197888782248
leaf_count=3841 68543 63996 5425 16460 81472 1619 8255 2227 145 345 1098 826 13365 8393 26868 1762 57847 6195 3172 1661 11469 1534 4025 6183 10952 779 951 7942 616 2702 210719 19330 32027 2059 849 325 2596 6035 3073 637 1588 14952 2953 3169 2724 6237 2608 5 14246 25492 5881 7476 9079 591 13088 3396 711 233 1702 153 74 380
internal_value=-0.000238169 -0.00192022 -0.00161586 -0.000742781 -0.00124357 -0.000721455 -0.00982223 -5.74459e-05 0.0103855 0.0182687 0.00728775 0.0115418 -0.0102684 0.00030781 -0.0136854 -0.00689755 0.000675089 0.000107686 0.00750521 0.00128552 -0.0148078 0.0168806 0.000837706 -0.00486653 -0.0102176 3.84741e-05 0.0120999 0.000673004 -0.0154422 0.0196688 0.00157252 -0.00932493 -0.00225528 -0.0171967 -0.00776906 -0.00520675 -0.0171594 -0.023324 -0.0323918 0.00263013 -0.012891 -0.0354943 0.0119493 -0.0237804 -0.0137958 0.0135871 0.0172598 -0.0349461 -0.0160468 -0.0231184 -0.00443797 0.0212868 -0.00449939 0.00317676 -0.00490658 0.0157403 0.0140402 0.00644869 0.00012465 -0.0204777 0.0115777 0.0238603
internal_weight=21528.8 18589.6 18427.7 16743.7 16119.6 15586.5 1055.94 14530.5 2939.2 822.236 2116.97 1274.88 1684.07 14156 374.52 145.56 13683.2 12638.4 1044.84 631.549 773.193 413.288 11623.6 1323.25 472.791 243.886 624.05 842.09 128.931 807.795 10300.3 1646.97 1167.64 163.126 66.7471 443.045 175.726 153.805 111.02 267.318 99.1901 161.812 168.128 155.609 120.119 608.375 505.878 15.6746 533.165 322.091 211.074 346.541 102.497 153.793 311.351 188.504 1129.32 429.969 319.104 76.1886 29.0879 110.865
internal_count=815056 791935 712987 611749 587444 525365 114284 411081 23121 3783 19338 9682 101238 382594 28487 2588 362470 324948 37522 25436 106029 12086 267101 50187 20124 9172 24305 9656 1714 3638 216914 87873 40269 8242 3076 18868 12029 11704 9108 6839 3249 78948 3590 9918 6749 23349 8845 956 62079 41952 20127 9010 14504 936 24557 6568 7094 3253 2640 938 227 613
cat_boundaries=0 1 2 3 4 5 6 7 8 9 10 11
cat_threshold=51712 331872 134561 184865 131466 18912 297024 1578120 13391 137414 9484
is_linear=0
shrinkage=0.05


Tree=45
num_leaves=63
num_cat=12
split_feature=2 24 17 48 13 33 25 47 23 8 19 49 45 33 43 46 1 21 45 43 31 46 37 5 17 14 16 33 45 19 29 5 46 34 45 23 36 1 25 49 31 18 2 27 14 26 46 34 20 47 30 49 49 28 11 20 34 29 8 37 5 21
split_gain=177.145 65.0218 55.7304 48.2109 43.1456 48.9601 42.9353 36.1941 27.5004 26.0502 25.9593 25.6439 23.9277 22.6875 20.8086 27.2004 22.1676 20.6829 20.1391 20.0532 19.249 19.6672 23.9995 19.0029 18.7736 18.6941 18.5121 32.2961 18.082 19.2387 18.0383 23.4302 19.9258 17.9271 27.9582 29.7529 20.2033 22.3924 19.9749 17.9199 17.7471 17.5976 17.2036 17.1977 17.1223 16.8482 16.8353 16.8113 16.7962 17.6731 16.4913 16.4521 23.6807 18.8732 22.4697 15.93 15.7405 15.1274 15.0318 17.4065 14.6912 14.63
threshold=8.5000000000000018 1.0000000180025095e-35 0.059114735573530204 0.32269708812236791 2.5000000000000004 2.5000000000000004 4.5000000000000009 0 3.5000000000000004 8.5000000000000018 31.500000000000004 5.7857141494750985 1 52.500000000000007 2 3 3.5000000000000004 0.74341648817062389 4 5 5.5000000000000009 6 52.500000000000007 0.35629345476627355 0.35805861651897436 1.0000000180025095e-35 0.21466974169015887 31.500000000000004 7 95.500000000000014 2.1380952596664433 0.13334143906831744 8 0.018915254622697834 9 20.500000000000004 3.5000000000000004 7.5000000000000009 2.5000000000000004 8.9136657714843768 8.5000000000000018 0.19900990277528766 1.5000000000000002 338.50000000000006 1.0000000180025095e-35 38.500000000000007 10 0.023869165219366554 0.025039676576852802 11 17.500000000000004 4.8257417678833017 7.0018053054809579 235.50000000000003 24.500000000000004 0.040414432063698776 0.020485778339207176 0.39867550134658819 12.500000000000002 54.500000000000007 0.19756047427654269 0.54823201894760143
decision_type=8 2 10 8 2 8 2 9 2 10 2 2 9 10 9 9 10 2 9 9 10 9 2 8 8 2 8 10 9 2 2 8 9 10 9 2 2 10 2 2 10 10 10 2 2 2 9 10 2 9 2 2 2 2 8 2 8 2 10 2 10 2
left_child=6 3 13 60 5 10 7 -1 -7 19 18 55 -13 -3 15 39 -17 47 44 56 57 22 24 -14 -22 -25 27 51 -18 40 31 58 50 -9 35 -35 37 -36 -38 -8 -30 -27 -42 48 -5 -41 -37 -11 -28 -50 -33 53 -53 54 -21 -4 -10 -16 59 -6 -2 -49
right_child=1 2 11 4 30 8 14 33 9 17 -12 12 23 -15 20 16 28 -19 -20 26 21 -23 -24 25 -26 41 43 -29 29 -31 -32 32 -34 34 36 46 38 -39 -40 45 42 -43 -44 -45 -46 -47 -48 61 49 -51 -52 52 -54 -55 -56 -57 -58 -59 -60 -61 -62 -63
leaf_value=0.023548771528072381 -0.033855167120452043 -0.035396298767122129 -0.0025913355390146777 -0.010320972420230008 -0.05643750749319431 0.030966943814403094 0.0035918386200076077 0.008825928504477382 -0.037907994753674817 0.010838493394745539 -0.01302638159422524 0.017480724704105745 -0.00086332805847967424 0.030434762052643817 -0.019832096382473016 0.018804149584495906 0.011559375174413265 -0.024889852340114094 -0.021840959739241095 -0.030123697771542488 -0.0045262437058621267 0.015022850442320004 0.029624010951853255 -0.031304288490333856 -0.0523457995442448 -0.021048076728616926 -0.0015832745226119099 0.003916504481849264 -0.003369835676166966 0.0070439032345918917 0.026762280370458986 0.016255742723070371 -0.014405985777204556 0.03544824829575019 0.020814659407296959 -0.020316348199438106 -0.017971509400179563 -0.018420838068624875 -0.059423699169381894 -0.055268999009884551 0.0095654339229371433 0.0001950024551983518 -0.055712053394717589 -0.0068144408173123798 0.031424783933443078 -0.0061422043826919633 0.0062799983167744133 -0.037345547559153605 -0.028594210777456899 0.002755279482379136 -0.012144370923697686 -0.035093385860232647 -0.010278376513857726 0.021390379607516392 0.0033545621221671333 0.0204968576876302 -0.0076141788492456453 0.025563515872980547 0.03028581323363333 0.014205881681032949 0.00028947755238410672 0.0040088041549437041
leaf_weight=127.87335048243403 140.28926813509315 258.09134560282109 303.10684062330984 31.521178153838264 27.164761684136465 63.982085868658032 79.118534178007394 201.66680730215739 51.676913140690885 109.75678129104199 1175.2036521590198 52.597021613881225 191.60978850082029 10.09686760252225 15.489206214668227 445.12031696084887 316.52409233758226 190.96549715730362 28.623351083195303 68.327349321218207 79.398784995544702 1000.7274107460398 31.660045802593231 200.65924598151469 23.219471795950085 235.47837601916399 3677.1784851691918 649.21565426961752 70.922150399303064 129.66188674699515 139.05819935747422 458.29240924795158 65.291696031577885 52.771391057176515 46.838100345805287 84.962740155402571 89.781189314788207 118.59586472332012 43.667769945692271 30.536608210299164 11.391159509075804 163.80488757835701 38.953086839988828 714.91109809256159 81.071414561592974 37.087806442752481 136.48845192114823 41.585963656834792 30.408522559679113 7176.9239458860247 53.806443954352289 109.20254872238729 671.62278613832314 71.521698080701753 155.70211602316704 93.773875327140559 192.28078694699798 545.47447413485497 5.8822581698186687 9.6075422551948559 40.117265243781731 37.911959441087674
leaf_count=1564 16123 88469 32697 3931 589 2139 644 3909 7279 8974 91195 3985 14613 2245 216 1971 2863 20823 2581 4809 837 6902 202 60420 358 15527 122858 19845 765 1341 1378 5171 1445 232 201 1882 1650 4644 807 541 90 7518 856 8257 1097 260 1975 5467 1686 142426 1162 7059 37102 1814 7979 5317 18587 2497 33 117 2204 2841
internal_value=5.45939e-05 -0.0020309 -0.0119412 -0.00110817 -0.000815767 -0.00139333 0.00991039 0.000400768 -0.000525562 -0.000681056 -0.0105937 -0.00740645 -0.0123121 -0.0324062 0.0129107 0.00747386 0.0104101 -0.0135027 0.00940435 -0.000316935 0.0164536 0.0127069 -0.00517934 -0.0144274 -0.0172757 -0.018955 -4.88326e-05 -0.00487294 0.00390073 -0.00601376 0.0107805 0.00701086 0.0097191 -0.0037995 -0.00834582 0.00334816 -0.0184563 -0.00702763 -0.0331919 -0.0118734 -0.0201778 -0.0124385 -0.0414122 0.000670576 0.0182443 -0.0306038 -0.00476717 -0.00166772 0.00116511 0.00256746 0.012933 -0.0101679 -0.0139501 -0.000109723 -0.00729079 0.00305102 -0.0140974 0.0241459 -0.0268224 -0.0384893 -0.0264593 -0.0185537
internal_weight=21536.3 17778.3 1509.22 16269.1 16088.7 15329.6 3757.93 902.646 14013.2 13949.2 1316.42 1241.03 844.149 268.188 2855.29 1159.32 1012.57 380.22 141.216 13569 1695.97 1135.01 134.278 791.552 102.618 599.943 13325 1725.59 567.452 250.928 759.103 620.045 577.391 774.772 573.106 274.223 298.883 165.434 133.449 146.743 121.266 399.283 50.3442 11599.4 112.593 67.6244 221.451 189.255 10884.5 7207.33 512.099 1076.38 780.825 295.551 224.029 396.881 243.958 560.964 42.6546 36.7723 180.407 79.4979
internal_count=814969 777762 230791 546971 528644 518749 37207 16864 419945 417806 98804 140077 102063 90714 20343 9331 7886 38105 7609 379701 11012 8299 1397 98078 1195 83465 353835 78608 5915 3052 9895 8517 7778 15300 11391 4089 7302 4845 2457 1445 1711 23045 946 275227 5028 801 3857 17282 266970 144112 6333 58763 44161 14602 12788 38014 25866 2713 739 706 18327 8308
cat_boundaries=0 1 2 3 4 5 6 7 8 9 10 11 12
cat_threshold=9878066 1074432 6273 8532 459209 34816 135297 38 217382 1020676 139683 268452352
is_linear=0
shrinkage=0.05


Tree=46
num_leaves=63
num_cat=12
split_feature=1 33 14 13 29 14 28 16 23 18 5 29 49 1 27 0 47 36 34 18 48 48 48 45 47 49 24 29 47 7 11 45 25 48 45 36 47 36 40 5 49 47 45 31 45 35 33 48 16 19 33 34 6 3 45 49 1 16 15 47 31 23
split_gain=202.18 74.0523 44.1318 42.0198 35.5006 34.8822 39.5857 26.1298 24.1361 23.8131 23.4972 25.0327 22.9415 22.0216 20.4773 19.6724 18.5461 18.19 16.3643 16.3216 15.9427 15.9243 15.8474 20.7972 20.5227 17.2601 15.7557 15.7356 17.6965 15.1832 18.0276 17.808 18.2792 17.3979 17.2046 25.5448 20.8638 15.119 14.071 21.2781 19.9657 16.0569 14.0338 14.6116 13.5568 16.0865 14.3134 13.8417 20.9479 23.7587 18.2472 13.4053 13.2254 14.1936 13.1932 13.0936 12.8589 23.9761 12.7829 12.699 15.1696 18.3245
threshold=16.500000000000004 3.5000000000000004 1.0000000180025095e-35 2.5000000000000004 0.96871945261955272 1.0000000180025095e-35 33.500000000000007 0.24357284605503085 2.5000000000000004 0.88194444775581371 0.16233500093221667 1.669154226779938 30.504505157470707 1.5000000000000002 2.5000000000000004 1.5000000000000002 0 2.5000000000000004 0.017624294385313991 0.17420484870672229 0.47526620328426367 1.2386317253112795 1.0814917087554934 1 2 3.4848060607910161 1.0000000180025095e-35 1.717357933521271 3 0.98711824417114269 5.5000000000000009 4 35.500000000000007 0.97752782702445995 5 11.500000000000002 6 1.5000000000000002 1.0000000180025095e-35 0.073220778256654753 24.524199485778812 7 8 10.500000000000002 9 0.30217391252517706 12.500000000000002 1.3004760742187502 0.33558559417724615 14.500000000000002 11.500000000000002 0.01931682508438826 6.5000000000000009 0.13869431614875796 10 6.3415660858154306 47.500000000000007 0.62583333253860485 0.091466818004846587 11 14.500000000000002 31.500000000000004
decision_type=8 8 2 2 2 2 2 8 2 10 10 2 2 10 2 2 9 2 10 10 10 10 10 9 9 2 2 2 9 8 10 9 2 10 9 2 9 2 2 8 2 9 9 8 9 10 10 10 10 2 10 10 10 8 9 2 8 10 10 9 10 2
left_child=9 2 10 4 5 6 -3 17 -9 13 11 19 29 20 -15 22 26 -6 -17 -2 -1 -21 23 25 -25 -7 -16 28 -4 31 34 -10 -33 -34 36 38 55 42 40 -40 41 -36 -8 -44 45 46 -18 50 -49 -50 -47 -12 53 -26 -29 -31 57 -41 -13 -24 61 -61
right_child=1 3 27 -5 7 15 37 8 12 -11 51 58 -14 14 16 18 44 -19 -20 21 -22 -23 59 24 52 -27 -28 54 -30 30 -32 32 33 -35 35 -37 -38 -39 39 56 -42 -43 43 -45 -46 47 -48 48 49 -51 -52 -53 -54 -55 -56 -57 -58 -59 -60 60 -62 -63
leaf_value=-0.01668908531478756 -0.038611882099439138 -0.028825217440334269 -0.00025705032391651648 0.011352320051196135 -0.0041272162472510308 0.018280226614261524 0.0007265848240572408 0.032629605816105765 -0.019431936258583433 0.028842994030640293 0.015749935380934461 -0.01733509941939208 -0.020060758081451552 -0.024460854648917705 0.025708169925027044 0.040871208196748339 -0.064006583925276792 -0.01978393783202459 0.0049629826159270389 -0.028530363630831165 0.018137945218593333 -0.0035540848127356773 0.0092553633630303618 0.0068124862545432974 0.028982895020161433 -0.0053964421343463192 0.0026091156070153321 0.023326330496966668 -0.020738522080237267 0.021263832345563026 -0.00051246782827843744 -0.0069366972116208757 -0.01962168834788202 0.037090050394847862 -0.00056254060949906899 -0.043028125634371729 -0.024083875492396902 -0.018186811899180044 -0.053988182980622947 0.015258308775620606 0.026456456438073213 -0.023003900341723019 -0.018894630486029958 -0.0024534048070691265 0.0077649498213203721 0.012267283728565444 0.017245297319154872 0.021259809800077925 0.01852854808892275 -0.056858517423909183 -0.053818192545364574 -0.0091438660518218581 0.0039894570359587161 -0.031338140358144681 -0.0025186126320921438 0.0073810599239729595 0.0078152014812172248 -0.047140116400773702 -0.0015568351108502304 0.023340280354582733 0.017406807113836083 -0.026475067370056872
leaf_weight=30.361799295293167 207.59310672513675 264.06997216249874 453.70325058582239 666.40474126045592 1357.2726775775081 97.546626682742499 539.84575384683558 53.50724724191241 184.95584594854154 187.51129551860504 64.525050331722014 418.47010803158628 129.93274245609064 43.982660290319473 251.36501708254218 42.990044283680618 14.472345354035498 210.83475118677597 98.60428839630913 170.21986896629096 901.32552670000587 102.87289604253601 354.16525688220281 70.315216269227676 6.4691664953716099 303.70076572080143 105.39152577030472 89.948325330624357 123.61223482486093 259.98189102159813 6574.2008040061919 197.51466912485193 14.684173888294024 47.304248732980341 1479.4703858449939 26.105164526961744 29.290792655199766 272.66088357236004 9.5869168641511333 27.349120443686843 60.186540347523987 69.373821973334998 271.07919759582728 268.06045810639625 1359.8733295296552 137.43765281204833 5.0428449176251879 18.46784840314649 11.675469405949114 32.592351171886548 6.3473294200375667 240.66714507614961 34.496008860412985 202.62179318477865 94.971802403219044 499.2812942925957 1320.4064506083378 25.544583238195628 185.72168332582805 18.724242120049894 38.581797129707411 91.510322391870432
leaf_count=281 43587 113139 16952 8092 55163 3156 33581 959 16166 639 3972 34872 5151 859 1188 348 348 16948 2251 31571 3556 13538 10120 3295 92 15259 851 1045 7180 4263 138769 18399 935 1201 25087 1923 2892 30960 537 317 1020 3780 27463 12119 11936 1014 34 87 63 360 157 18645 1433 10560 2335 10606 23334 566 13379 347 1472 4418
internal_value=-5.75381e-05 -0.0020531 -0.0107561 -0.000895198 -0.00142348 -0.00632993 -0.0112845 -0.000260646 0.000600441 0.0117304 -0.0160424 -0.0194783 0.00042919 0.0105835 0.00757678 -0.000422807 0.00836305 -0.00628848 0.0168874 -0.0279833 0.01692 -0.019355 -0.00249574 -0.00725767 -0.0165256 0.00050136 0.0185032 -0.001074 -0.00514342 0.000684274 0.00107334 -0.00831351 0.000542608 0.023194 0.0038092 0.00205376 0.0103166 -0.00776397 0.00252509 0.00621413 -0.000654896 -0.00179016 -0.00505837 -0.0106225 0.00587774 -0.00525269 -0.0437756 -0.000912066 -0.0196285 -0.0371129 0.00763942 -0.00371167 -0.0232668 -0.0288385 0.0114316 0.0120846 0.00682873 -0.0163452 -0.0125376 0.00427967 -0.00758634 -0.0173679
internal_weight=21476.8 18370.9 2152.31 16218.6 15552.2 2975.44 1615.72 12576.8 11008.7 3105.85 1390.07 1084.88 10955.2 2918.34 1986.65 1359.73 1942.67 1568.11 141.594 480.686 931.687 273.093 1218.13 715.15 313.902 401.247 356.757 762.236 577.315 10825.2 10380.8 444.459 259.503 61.9884 3806.58 3018.02 788.554 1351.65 2991.92 1382.89 1609.03 1548.84 1078.99 539.14 1585.91 226.036 19.5152 206.521 62.7357 44.2678 143.785 305.192 243.587 209.091 184.92 759.263 1373.3 52.8937 604.192 502.982 148.816 110.235
internal_count=814570 793197 187076 606121 598029 270013 217262 328016 255905 21373 159564 136947 254946 20734 16897 52751 16038 72111 2599 88696 3837 45109 50152 33795 15380 18415 2039 27512 24132 249795 213094 36701 20535 2136 74325 56564 17761 104123 54641 24754 29887 28867 73163 39582 13999 2063 382 1681 510 423 1171 22617 12085 10652 3380 14869 24217 883 48251 16357 6237 4765
cat_boundaries=0 1 2 3 4 5 6 7 8 9 10 11 12
cat_threshold=9585584 1359176 17465857 302465728 338306 9538 39879203 34390160 291174 66561 200 101022208
is_linear=0
shrinkage=0.05


Tree=47
num_leaves=63
num_cat=5
split_feature=1 10 33 18 23 16 26 5 10 18 21 43 35 25 47 1 43 22 17 46 30 22 48 23 33 20 26 30 11 48 21 32 20 32 23 12 18 48 1 21 18 18 28 25 22 25 30 49 36 48 19 32 34 9 7 25 3 46 18 48 17 48
split_gain=188.894 58.3369 75.5771 32.8007 36.1449 39.2823 28.2882 26.7893 24.517 19.9976 22.1873 20.3829 19.9842 19.4329 29.7294 24.5259 26.8948 24.6303 21.5207 19.3153 22.016 19.159 19.0059 18.6282 20.0735 20.3962 17.5531 22.5996 17.545 17.3486 28.1369 22.6171 18.8141 16.9302 16.925 16.7553 16.7189 16.5297 16.3482 16.0144 15.9743 15.911 18.8724 17.4021 23.1387 19.6891 15.9176 15.8087 15.6491 14.9105 14.9122 14.7041 14.6378 14.3848 14.1698 13.9879 13.759 13.6758 13.7833 13.663 13.5763 16.8581
threshold=19.500000000000004 4.5000000000000009 8.5000000000000018 0.087102424353361144 47.500000000000007 0.20106383413076404 4.5000000000000009 0.11667564883828165 5.5000000000000009 0.29459981620311743 0.49935065209865576 0 0.092121213674545302 80.500000000000014 1 27.500000000000004 2 34.062114715576179 0.024465059861540798 3 2.5000000000000004 29.867577552795414 0.77506449818611156 26.500000000000004 45.500000000000007 0.01618936657905579 141.50000000000003 17.500000000000004 29.500000000000004 1.4366661310195925 0.24847046285867694 7.5000000000000009 0.064589377492666258 2.5000000000000004 20.500000000000004 8.5000000000000018 0.68990385532379161 1.3004760742187502 54.500000000000007 0.55653467774391185 0.77097901701927196 0.86190477013587963 52.500000000000007 43.500000000000007 32.307071685791023 83.500000000000014 20.500000000000004 26.491062164306644 2.5000000000000004 1.23047411441803 372.50000000000006 3.5000000000000004 0.030493007972836498 1.5000000000000002 0.93610078096389782 13.500000000000002 0.36518038809299475 4 0.48749218881130224 1.1889796257019045 0.57518798112869274 0.53234726190567028
decision_type=8 8 8 10 2 10 2 10 10 10 2 9 10 2 9 10 9 2 10 9 2 2 10 2 10 2 2 2 10 10 2 10 2 10 2 8 10 10 8 2 10 10 2 2 2 2 2 2 2 8 2 10 10 2 8 2 10 9 10 10 10 10
left_child=29 9 3 12 5 -5 22 8 33 19 11 -11 39 14 -8 36 -17 21 47 20 55 -18 -4 56 35 -26 27 -20 -14 41 -31 -32 -33 34 -7 -25 -16 60 57 -3 -13 43 -43 -1 45 46 -45 49 -35 50 59 -50 53 -6 -38 -2 -21 58 -24 -15 -37 -62
right_child=1 2 6 4 52 7 13 -9 -10 10 -12 40 28 18 15 16 17 -19 26 23 -22 -23 38 24 25 -27 -28 -29 -30 30 31 32 -34 48 -36 37 54 -39 -40 -41 -42 42 -44 44 -46 -47 -48 -49 51 -51 -52 -53 -54 -55 -56 -57 -58 -59 -60 -61 61 -63
leaf_value=0.0057179976056265895 0.031772775197248818 0.011717570101505589 -0.037399807616165986 -0.024009698725693453 -0.011604119105305425 -0.022964883013732222 -0.022805513052024773 0.020821289746629251 0.025750330775932175 0.0096326857819307287 0.021893138233290796 -0.073087351130188646 -0.01762439839731559 -0.0001331639852250766 -0.0036018278316061986 0.019810564454069233 0.012810035731771995 0.0096560606170203803 -0.018222840831137666 0.020043982756984696 -0.029297838951631263 -0.041205042282885178 -0.043828145655326028 0.035991198124523692 0.0035017498125354627 -0.065140257695677009 0.012814231746717149 0.025485939104629984 -0.044990561583376748 -0.028447575538014049 0.020275499152587213 -0.067059236092870178 0.023692188349483525 0.015073834708405865 -0.00035738485848242006 0.00025374193980364119 -0.015828227668807142 -0.016559187599083033 -0.022569560673668013 -0.012776407511559125 0.012860856198533877 0.0335430362444104 -0.0015227983410909295 0.019024770971425194 0.024726304846456382 -0.044368272578015247 -0.028309198412263682 -0.017426775255198992 -0.020851490673578291 0.0017528739049555032 -0.017961499805550687 0.003415923121466333 -0.021785481253733103 0.0063108879797052668 0.0093074361820193931 -0.039444265412647117 -0.034160752669980733 0.017466705005810192 0.0086400857063430574 -0.031585000127485573 -0.046694477159327674 0.020678802884389301
leaf_weight=1805.945325661567 26.718233151827011 96.515080880140886 74.457652451630565 141.441591335868 685.70388272337732 156.84583127335645 161.53326822281815 181.47137547610328 78.322683384176344 59.579343678429723 352.57491425401531 14.697427916107701 827.05569247688982 615.0375933322357 5490.9302359968424 243.21027119120117 20.023732929956168 109.33897231100127 104.42990484868642 244.89337888197042 80.327099472284317 53.930278529413044 19.668677096720785 33.826387111097574 20.549356116214767 16.782853320706636 617.53704547800589 35.731947046006098 61.008887711213902 28.078897086903453 813.09268523042556 9.2603583489544672 6.1858185441233209 172.79122667299816 169.80725579886348 378.81986809405498 59.900900401320541 95.213724153931253 98.295896921947133 191.17374517198186 5.6263722353614858 124.69596528680995 53.894702160963789 67.630719516426325 281.64083250728436 17.603055992163718 18.734780119732022 118.65706271876115 83.025122286984697 4652.1362503867131 181.66592914820649 210.93834577940288 293.19336993712932 130.42725581279956 423.08011276030447 4.2652478823438278 7.8614294454455367 65.958241930929944 22.651233843993396 31.586337355198339 5.1962830421980462 160.14012769202236
leaf_count=16632 300 7820 30467 18901 71284 12590 13284 6170 1605 781 3733 559 89133 17999 226097 3367 338 2309 4937 2479 2810 1687 1502 194 352 604 12330 1201 7131 456 4134 183 46 7074 12915 8030 6436 2094 37110 15115 55 419 258 364 1336 176 180 4506 7349 67026 6145 15260 33751 4549 15400 118 155 2086 631 1052 231 2156
internal_value=0.000113357 -0.00186555 -0.00271736 -0.00926694 -0.00577815 0.000262635 -0.000987904 0.00362037 -5.87273e-05 0.00753962 0.0165582 -0.00688513 -0.01605 -0.000643297 -0.00255104 -0.00198376 0.00952875 -0.00506123 0.00132648 0.00385013 -0.0147065 -0.0266949 -0.016541 0.00614767 0.00201901 -0.0314057 0.00920586 -0.00658597 -0.0197458 0.0112524 0.0173568 0.0190705 -0.0338094 -0.00275182 -0.0113952 0.00409045 -0.00281629 0.00213654 -0.00831644 -0.00449927 -0.0368864 0.0090143 0.0232077 0.00780748 0.0173948 -0.00268874 0.00776957 0.000252937 0.0033538 0.000651258 -0.00550942 -0.00367211 -0.0122555 -0.0087201 0.00605979 0.0178503 0.0177281 0.00504776 -0.0146943 -0.00190009 0.00552881 0.0172529
internal_weight=21413.3 18186.6 16679.5 3479.72 2303.97 1194.64 13199.8 1053.2 871.73 1507.07 432.478 79.9031 1175.75 12918.7 6561.95 6400.41 426.503 183.293 6356.78 1074.59 111.311 73.954 281.032 963.283 710.529 37.3322 757.699 140.162 888.065 3226.76 856.618 828.539 15.4462 793.408 326.653 673.196 5973.91 639.37 206.574 287.689 20.3238 2370.15 178.591 2191.55 385.609 103.969 86.3655 5599.08 466.755 5480.43 828.29 293.963 1109.32 816.131 482.981 30.9835 252.755 108.278 42.3199 646.624 544.156 165.336
internal_count=815392 791208 766557 310647 191448 81864 455910 62963 56793 24651 5128 1395 119199 384114 268918 255634 7701 4334 115196 19523 3228 2025 71796 16295 13661 956 18468 6138 96264 24184 4819 4363 229 55188 25505 12705 247933 12511 41329 22935 614 19365 677 18688 2056 720 544 96728 29683 92222 25196 22609 109584 75833 21836 418 2634 4219 2133 19051 10417 2387
cat_boundaries=0 1 2 3 4 5
cat_threshold=8321 335570032 106560 8452 90274
is_linear=0
shrinkage=0.05


Tree=48
num_leaves=63
num_cat=9
split_feature=1 33 9 47 1 29 27 20 4 18 43 32 27 12 28 49 45 1 45 19 19 20 45 5 15 43 21 35 49 12 25 6 46 45 49 49 48 10 12 33 17 6 29 33 22 49 21 17 5 20 31 28 18 12 18 18 33 19 49 46 20 10
split_gain=154.415 72.8161 40.9052 36.6774 32.5986 32.9766 26.1851 25.3765 25.3215 19.7836 23.2534 22.1629 19.5064 18.6034 29.4532 23.8341 18.1325 18.1058 18.0357 17.9735 24.6903 17.9197 16.8771 17.8345 16.2062 21.1531 21.0984 45.4703 18.1313 21.9469 18.8142 17.1347 22.3588 19.1196 20.7019 18.0963 21.245 16.0195 18.0147 15.792 22.1381 15.673 16.5127 30.4288 16.1115 19.195 17.8456 16.3111 20.1927 18.7173 16.2373 15.4612 15.2829 15.2318 25.223 25.6422 23.6957 15.0467 14.973 17.5146 18.6365 15.8309
threshold=5.5000000000000009 4.5000000000000009 3.5000000000000004 0 52.500000000000007 0.96871945261955272 4.5000000000000009 0.032629089429974563 3.5000000000000004 0.51564025878906261 1 1.5000000000000002 2.5000000000000004 7.5000000000000009 162.50000000000003 26.002746582031254 2 31.500000000000004 3 49.500000000000007 21.500000000000004 0.024714442901313308 4 0.23467125743627551 0.027907580137252811 5 0.44511578977108007 0.54692083597183239 19.950555801391605 7.5000000000000009 166.00000000000003 4.5000000000000009 6 7 5.6203536987304696 3.1744575500488286 0.78820699453353893 1.5000000000000002 3.5000000000000004 19.500000000000004 0.058444023132324226 16.500000000000004 3.6113295555114751 17.500000000000004 32.076339721679695 14.01028347015381 0.7504098415374757 0.056079665198922164 0.2778663188219071 0.016592874191701416 2.5000000000000004 20.500000000000004 0.047745695337653167 1.5000000000000002 0.18230694532394412 0.16233107447624209 24.500000000000004 17.500000000000004 3.7508392333984379 8 0.024928393773734573 7.5000000000000009
decision_type=8 8 2 9 8 2 2 2 8 10 9 10 2 8 2 2 9 10 9 2 2 2 9 10 8 9 2 10 2 10 2 8 9 9 2 2 8 8 8 8 10 10 2 10 2 2 2 10 8 2 10 2 10 10 8 10 10 2 2 9 2 8
left_child=7 2 6 -3 9 12 -2 -1 -7 10 11 -5 -6 14 16 24 -10 21 -4 20 -11 51 58 37 26 -26 27 -15 41 30 -30 33 35 -27 -35 36 -33 -24 -39 40 -34 42 44 -44 50 46 -46 49 -49 -48 -28 -13 -8 54 55 56 -16 -19 -14 61 -61 -60
right_child=1 3 18 4 5 8 52 -9 13 19 -12 17 22 15 53 -17 -18 57 -20 -21 -22 -23 23 -25 25 31 28 -29 29 -31 -32 32 39 34 -36 -37 -38 38 -40 -41 -42 -43 43 -45 45 -47 47 48 -50 -51 -52 -53 -54 -55 -56 -57 -58 -59 59 60 -62 -63
leaf_value=0.007503705688574086 -0.037313808945212773 -0.016544613763083364 0.012041186294919048 0.0095891166977359159 -0.031207657380571421 0.024950688818421919 -0.018262415701102423 0.019167914416620236 -0.00032011296366065084 0.01748041132188603 0.0088654534376965827 -0.028533254741821775 0.007363196905341954 0.01995109973229816 0.018497308195765436 -0.014612444230344461 0.017143977575639985 0.015034395524216688 -0.0043134460701655256 0.021093884844826254 -0.03094010000332292 -0.02183274663125491 0.018451451048485338 0.0041000301299879884 0.018123771340717409 0.024943331787751162 0.010738711807335355 -0.01345908535003555 -0.030586209873100585 0.017061085271373736 0.0085735083793383789 -0.029869340160418714 -0.047526228764275147 -0.053481097390205456 0.0063263092988580967 0.0010502922535552094 0.013100387324023794 0.0063035118415223843 -0.023568207408842901 -0.0024114457847462267 -0.0089214595376233274 0.020429481473413769 0.019336709317632851 -0.0052332355624230588 -0.022153358666975174 -0.00046631255872974512 0.025488339162354386 0.012913370444397913 -0.031372482748452744 -0.0065469988440836971 -0.0048746269267717669 0.0097920411062492035 -0.0081416162651649845 0.0028655853003146511 -0.018389718675660496 0.056548487114469637 -0.032131217803371852 -0.047649475433952218 0.0094799772580235891 -0.020942509445441935 0.0040170812564650589 -0.004817371382897691
leaf_weight=863.73347251018276 93.991813962376909 305.19765135446505 257.38644309714437 178.7750695401337 67.927809773609624 102.45690334378742 507.36456597052165 1035.1558738142485 211.04894751589745 57.949764226097614 845.94132742355578 26.739068690920249 319.75346900409204 269.20306210161652 53.166778311715461 285.35610876325518 545.38778562634252 9.2747361384099332 429.72357459168416 352.038829367375 40.304927500663325 110.88808912783861 25.920970658073202 125.30276326119201 172.48633463971782 134.81350188725628 249.90901436167769 157.65460526605602 166.04260082065593 35.553570286836475 35.067154219024815 25.769820190849714 41.273532196646556 12.849015617743133 72.400295163504779 3158.6342537023593 524.75833282677922 56.410876328707673 360.5103650954261 1217.6760107062291 207.33032481768169 64.289655459811911 200.57422162895091 321.61463561328128 321.9143880046322 491.28977473691339 45.496967046929058 29.667138204211369 116.27549904579064 471.15076055348618 475.27408423600718 150.30377352237701 1446.5855025725323 1774.3735777476104 218.81845365627669 19.062389388680458 33.362158132717013 46.265034297946841 258.88279622059781 264.38348974275868 101.55207392619923 722.4281691929209
leaf_count=5551 32069 25081 5375 2481 51621 1565 50341 4022 3755 723 13301 1044 15870 7856 861 14284 4614 542 13838 2679 806 1897 579 10020 2790 1374 6791 9019 10364 607 952 1660 3253 359 1113 70969 8316 3277 55450 28165 10480 1546 5203 6412 14425 17036 1432 600 6931 18929 19937 2093 121439 21786 2511 96 557 2664 5314 22478 7972 50008
internal_value=0.000306805 -0.00102492 -0.0085792 0.000215324 0.00054225 -0.000246366 -0.0121138 0.0138959 0.000785349 0.00684498 0.00382446 -0.00443174 -0.00572922 0.000571559 0.00409825 -0.000512298 0.0125223 -0.0118896 0.00196727 0.0158798 -0.00291852 -0.00653749 -0.00488698 -0.012214 -5.83262e-05 0.00160985 -0.00274828 0.0075985 -0.00421887 -0.0173636 -0.0237157 0.00103016 0.000444322 0.0145378 -0.00463771 0.00250894 0.0108383 -0.0170971 -0.0194997 -0.00475394 -0.0161413 -0.00307376 -0.00366506 0.00429804 -0.00555978 -0.00855014 -0.0125614 -0.00777021 -0.0222405 -0.00350864 0.000542655 0.003379 -0.0108095 0.00103955 -0.00883993 0.0108869 -0.00171196 -0.0368046 -0.00227408 -0.00459696 -0.0136861 -0.0010064
internal_weight=21322.7 19423.8 2735.05 16688.8 16383.6 14565.1 2047.94 1898.89 12262 1818.48 1368.19 522.246 2303.07 12159.5 2855.22 9304.32 756.437 343.471 687.11 450.294 98.2547 287.931 2235.14 568.145 9018.97 5567.99 3450.98 426.858 3024.12 236.663 201.11 5395.51 5175.44 220.063 85.2493 3709.16 550.528 442.842 416.921 1466.28 248.604 2787.46 2723.17 522.189 2200.98 1475.79 984.505 662.59 145.943 516.648 725.183 177.043 1953.95 2098.78 324.41 105.591 86.5289 55.5398 1667 1347.25 365.936 981.311
internal_count=815083 805510 223062 582448 557367 529137 203849 9573 306548 28230 24022 10721 222589 304983 34180 270803 8369 8240 19213 4208 1529 5034 170968 69326 256519 128479 128040 16875 111165 11923 11316 125689 122843 2846 1472 80945 9976 59306 58727 41898 13733 99242 97696 11615 86081 59353 42317 27892 7531 20361 26728 3137 171780 25811 4025 1514 1418 3206 101642 85772 30450 55322
cat_boundaries=0 1 2 3 4 5 6 7 8 9
cat_threshold=478170218 297088 73738 135361 1527910 266241 143587 196808 7431
is_linear=0
shrinkage=0.05


Tree=49
num_leaves=63
num_cat=12
split_feature=1 33 13 14 35 15 45 36 29 14 24 5 45 47 37 33 27 4 1 46 49 40 49 17 7 31 46 45 29 46 35 48 21 47 5 29 48 34 46 26 6 21 45 45 45 48 19 1 34 6 19 20 37 18 3 5 49 16 29 37 29 32
split_gain=162.384 58.448 46.0559 31.2783 25.0556 22.778 22.5577 22.4696 22.0554 21.771 33.6163 25.0646 21.6624 20.9644 18.4122 18.0634 20.9356 16.5197 16.4426 15.7894 15.7275 15.438 15.2552 20.9983 15.1365 14.9963 15.3938 14.9564 23.5101 20.0127 16.8844 15.3834 20.3928 14.8037 14.7696 14.7605 18.3732 25.6325 17.5633 17.5594 16.9269 14.7085 16.0531 14.8324 14.6482 17.8233 17.7278 17.4779 26.443 23.6865 15.1801 15.01 17.3716 15.4142 14.53 14.3048 16.216 13.9284 16.4679 13.8933 19.1935 14.6333
threshold=8.5000000000000018 6.5000000000000009 1.5000000000000002 2.5000000000000004 0.45643940567970281 1.0000000180025095e-35 0 5.5000000000000009 1.7853302359580996 1.0000000180025095e-35 1.0000000180025095e-35 0.46814665198326116 1 2 25.500000000000004 25.500000000000004 156.50000000000003 19.500000000000004 18.500000000000004 3 9.5133352279663104 1.0000000180025095e-35 27.324561119079593 0.59729731082916271 0.91473403573036205 6.5000000000000009 4 5 1.944699287414551 6 0.49193547666072851 0.76059174537658703 0.43256238102912908 7 0.19445348531007769 1.643346428871155 1.2234279513359072 0.017921375110745433 8 12.500000000000002 1.5000000000000002 0.6743740737438203 9 10 11 0.75054106116294872 252.50000000000003 32.500000000000007 0.026090302504599098 5.5000000000000009 17.500000000000004 0.039209155365824706 42.500000000000007 0.18537609279155734 0.53454682230949413 0.18871581554412845 7.3311548233032235 0.39791667461395269 1.7853302359580996 29.500000000000004 0.2440886273980141 3.5000000000000004
decision_type=8 8 2 2 10 10 9 2 2 2 2 8 9 9 2 10 2 8 8 9 2 2 2 10 8 10 9 9 2 9 10 10 2 9 8 2 10 10 9 2 10 2 9 9 9 10 2 10 10 8 2 2 2 10 10 10 2 10 2 2 2 10
left_child=7 2 5 6 -4 12 14 41 13 10 22 -12 -2 -7 18 33 44 -14 -3 20 21 -16 24 -24 25 26 -8 28 29 30 -9 -29 -33 -11 -28 36 37 40 39 -39 -35 42 -1 -43 45 -17 51 48 49 -47 -51 53 -53 -46 59 -21 -57 -32 -59 61 -61 -5
right_child=1 3 4 54 -6 8 9 27 -10 15 11 -13 17 -15 19 16 -18 -19 -20 55 -22 -23 23 -25 -26 -27 34 31 -30 -31 57 32 -34 35 -36 -37 -38 38 -40 -41 -42 43 -44 -45 46 47 -48 -49 -50 50 -52 52 -54 -55 -56 56 -58 58 -60 60 -62 -63
leaf_value=-0.00769673117486404 -0.032992888345114713 0.011428042339727475 0.011154039881055662 0.0079889500415632805 -0.0045531978816528264 0.015216284575389495 0.01182325902470345 -0.038086902250209519 0.0021424875589104268 -0.019091520240733226 -0.0010341644884409166 -0.03085118273502864 -0.041797803606958381 -0.012784446224809579 -0.00087180380886397882 -0.025752504775826326 0.016722498341657753 -0.010849466820081458 -0.02328003928153255 -0.012546485482913783 -0.012816077772130766 0.026231986656515591 -0.018829492507289117 0.024235749866440351 9.3380705485650507e-05 0.0022228668199327506 0.014458319346532109 -0.001549866684965913 0.014863669227103322 -0.019806745734623717 -0.026494856544805618 -0.026282292912158951 0.017590623826814453 0.023794734877232646 -0.031500411585053206 0.018172647289151633 0.014307751503535452 -0.00078947580076345672 0.00083420244451150663 -0.038098965477577205 -0.014432956602606399 0.010628830636646391 0.015895484545455928 0.027040676060448184 -0.017137090872319245 0.018663530578553102 -0.056422011793936667 0.02395761277579056 0.016947707343292852 0.007205085776406793 -0.056125218889863229 -0.056322881446970612 0.00071014084544410996 0.0059595075916860701 -0.02970071785820156 -0.015616396413314602 0.028129124363573801 0.017219946066450578 -0.035186011952746628 -0.034858205534082962 0.028891012502176822 -0.054917050381009774
leaf_weight=100.57552398135886 179.98307485615078 36.542627868708223 392.19416753714904 77.832306923461147 698.89809770893771 60.677843924611807 28.881457589683123 16.865683653391898 422.49132759205531 37.981687050079927 125.73139759991318 156.43697468454775 42.209512873218046 1075.4606507181597 101.67247371339181 40.573413007659838 120.51752976281568 642.44891393411672 240.54361925984267 429.15350587863941 76.965452443648246 103.02967184837325 201.42599941906519 28.413788184523582 10798.501516554621 128.91225236817263 16.907268276670948 157.93986950058024 203.84233106602915 140.38828364422079 20.886431951774284 23.362244076561183 619.70430070150178 157.15027437824756 142.51188104611356 301.14504371932708 413.04166704625823 58.618665155721828 481.06757185852621 63.807451221393421 31.720918812090531 272.73496412322856 197.88758615124971 461.74630830076057 129.26078089640941 19.266966694034636 16.831698819762096 98.411590250441805 74.880449189338833 10.859062584117053 37.016697300015949 28.102595976553857 22.170441381633282 152.35322997160256 12.305169105529783 32.107274107984267 45.796772528090514 165.93592857010663 11.785230620764194 8.4538007103838009 188.51021024514921 5.407798239728435
leaf_count=713 37279 450 9756 1496 28155 3861 1969 304 23881 1289 11857 68440 19700 102932 7033 1713 828 58262 34012 43085 9139 5259 9255 1029 241519 12316 434 1644 1081 1429 245 366 3133 2742 14335 2631 6552 2229 11401 2194 878 1215 996 1506 5262 173 372 1354 1028 283 1374 920 368 3329 360 2779 2761 947 88 476 2143 315
internal_value=-3.78515e-05 -0.00160095 -0.00741013 -0.000262933 0.00111791 -0.0112443 -0.000581397 0.0122135 -0.00759355 -4.07681e-05 -0.000919597 -0.0178144 -0.0177438 -0.0112076 -0.00753958 0.00440443 -0.00195224 -0.0128602 -0.0185812 -0.00366292 0.00569782 0.0130701 -0.000491756 -0.0131029 -0.000225221 -0.0109041 -0.019716 0.0079458 0.0014976 -0.00621703 0.00361972 0.0122437 0.0158063 0.00748847 -0.0248249 0.00829097 0.00582587 0.00134246 -0.00371063 -0.0194411 0.0171677 0.01777 0.00821977 0.0215689 -0.0056298 0.00292773 -0.0122073 0.00831285 -0.0029739 -0.0248261 -0.0424378 -0.00952316 -0.0333823 -0.00475584 0.0157909 -0.00880691 0.0102454 0.00818754 0.012877 0.0182743 0.0253596 0.00102196
internal_weight=21188.8 18795.2 3514.36 15280.8 1091.09 2423.27 14988.3 2393.65 1558.63 13922.5 11627.7 282.168 864.642 1136.14 1065.81 2294.78 750.244 684.658 277.086 788.725 281.668 204.702 11345.6 229.84 11115.7 317.213 188.301 1360.71 559.704 355.862 215.473 801.006 643.067 1544.53 159.419 1506.55 1205.41 792.365 603.494 122.426 188.871 1032.94 298.463 734.481 629.727 281.008 348.719 240.435 142.023 67.1427 47.8758 331.887 50.273 281.614 292.509 507.058 77.904 198.608 177.721 280.204 196.964 83.2401
internal_count=814875 801208 283826 517382 37911 245915 512592 13667 130674 408074 361154 80297 115241 106793 104518 46920 17004 77962 34462 70056 21431 12292 280857 10284 270573 29054 16738 9237 4094 3013 1584 5143 3499 29916 14769 28627 25996 19444 15824 4423 3620 4430 1709 2721 16176 5925 10251 4212 2858 1830 1657 9879 1288 8591 4790 48625 5540 1280 1035 4430 2619 1811
cat_boundaries=0 1 2 3 4 5 6 7 8 9 10 11 12
cat_threshold=38921 38957 269369920 238640 528464 336519 169650 4259888 33349 299149 141411 927106
is_linear=0
shrinkage=0.05


Tree=50
num_leaves=63
num_cat=3
split_feature=1 14 25 36 11 48 18 6 25 19 16 45 23 36 37 5 17 17 17 21 23 6 4 48 48 45 21 49 35 21 28 18 45 19 49 6 12 19 49 19 48 37 49 31 20 48 16 34 19 29 1 29 6 48 32 21 48 21 21 5 29 34
split_gain=155.162 47.1534 78.5582 54.2942 31.3465 30.1878 28.6115 36.7194 27.7433 34.1727 29.1925 25.5093 25.4691 24.5237 24.3153 19.7684 19.5921 24.7441 22.6001 19.3035 20.6596 18.5005 17.9042 17.3651 17.0158 22.3155 31.7786 17.5827 16.0249 19.3525 15.4888 15.311 18.559 15.149 15.7119 14.9537 14.9005 14.788 14.1747 14.3061 14.2522 13.7181 17.9449 14.4622 21.7843 15.5529 19.17 14.0917 13.6897 16.8892 14.2687 18.8945 13.6058 13.5097 13.5034 18.5721 13.2122 21.0289 16.5673 18.5875 23.7506 16.028
threshold=6.5000000000000009 1.0000000180025095e-35 4.5000000000000009 1.0000000180025095e-35 4.5000000000000009 0.3608513623476029 0.055946791544556625 6.5000000000000009 18.500000000000004 114.50000000000001 0.14174107462167743 0 47.500000000000007 3.5000000000000004 26.500000000000004 0.25389647483825689 0.64400920271873485 0.36939570307731634 0.230463981628418 0.94130894541740429 2.5000000000000004 18.500000000000004 2.5000000000000004 0.25128565728664404 0.71492642164230358 1 0.3340220451354981 17.280166625976566 0.25403225421905523 0.71948072314262401 230.00000000000003 0.42558647692203527 2 13.500000000000002 5.6923074722290048 6.5000000000000009 4.5000000000000009 223.50000000000003 6.3415660858154306 146.50000000000003 1.7148972153663637 54.500000000000007 14.947597503662111 9.5000000000000018 0.025001849047839645 0.4817329347133637 0.45080643892288214 0.034134836867451675 135.50000000000003 2.6963362693786626 27.500000000000004 1.1455026865005495 6.5000000000000009 1.9440354704856875 2.5000000000000004 0.80042374134063732 0.8032519817352296 0.99406525492668163 0.64700767397880565 0.26933594048023229 1.0291372537612917 0.025242584757506851
decision_type=8 2 2 2 8 10 10 8 2 2 10 9 2 2 2 10 10 10 8 2 2 8 10 8 10 9 2 2 10 2 2 10 9 2 2 10 10 2 2 2 10 2 2 10 2 10 10 10 2 2 8 2 10 10 10 2 8 2 2 8 2 10
left_child=5 2 33 23 14 -1 7 -6 9 24 -10 -12 19 -7 -5 36 17 18 22 37 -21 -22 -11 -4 -3 26 -26 -28 53 -30 56 32 35 -2 -35 -13 -14 54 39 -19 -41 42 43 47 45 -45 -47 -34 49 50 -33 -52 -40 -9 55 -8 57 58 61 60 -60 -25
right_child=1 8 3 4 6 13 12 28 10 16 11 31 15 -15 -16 -17 -18 38 -20 20 21 -23 -24 30 25 -27 27 -29 29 -31 -32 48 41 34 -36 -37 -38 -39 52 40 -42 -43 -44 44 -46 46 -48 -49 -50 -51 51 -53 -54 -55 -56 -57 -58 -59 59 -61 -62 -63
leaf_value=-0.041811338214672124 -0.039682056337728575 -0.0062493757184228192 -0.034094731955502486 0.017952937420462983 0.011306823675507905 0.023063370906733858 0.0066897225349103542 -0.0035816525328712526 -0.037566073745497391 -0.026792577058166702 -0.022334652472521602 0.016762278021161727 -0.020202465000422373 0.01039089761643717 -0.006073535762676753 -0.00051488301783863437 0.0058886592965502237 0.01389382860726348 0.0051422481205485177 0.040093429612499759 0.008032991016619721 -0.019054123854116478 0.021489551661869097 -0.0017966132613415624 -0.039566852735659505 0.0076082731278950006 0.0048674096534287101 -0.030402797689389183 -0.040726377648254077 -0.019096950573547267 0.0035586340739326029 0.0069435080938180273 0.012706981736022919 0.0039004370883499377 -0.026485010540144623 -0.010491265933675623 -0.0013277292238923306 -0.0082839674471288371 -0.059071742215353357 -0.051881693485691605 0.026687469458398307 0.019471155338547395 -0.02617086933300147 0.0018559328935157686 0.0088915169865606668 -0.0019847721683158089 -0.054840786631376051 -0.028709342274316926 0.02348034406767939 0.034564654122539749 0.018225523938428342 -0.062364423039112896 -0.0042072428692073536 -0.031563230419662185 0.012757515682082049 -0.021044834071928201 -0.00056876462634108645 -0.028137579338373905 -0.0084937960867265804 -0.0044469877390773821 0.032582679578707772 -0.025379805239250132
leaf_weight=20.212495024316013 133.92427995604521 413.64237919508014 33.199720240605529 193.98121231229743 100.14112116454635 508.36989083082881 191.53511051135138 202.67285313108005 29.299576411023736 146.99641746177804 49.393800473422743 504.19267274765298 564.1312005626387 1574.7675049519166 219.74868200812489 257.90214796818327 133.12850713171065 24.107807047432289 157.66582507651765 14.268890596460549 77.220773048698902 288.48549889400601 18.189508292358369 141.77742050297093 54.987487875972874 1475.2633481586818 266.09391152171884 35.631692426628433 145.35782665834995 406.15034000796732 2067.0585699488875 39.764792655128986 244.47274576290511 60.00469671562314 132.07909726243815 52.496034367708489 128.99736659490736 223.86133069975767 55.607420706190169 19.946162827778611 4.1149198031052938 83.972304321127012 60.902328472351655 41.23808775015641 99.143009286373854 27.079026964958757 43.704907580977306 17.683058992261067 316.32253957819194 22.059168292209506 8.0538528161123413 17.21826548082754 14.880351501516996 50.378735742182471 364.59507017873693 82.163419293414336 7664.9914623665973 98.368970562762115 55.753721079730894 416.70597308140714 83.102423221804202 143.22822365240427
leaf_count=372 98826 21629 3374 4927 3952 1918 9367 14773 1067 7223 1894 6056 66574 8956 9923 17545 2759 496 4344 321 3710 30976 330 9160 3039 37689 6893 1485 17669 37404 30091 333 2970 13113 39597 1098 9951 10048 2476 837 23 991 1339 1160 1447 699 1419 369 2344 110 77 504 617 3673 14671 4108 189844 8511 3990 20277 1355 11947
internal_value=3.19009e-05 -0.0013944 -0.00277569 -0.00221419 -0.00760436 0.0129016 -0.00932968 -0.0167947 0.00309003 7.01464e-05 0.00821428 0.00915087 -0.00621908 0.0135313 0.00527136 -0.0123543 -0.010756 -0.0157847 -0.00835004 -0.00149095 -0.0108035 -0.0133033 -0.0210008 -0.000443183 0.00285822 0.00492604 -0.0061588 0.000274539 -0.0203407 -0.0251124 -0.000322567 0.0102798 0.00740382 -0.0268567 -0.0171348 0.0138747 -0.0167244 0.00265196 -0.0348578 -0.0121608 -0.036165 0.00126915 -0.00172243 0.00166405 -0.00797021 -0.0226357 -0.0360853 0.00942832 0.018714 0.00106844 -0.0119493 -0.0379133 -0.0485354 -0.00965599 0.00652197 -0.00186429 -0.00125653 -0.00683838 -0.00419416 0.000854967 0.0163676 -0.0138815
internal_weight=21122.4 19019 14541.8 14215.8 3511.59 2103.35 3097.86 904.701 4477.25 2820.26 1657 1627.7 2193.16 2083.14 413.73 951.031 574.637 441.508 322.852 1242.13 379.975 365.706 165.186 10704.2 2245.62 1831.98 356.713 301.726 804.56 551.508 10671 1578.3 1174.88 326.008 192.084 556.689 693.129 862.155 118.657 48.1689 24.0611 618.195 534.223 473.321 211.165 112.022 70.7839 262.156 403.419 87.0961 65.0369 25.2721 70.4878 253.052 638.294 273.699 8603.93 938.937 840.568 555.562 138.856 285.006
internal_count=814640 803394 689677 538141 259592 11246 244742 77471 113717 89840 23877 22810 167271 10874 14850 94070 19105 16346 11897 73201 35007 34686 7553 278549 70735 49106 11417 8378 73519 55073 275175 20916 17548 151536 52710 7154 76525 38194 4449 1356 860 10394 9403 8064 4725 3278 2118 3339 3368 1024 914 581 3093 18446 28146 13475 245084 55240 46729 25622 5345 21107
cat_boundaries=0 1 2 3
cat_threshold=561408 72197 73798
is_linear=0
shrinkage=0.05


Tree=51
num_leaves=63
num_cat=12
split_feature=1 13 33 9 24 45 1 3 29 21 15 4 23 17 26 27 45 37 16 11 18 33 46 33 30 46 7 33 46 33 34 36 34 19 32 16 5 16 27 28 22 37 18 23 21 34 21 45 43 18 46 47 40 46 18 29 37 46 1 32 45 26
split_gain=159.228 53.971 71.2232 36.2499 34.396 33.6858 30.4405 28.5968 28.7481 25.5107 24.4166 20.1595 19.746 19.2495 23.1275 25.6986 21.0805 22.9683 21.7298 31.66 20.7815 20.0685 19.1107 18.928 21.3971 18.8538 17.3889 16.7006 16.8545 16.5611 16.4715 16.3639 16.1332 16.0106 15.5582 24.0898 15.5048 17.8652 15.4157 15.4096 15.0818 17.5474 14.3057 18.976 14.1344 13.8776 24.5779 18.1606 17.6999 13.8138 15.9409 13.776 25.6931 16.6679 16.2536 15.6467 18.8998 19.5115 15.3869 15.4917 24.4504 25.1379
threshold=32.500000000000007 1.5000000000000002 9.5000000000000018 1.5000000000000002 1.0000000180025095e-35 0 2.5000000000000004 0.36518038809299475 2.6890897750854497 0.94130894541740429 0.56904762983322155 2.5000000000000004 16.500000000000004 0.028778468258678917 176.50000000000003 214.50000000000003 1 29.500000000000004 0.57002803683280956 14.500000000000002 0.6238207519054414 16.500000000000004 2 2.5000000000000004 35.500000000000007 3 0.8689684569835664 43.500000000000007 4 28.500000000000004 0.030493007972836498 3.5000000000000004 0.044127888977527625 81.500000000000014 1.5000000000000002 0.29520697891712194 0.04956424608826638 0.66969698667526256 73.500000000000014 132.50000000000003 33.910429000854499 21.500000000000004 0.79285714030265819 52.500000000000007 0.025386597961187366 0.02744703367352486 0.47322890162467962 5 6 0.06274606287479402 7 8 1.0000000180025095e-35 9 0.062223451212048538 0.51880124211311351 34.500000000000007 10 52.500000000000007 1.5000000000000002 11 112.50000000000001
decision_type=8 2 8 2 2 9 10 8 2 2 10 8 2 8 2 2 9 2 10 10 10 8 9 10 2 9 10 10 9 10 10 2 10 2 10 10 10 10 2 2 2 2 10 2 2 10 2 9 9 10 9 9 2 9 10 2 2 9 10 10 9 2
left_child=6 2 3 4 22 38 31 -3 9 11 23 -9 -5 16 15 51 17 40 19 42 25 -16 -2 24 32 36 -13 28 -11 -30 -27 -1 -8 -12 -24 -36 37 -18 -4 -28 -7 -42 43 -19 -25 48 -47 -48 -14 50 -33 52 54 -54 -15 56 -53 -58 59 -57 -61 -62
right_child=1 7 5 12 -6 13 10 8 -10 27 33 26 45 14 21 -17 20 18 -20 -21 -22 -23 34 44 -26 30 39 -29 29 -31 -32 49 -34 -35 35 -37 -38 -39 -40 -41 41 -43 -44 -45 -46 46 47 -49 -50 -51 -52 55 53 -55 -56 58 57 -59 -60 60 61 -63
leaf_value=0.026309080523788893 -0.018531345339048426 0.012648547006013998 -0.034255310772791453 0.017700150312411664 -0.028440393348917105 0.011780544944202725 -0.027693249573073626 0.025900535390179072 0.012373647938863155 0.0090786814515477262 0.0066894765234281886 -5.9900860463566649e-05 0.0064152016466559689 -0.013147776349517094 0.027808424823924038 0.0076863104844387123 0.0036439839044831467 -0.070412202438218136 -0.00073461718765535698 -0.0066230708462176784 0.0060848678650507818 -0.012369871471335893 -0.016823207276647125 -0.013444801367296297 0.0099062490184525873 -0.013713201365990619 0.0017244955166949927 -0.046122463355904246 -0.017517619271044404 0.010385432034836091 -0.033964860183728247 0.012946774678653085 0.01933832481392327 0.027436410863474533 -0.020190281866882216 -0.00020430342864841429 0.019072412004814902 -0.022814755793370584 -0.0096313483858737961 0.037386638826268977 -0.024685716795726939 0.0028618692119498795 0.0090492360976813964 -0.013472903433637573 0.0067983121428691756 -0.050201815195388244 0.012824520286869737 -0.022391501226651539 -0.032610539688492597 0.014056351449870519 -0.033605360653400342 -0.02773030270093424 -0.017490155189672583 0.021256076593992174 0.0119148590583621 -0.0024828566272745347 0.026251103705562669 -0.012755839796817832 -0.040123802418354948 0.01960881797869099 0.0030417726350677257 -0.032391883420357238
leaf_weight=290.68068344367202 580.83958024991443 571.16587617131881 100.84540454801754 124.71413105085958 335.00829963073193 399.40871839883039 121.67521186312661 74.739386290078983 488.89300298527814 102.24480426870286 178.36021899571642 3955.0341336660786 249.96100932080299 168.85544345882954 28.579575048061088 1233.1790674699005 142.41569267187151 43.500465648394311 446.63810163247399 172.88943813694641 167.01271469416679 473.05621491442434 322.58135258959373 86.291147580370307 85.157651009969413 494.06098746185307 62.985091951675713 26.529168526642025 331.72523162676953 59.711068987497129 126.95768695586594 27.702267276355997 17.660986014059745 199.36273651919328 182.83408422628418 764.66738215551595 61.443917335825972 108.89154604147188 174.04460186290089 54.278886170126498 65.028369436768116 327.07680637105659 9.4965821109944937 24.991745110426564 1694.6407314593671 35.055686449515633 63.011001116014086 55.277918600477278 17.734448534669355 908.03458103444427 21.165346912341192 116.48149807368463 22.329739045613678 244.77586311551568 98.322220230271341 2599.4739273102314 33.675466279542889 78.963088489355869 19.598458242136985 203.72841672674986 755.30657328778761 48.583589030429721
leaf_count=953 60162 8938 24352 2156 92891 12566 3766 848 5937 2936 1764 72736 8493 6523 653 19784 12080 5179 12984 7405 8004 8526 30131 2204 1945 31508 2072 1095 11828 1427 11057 179 223 1146 21426 60806 2820 8490 20875 696 3558 9834 434 2023 19500 2495 1684 3235 1674 4155 243 21963 2931 8744 6728 73935 3216 10958 597 8689 35842 3008
internal_value=8.96388e-05 -0.00189329 -0.00383658 -0.0108994 -0.0137715 -0.00168554 0.00960871 0.00208365 0.000902218 -0.000311367 0.00627438 0.00100229 0.000624974 -0.00112381 0.000403673 0.00132442 -0.00473445 -0.000805873 -0.00739894 -0.0190172 -0.00992394 -0.00982895 -0.011047 0.00405417 -0.00948478 -0.0129101 0.000514132 -0.0106935 -0.0083463 -0.0128595 -0.0178071 0.0159275 -0.0212686 0.0178551 -0.00736189 -0.00414663 -0.00242251 -0.00804202 -0.018456 0.0190856 0.00500407 -0.00196004 -0.0444387 -0.0519661 0.00578258 -0.00458115 -0.0163191 -0.00464903 0.00231867 0.0126535 -0.0122985 -0.000469353 0.0069439 0.0178935 -0.0038752 -0.00151829 -0.0140505 0.000673305 -0.00071248 -0.000443101 0.00480538 0.00070462
internal_weight=21079.3 17448.6 11721.3 2731.68 2185.93 8989.61 3630.73 5727.31 5156.14 4667.25 2383.15 4147.04 545.754 8714.72 6124.91 5623.27 2589.81 1489.03 697.516 250.878 1100.78 501.636 1850.92 2005.43 224.494 933.77 4072.3 520.21 493.681 391.436 621.019 1247.58 139.336 377.723 1270.08 947.501 312.751 251.307 274.89 117.264 791.514 392.105 77.9888 68.4922 1780.93 421.04 153.345 118.289 267.695 956.902 48.8676 4390.09 534.283 267.106 267.178 3855.81 229.12 112.639 3626.69 3607.09 1007.62 803.89
internal_count=815010 778932 670419 285153 265416 385266 36078 108513 99575 93638 30548 76352 19737 340039 212097 202918 127942 53983 28025 15041 73959 9179 172525 27638 5934 65955 75504 17286 16191 13255 42565 5530 3989 2910 112363 82232 23390 20570 45227 2768 25958 13392 7636 7202 21704 17581 7414 4919 10167 4577 422 183134 24926 11675 13251 158208 36137 14174 122071 121474 47539 38850
cat_boundaries=0 1 2 3 4 5 6 7 8 9 10 11 12
cat_threshold=55552 1180356 246868 213953 98337 141253 65761 238625 20214129 206896 154928 533133
is_linear=0
shrinkage=0.05


Tree=52
num_leaves=63
num_cat=13
split_feature=1 33 45 49 37 14 22 5 36 47 14 46 45 21 35 23 45 34 21 49 7 48 20 2 46 20 46 6 22 48 22 22 49 45 18 45 37 25 23 5 45 49 35 28 48 21 35 34 45 22 49 46 17 20 11 36 31 5 2 5 43 22
split_gain=142.364 49.1586 38.0231 31.0859 36.3866 24.9256 23.1342 20.8531 20.772 19.6158 19.0767 23.4978 23.2163 23.1659 38.1917 29.3689 32.9493 27.9395 32.896 21.4169 20.2193 19.6766 18.7125 18.6068 18.1936 17.9813 20.244 17.243 18.308 17.1961 17.1661 17.6525 25.7841 21.4149 17.1655 16.8884 16.7168 22.6205 18.291 16.6666 16.6626 18.5545 16.5581 16.5332 23.8006 22.4189 56.9232 27.177 25.8461 25.2993 23.7954 21.286 25.8294 18.6124 18.1519 18.0148 16.8451 17.6846 16.5408 16.2932 16.2243 16.0956
threshold=6.5000000000000009 3.5000000000000004 0 18.824045181274418 49.500000000000007 1.0000000180025095e-35 35.349924087524421 0.11841176077723505 6.5000000000000009 1 1.5000000000000002 2 3 0.67826974391937267 0.43303571641445165 52.500000000000007 4 0.02540772128850222 0.32863827049732214 14.411239624023439 0.94231677055358898 2.2350438833236699 0.035533562302589423 2.5000000000000004 5 0.033088864758610732 6 3.5000000000000004 32.486833572387702 1.032311022281647 41.050861358642585 37.644344329833991 6.5954370498657235 7 0.059114735573530204 8 27.500000000000004 9.5000000000000018 32.500000000000007 0.21410506218671801 9 31.264814376831058 0.82404541969299328 169.50000000000003 0.50844356417655956 0.96015870571136486 0.47913043200969702 0.02343767695128918 10 30.010115623474125 10.486559867858888 11 0.11647287011146547 0.048975488170981414 24.500000000000004 8.5000000000000018 25.500000000000004 0.10388087853789331 5.5000000000000009 0.13480823487043384 12 34.377330780029304
decision_type=8 8 9 2 2 2 2 10 2 9 2 9 9 2 8 2 9 10 2 2 8 10 2 8 9 2 9 8 2 8 2 2 2 9 10 9 2 2 2 10 9 2 8 2 8 2 8 10 9 2 2 9 10 2 10 2 10 8 8 8 9 2
left_child=8 2 -2 10 23 7 29 34 -1 24 13 -12 -13 14 15 39 19 36 -19 -17 21 25 -20 -5 -10 26 -15 28 -18 -6 31 33 -33 -11 -4 -27 37 -16 -38 -3 41 42 -31 45 -45 49 47 54 50 -22 -48 52 -50 -53 58 -46 57 -51 -47 -59 -35 -54
right_child=1 3 5 4 6 -7 -8 -9 9 30 11 12 -14 20 17 16 27 18 22 -21 43 -23 -24 -25 -26 35 -28 -29 -30 40 -32 32 -34 60 -36 -37 38 -39 -40 -41 -42 -43 -44 44 55 46 48 -49 51 56 -52 53 61 -55 -56 -57 -58 59 -60 -61 -62 -63
leaf_value=0.016490598974241009 -0.032505332062773382 0.013822470930673361 -0.025421225568788754 0.025618580326133268 -0.017615862169240458 -0.00022292088384547431 0.0038688126401191488 -0.00032303310609493359 0.028775821293068427 0.010988919795129207 0.010602578520030242 0.0046422585067536978 -0.028142870436902417 0.013371919441336783 -0.031082900466035707 0.006500036406837684 0.034667583127304509 -0.041772300009944432 -0.017332901185877297 -0.021596545890011191 -0.022872346128576127 -0.047889564038023025 0.011791314604554544 -0.024467972029719495 -0.0009348200251141852 0.024308505216421094 -0.024555049971533696 -0.025129297651863503 -0.026376586796165211 -0.011011394753511868 0.021089776816830143 0.012130685932550272 -0.040436367894749574 0.0025900940309931718 -0.010636042041787716 -0.0075593262410954161 -0.025745410611807296 0.0029162122142680096 -0.0062658472548055124 -0.036201032044936632 -0.0078287460691064733 -0.036235933567917086 0.026898053864767613 -0.029167733540576016 -0.00081276528507794878 0.028985781007397689 0.00023747456128216552 -0.0436238482400709 0.0025717779642027219 0.024760990154414825 -0.018394014897304699 -0.020421024493592274 0.0082680306930861674 0.0093543502283738467 0.0099968409849485323 -0.030297773162174819 0.024483744888799078 -0.034486959207490758 -0.027658287228087969 0.0043042894696010475 -0.021774430789162923 0.030817659754171608
leaf_weight=1074.9600494651822 148.19191962710465 437.95202479165164 287.27664583305886 15.706190071301535 336.42526105968864 787.18290737213101 603.84859696155763 309.19019473297521 149.60859818919562 332.1947494999622 736.53568562376313 134.21198427921627 73.315994261531159 37.424059478740674 48.353662763853208 514.00308870969457 23.985594393569045 122.35603808425367 275.05311469282606 73.088667867588811 77.181049138860544 28.43759685580153 64.911030197079526 323.03570784226758 82.773384900996462 53.713654826395214 151.79790542330011 203.87922863302811 16.646286466973834 36.427009019011166 102.79532617458608 35.124676058301702 54.979718821006827 159.99844001769088 645.20369476125052 94.466582789435051 160.01376756091486 584.03543137991801 466.1433201135369 12.610898071900008 562.73833871528041 13.932365103770278 100.55805450415937 72.378871088498272 4162.0116569144884 10.394182466203345 649.03113172046142 94.953606887429487 385.90717037227296 101.0094211929827 227.79332665950642 111.12564709899016 140.42109901315416 91.684534741783864 64.826282313209958 47.464855584665202 105.14614728273591 22.328239970549475 112.28357074336964 3607.4448884621379 103.77548720501363 191.84751510570641
leaf_count=4561 23766 20327 41676 113 26208 26047 17868 21875 685 1902 12686 2718 3362 4011 8187 23281 324 15110 20213 4946 5853 4770 2593 28330 622 2508 22930 15066 644 2479 589 222 507 1190 76839 8809 5616 16538 21503 476 24315 1107 3012 5174 76628 99 31416 10700 22017 3281 15341 8976 4824 2904 3035 3699 3364 1382 13559 75982 1060 5270
internal_value=-0.000695778 -0.00207777 -0.00913286 -0.00114897 -0.00699852 -0.00715497 -0.00390905 -0.0115886 0.0116464 0.00649198 -0.000347821 0.00650687 -0.00805645 -0.000824321 -0.00469864 0.00183129 -0.00373892 -0.00955511 -0.0200071 0.00280205 0.000270751 -0.0111994 -0.0116818 -0.0218068 0.018778 -0.0074529 -0.0174786 -0.0185544 0.00950882 -0.00837885 0.00250917 -0.00037092 -0.0203841 0.0027993 -0.0153023 0.00550223 -0.00565163 9.31389e-05 -0.0114083 0.0120404 -0.00393215 0.0102286 0.0167844 0.000684384 -0.00168733 0.0023788 -0.00181252 -0.0224728 0.00148678 0.00460644 -0.00462724 0.00727262 0.0112852 -0.00673515 -0.0109068 -0.00118078 0.00518839 0.00461254 -0.0219118 0.00401856 -0.00765138 0.0215517
internal_weight=20854.1 18757.9 2177.05 16580.8 1992.67 2028.85 1653.93 1241.67 2096.21 1021.25 14588.2 944.064 207.528 13644.1 3003.03 1282.17 831.603 1720.87 462.32 587.092 10641.1 365.84 339.964 338.742 232.382 337.402 189.222 244.511 40.6319 1050.08 788.868 686.073 90.1044 595.969 932.48 148.18 1258.55 632.389 626.157 450.563 713.656 150.917 136.985 10275.2 4281.86 5993.38 2080.27 282.458 1797.81 3913.11 876.824 920.986 718.176 202.81 187.504 4209.48 3835.93 3730.78 122.678 3629.77 263.774 332.269
internal_count=815095 803757 190203 613554 103432 166437 74989 140390 11338 6777 510122 18766 6080 491356 154824 65064 44261 89760 37916 28227 336532 43028 22806 28443 1307 38258 26941 16034 968 57121 5470 4881 729 4152 118515 11317 51844 24725 27119 20803 30913 6598 5491 293504 85501 208003 118141 27393 90748 89862 46757 43991 32111 11880 16693 80327 84009 80645 13658 77364 2250 10094
cat_boundaries=0 1 2 3 4 5 6 7 8 9 10 11 12 13
cat_threshold=60672 272670769 127299 209986 369065 1110 37088 251040 164005 273698 1155145 203398 65633
is_linear=0
shrinkage=0.05


Tree=53
num_leaves=63
num_cat=9
split_feature=2 29 35 6 20 46 31 47 14 2 31 6 33 1 19 23 11 23 44 46 37 47 14 21 35 37 29 19 46 28 47 35 33 23 15 29 48 6 19 5 48 45 9 48 35 16 5 37 45 5 18 28 48 34 21 37 18 18 33 21 48 37
split_gain=117.159 40.213 36.0408 33.85 32.5965 32.141 34.8061 29.5158 28.045 27.4382 24.1004 22.7828 22.1684 22.1154 23.0873 21.4096 19.2022 19.2303 19.1343 21.9641 18.8648 18.8017 18.7226 31.0619 28.1532 25.4822 31.3138 30.1599 28.2734 26.794 22.8643 25.7884 21.675 19.2168 21.8959 19.8859 21.815 18.8793 18.1584 17.2016 20.9597 16.6186 17.5313 16.4873 16.2023 16.0125 15.8564 15.1637 15.1466 15.9877 15.0979 14.8429 20.2023 18.0125 18.1166 16.2269 19.0364 15.8881 14.6833 14.3995 14.2066 16.3766
threshold=5.5000000000000009 0.5860162377357484 0.2469512224197388 4.5000000000000009 0.025039676576852802 0 15.500000000000002 1 1.0000000180025095e-35 16.500000000000004 2.5000000000000004 7.5000000000000009 20.500000000000004 8.5000000000000018 34.500000000000007 3.5000000000000004 8.5000000000000018 22.500000000000004 2 3 47.500000000000007 4 1.0000000180025095e-35 0.98918887972831737 0.54006412625312816 25.500000000000004 3.7905281782150273 125.50000000000001 5 77.500000000000014 6 0.80901724100112926 18.500000000000004 20.500000000000004 0.13079115748405459 0.97726097702980053 1.8209989070892336 15.500000000000002 97.500000000000014 0.082094140350818648 0.84505736827850353 7 93.500000000000014 0.94447326660156261 0.59175083041191112 0.42163743078708654 0.067841153591871275 17.500000000000004 8 0.34410551190376287 0.15353598445653918 37.500000000000007 1.2461595535278323 0.017624294385313991 0.90072739124298107 31.500000000000004 0.47140522301197058 0.75708812475204479 42.500000000000007 0.52724179625511181 0.78820699453353893 59.500000000000007
decision_type=8 2 10 8 2 9 10 9 2 10 10 8 8 10 2 2 8 2 1 9 2 9 2 2 8 2 2 2 9 2 9 10 10 2 10 2 10 8 2 10 8 9 2 8 8 10 10 2 9 10 10 2 10 10 2 2 10 10 10 2 8 2
left_child=2 8 5 38 7 6 -1 -5 11 15 -4 -2 41 14 18 -6 -14 47 19 -12 -7 22 23 25 -25 26 29 28 43 -17 31 -29 -33 -24 35 36 -35 -30 -3 40 -26 -9 -43 -27 -42 -34 -40 -18 49 -10 -20 52 -15 -53 57 56 -56 -55 -36 -52 -49 -62
right_child=1 3 10 4 9 20 -8 12 48 -11 13 -13 16 51 -16 21 17 -19 50 -21 -22 -23 33 24 39 27 -28 30 37 -31 -32 32 45 34 58 -37 -38 -39 46 -41 44 42 -44 -45 -46 -47 -48 60 -50 -51 59 53 -54 54 55 -57 -58 -59 -60 -61 61 -63
leaf_value=0.012133074057284903 -0.00089664108480995766 0.03189160491099257 0.025957614723465867 -0.023420923379092521 0.024361317005251223 -0.030320088629916461 -0.073391595096512496 -0.019037274932684964 0.0031685833637440245 0.040249066735319861 0.010456627829073041 -0.023830876600214709 -0.022144645798170562 -0.014670444269749901 0.016746455498459125 -0.012767205753931699 0.04404096153059564 0.0014577491799274711 -0.0091709226959745919 -0.031474673770062939 -0.00013088145100439882 -0.020972371461254122 0.015253178587417119 -0.026876398605619096 -0.037077483206781427 0.024289582088852898 0.025957168133887067 0.0089528660564158445 0.02168621594663904 0.0041647070007469252 -0.0056653381027303622 -0.034077187251192104 -0.029737702322822798 -0.019005728392149285 0.0081301734624093479 -0.028501603580826197 0.035309649375062993 -0.019396167792265835 -0.027435774464557208 0.013434043043031597 0.041518479086942645 -0.0068987839243104081 0.021991903554374984 0.0061896181624217722 -0.0065993464470030759 0.012371994331225857 0.007611511508754382 -0.037015458324624634 -0.015267706501718208 -0.02594612224173283 -0.024195140774668354 0.027425362101474882 0.0091676293791491583 0.014417068357456101 0.013217023614630112 -0.038803522262279809 -0.043206086596201426 -0.045350799614859993 -0.03108429405403125 0.017883979935752338 -0.0058628021332429231 -0.056751922502978704
leaf_weight=250.9812904803548 144.68308653228451 70.913918651174754 248.51697833032813 187.25913375415257 84.796119274338707 125.45583884534426 7.5269376025535157 280.70311961797415 534.31996205181349 37.628484035143629 47.203455605078489 430.27099534720764 100.0368170349393 207.96987190726213 1159.0748673546477 250.56892632346717 8.0865354661364091 2393.7254377497593 82.190395078621805 59.528541783103719 85.841545531526208 92.377099598495988 380.74672476388514 178.25624777068151 51.803738862188766 148.47465096518863 147.59169884771109 587.95808534009848 29.605331142316572 2736.9207785320468 3256.9810861537117 66.409455862361938 25.567758195102215 35.053399491356686 492.43201087473426 95.869008081266657 29.569986976450309 153.54960902035236 28.739586172276177 104.40059306193143 13.088527907093519 1626.5938194630726 49.484064806019887 736.01612059830222 587.81131783610908 81.422534770099446 832.3846856628079 42.100546621368267 187.68403036508244 46.672330783447251 17.752653300762177 96.394807300763205 148.11859537626151 210.95621229358949 61.768100768327713 34.625192655948922 14.262364098336546 6.9257871424779287 20.215307410806417 257.42137390142307 417.8034683309379 11.551012222713323
leaf_count=2448 13234 847 1147 18858 4239 2651 209 27479 24908 549 229 157906 4833 5365 5168 14523 114 73955 654 526 1134 6420 4037 18416 5884 4591 811 8319 1050 47948 83810 4793 1181 1306 10218 2589 399 10967 951 3784 644 116612 751 21611 39677 996 15914 3597 13406 2172 214 669 1983 2172 646 648 246 137 598 1101 11557 562
internal_value=5.47446e-05 -0.00151154 0.00898063 -0.000831759 -0.00138776 -0.0037507 0.00799416 -0.00465388 -0.0098125 0.000216938 0.0112382 -0.0181171 -0.00386276 0.00966599 0.012985 5.26279e-05 -0.00114645 -0.000378172 0.00351249 -0.0139267 -0.0175315 -0.000159164 5.97865e-05 -0.000667736 -0.0092761 0.000316732 0.00385889 -0.00186836 0.00558399 0.00272562 -0.00385288 0.00390985 -0.0127423 0.00635456 0.00124589 -0.0145959 0.0065985 -0.0117322 0.00839785 -0.00498305 -0.00800862 -0.0079964 -0.00594757 0.0092435 -0.0052173 0.00143052 0.0062902 -0.00946301 -0.00352387 0.000617766 0.00897781 0.00272944 -0.00476512 0.00899217 0.00325372 -0.0128604 0.000619819 0.0115425 0.00629851 0.0147859 -0.0108333 -0.00786941
internal_weight=20940.6 17818.1 3122.51 16474.5 15542.5 469.806 258.508 5117.34 1343.63 10425.1 2652.71 574.954 4930.08 2404.19 1623.17 10387.5 2973.3 2873.27 464.096 106.732 211.297 10302.7 10210.3 9156.43 935.36 8221.07 3135.08 5085.98 1067.65 2987.49 4018.34 761.358 173.4 1053.89 673.14 160.492 64.6234 183.155 932.038 757.104 652.704 1956.78 1676.08 884.491 600.9 106.99 861.124 479.542 768.676 580.992 357.364 781.021 356.088 424.932 328.538 110.656 76.0305 217.882 512.647 275.174 471.455 429.354
internal_count=814363 787016 27347 575390 557678 6442 2657 258318 211626 299360 20905 171140 239460 19758 7892 298811 94618 89785 2724 755 3785 294572 288152 269005 68405 200600 63282 137318 38219 62471 99099 15289 6970 19147 15110 4294 1705 12017 17712 49989 46205 144842 117363 26202 40321 2177 16865 15830 40486 27080 1969 11866 7348 4518 3849 1540 892 2309 10816 1315 15716 12119
cat_boundaries=0 1 2 3 4 5 6 7 8 9
cat_threshold=4162 69207442 3 138244 103121041 18643 67109008 41096 1443179
is_linear=0
shrinkage=0.05


Tree=54
num_leaves=63
num_cat=10
split_feature=1 33 6 14 25 28 48 35 16 36 11 20 37 35 15 37 21 21 34 28 45 20 46 37 48 48 45 46 28 18 30 45 4 33 45 5 37 6 45 12 37 23 15 28 21 48 37 8 34 4 47 46 15 22 31 16 35 1 48 46 12 34
split_gain=136.928 56.5511 33.986 28.2332 30.8008 25.8216 22.8522 21.0242 19.0872 18.8276 18.8011 20.8485 19.8139 21.9922 24.8924 22.292 27.1281 18.6076 20.8172 18.0524 17.7843 20.9751 19.2411 29.3403 16.288 19.3691 15.6118 16.7499 15.4543 15.2634 14.5672 15.1659 14.5179 16.6594 20.6479 26.1032 18.2361 16.6447 19.3233 16.7355 24.7651 15.977 15.708 15.3226 14.4901 18.3226 14.8663 14.3946 14.2191 14.0825 14.0113 14.6828 18.5433 13.8632 13.697 15.8548 18.9715 15.7726 13.6949 13.6946 14.6984 13.6042
threshold=5.5000000000000009 5.5000000000000009 6.5000000000000009 1.0000000180025095e-35 7.5000000000000009 3.5000000000000004 0.68825104832649242 0.71198156476020824 0.96396103501319896 1.5000000000000002 7.5000000000000009 0.024634557776153091 50.500000000000007 0.74133810400962841 0.25611211359500891 29.500000000000004 0.72342371940612804 0.94879078865051281 0.027251799590885643 27.500000000000004 0 0.013245313428342344 1 33.500000000000007 0.71014705300331127 0.6311357617378236 2 3 3.5000000000000004 0.043717153370380409 38.500000000000007 4 8.5000000000000018 21.500000000000004 5 0.18730541318655017 49.500000000000007 11.500000000000002 6 2.5000000000000004 56.500000000000007 3.5000000000000004 0.27055180072784429 81.500000000000014 0.68952456116676342 0.88326251506805431 49.500000000000007 13.500000000000002 0.029293037950992588 16.500000000000004 7 8 0.05298245698213578 29.009433746337894 23.500000000000004 0.98837208747863781 0.87138131260871898 37.500000000000007 0.77994081377983104 9 9.5000000000000018 0.036271911114454276
decision_type=8 8 8 2 2 2 10 8 10 2 8 2 2 8 10 2 2 2 8 2 9 2 9 2 10 10 9 9 2 8 2 9 8 8 9 10 2 8 9 8 2 2 10 2 2 10 2 8 10 8 9 9 10 2 10 10 10 8 10 9 10 10
left_child=9 2 7 4 -3 -4 -7 -2 -9 -1 11 -6 13 -13 15 17 -17 -15 -19 30 47 48 24 -24 25 -23 27 -11 -28 -18 31 -8 -12 34 36 41 -34 38 -35 -39 59 -36 -40 -37 45 46 -43 -5 -22 -21 -49 54 -53 -51 55 -52 57 -57 61 -41 -61 -58
right_child=1 3 5 20 10 6 19 8 -10 26 32 12 -14 14 -16 16 29 18 -20 49 21 22 23 -25 -26 -27 28 -29 -30 -31 -32 -33 33 37 35 43 -38 39 42 40 -42 44 -44 -45 -46 -47 -48 50 -50 53 51 52 -54 -55 -56 56 58 -59 -60 60 -62 -63
leaf_value=0.035989319143921637 0.016971941470413313 -0.015046421584913254 -0.035391334379453791 0.024498559830830598 -0.02331850808145184 -0.018672117144111232 0.0054219512826064733 -0.015362584943592467 0.014915455489793079 0.025458704516802134 0.020060044370346641 0.0094571344255682185 0.012303686219750986 0.00087997336750175997 -0.046506968404173551 -0.037134076454927938 -0.029134054075053692 -0.019699757276082377 0.028182932619116991 0.014764991780401131 0.026289660848629048 0.002816142981227775 -0.020070505317251793 0.0079781152790797793 0.009910442226703977 -0.053884138105364125 -0.01559297935410528 0.0020663913695029394 0.010035422216298365 -0.0013003861024922536 0.025629244971892146 -0.015154033044899312 -0.0089031907335055862 0.015364932774230875 0.040666887894650915 -0.005434950300172243 -0.030368298141852004 0.013850532853091553 -0.025842510597509524 0.00064224713499471059 -0.013881099995169767 -0.037975596639727362 0.010135095682357952 0.025590432258592612 -0.0082263802495069413 0.00909547661849547 0.0092718054538836851 -0.019101082139931627 -0.04027589966032627 0.015811592015177532 0.014032731313992342 0.020200936838980468 -0.0053602752654510408 -0.010521230195980443 -0.024334436473056248 -0.067539942725351576 -0.054168668768602601 -0.0098557280866698772 0.021717313967803839 -0.0063366469932349999 0.0070013588497243153 0.022134480063164857
leaf_weight=81.28340879897587 204.05500932736322 381.48547947840416 89.070668433763785 53.610102778417058 69.332449335954152 458.96320947978529 276.84425272941007 146.6799630895257 74.560668181162328 340.64787090872414 70.379089251277037 624.21312569431029 517.4279305038508 925.02101027115714 25.195697292452678 68.342760432278737 50.584091457072645 23.940827461192384 120.93388643139042 56.877274753001984 170.51535145635717 46.042980957543477 162.45684900321066 206.00208413088694 1187.461893129861 17.059824371477589 57.371788094984367 113.47207279427676 1249.4009535594378 437.54198143910617 54.311462089186534 114.30520094541134 751.70994280918967 295.02927145606373 14.427854433190076 56.139837141148746 110.83255624526646 171.15686720563099 58.666700946982019 4089.9857970364974 390.99745131901 37.483839322230779 54.03515094879549 120.03972468827851 956.47019829868805 283.53177664347459 24.689052937785164 82.467557284398936 4.0838462891988447 47.384208576346282 384.86881879041903 72.25530704902485 877.37504969502334 1529.8800765587948 28.14767034817487 11.882950808852909 9.3006702628917974 47.497514903661795 58.831688287085854 1570.8872571758693 233.49265901325271 6.2418551105074576
leaf_count=303 5219 132602 35709 950 6046 55418 17611 7077 1984 1178 1617 9480 6870 10974 931 923 1676 467 903 1710 2892 1288 5116 4016 17336 838 620 551 6853 5454 2541 11627 50380 7239 137 2912 10211 3121 3244 91319 12839 3217 2065 3097 45895 8934 1109 4497 260 2666 9691 1438 21528 112475 1219 393 521 1626 885 49028 3733 94
internal_value=1.82713e-05 -0.00124407 -0.00747298 -5.06085e-05 -0.00115031 -0.00959358 -0.00862063 0.00558815 -0.00505441 0.013015 -0.000708083 0.00283163 0.00352123 0.00150182 -0.00152439 -0.000687111 -0.00875985 0.00353286 0.019877 -0.00636282 0.00396834 0.00737784 0.0056005 -0.00437477 0.00851232 -0.0153434 0.0118556 0.0198666 0.00878811 -0.00445092 0.00253735 -0.000951989 -0.00179972 -0.00197737 -0.00560107 -0.00196684 -0.0116858 -0.000730803 0.00900489 -0.00135211 -0.00177677 -0.00441365 -0.00819863 0.015827 -0.00506678 0.00366763 -0.0199199 0.000165125 0.0236548 -0.00878931 -0.000734797 0.000461766 -0.00328535 -0.00968267 0.00688369 0.00892566 -0.00574566 -0.0257481 0.0108403 -0.000962757 -0.00457083 -0.0255964
internal_weight=20855.2 19013 3052.93 15960.1 12534 2627.64 2538.57 425.296 221.241 1842.18 12152.5 2862.53 2793.2 2275.77 1651.56 1626.36 556.469 1069.9 144.875 2079.6 3426.1 1793.62 1619.02 368.459 1250.56 63.1028 1760.89 454.12 1306.77 488.126 445.461 391.149 9289.96 9219.58 2355.32 1492.78 862.542 6864.25 407.731 6456.52 6285.36 1316.6 112.702 176.18 1302.17 345.705 62.1729 1632.48 174.599 1634.14 1578.87 1496.4 949.63 1577.26 546.771 518.623 133.755 59.3805 74.3742 5894.37 1804.38 15.5425
internal_count=814553 805048 254037 551011 476423 239757 204048 14280 9061 9505 343821 43724 37678 30808 21328 20397 8053 12344 1370 148630 74588 31746 28594 9132 19462 2126 9202 1729 7473 7130 31779 29238 300097 298480 125892 65301 60591 172588 12548 160040 156919 59292 5309 6009 59155 13260 4326 42842 3152 116851 41892 37395 22966 115141 14429 13210 3519 2019 1500 144080 52761 615
cat_boundaries=0 1 2 3 4 5 6 7 8 9 10
cat_threshold=564449 134247 72960 65747 1024224 307552 73828 71329152 251536 11139
is_linear=0
shrinkage=0.05


Tree=55
num_leaves=63
num_cat=10
split_feature=1 19 10 33 4 43 23 3 20 45 46 19 45 20 46 49 44 22 20 34 32 14 29 22 33 16 20 23 45 11 23 27 8 45 18 46 1 34 45 2 17 23 10 29 48 5 23 35 40 22 16 29 25 5 49 6 49 34 17 49 23 33
split_gain=116.472 44.3661 35.2598 53.0583 21.5232 20.7415 19.7495 19.6981 21.7717 19.1842 22.7464 30.8985 19.092 26.173 23.4193 28.1472 18.8743 17.7761 17.3533 22.7745 17.6778 17.3011 21.2756 19.846 17.0139 16.2911 16.0411 24.3206 15.7043 15.6852 15.6089 15.5976 15.5655 15.1949 15.1095 14.6864 14.5771 14.5323 18.0603 17.012 16.8185 15.4261 14.3884 14.3147 14.7018 14.0068 14.7563 16.8545 32.4697 21.2898 13.9345 13.6236 20.9168 14.1939 17.3954 14.0079 15.1483 13.4758 13.306 19.7966 16.6229 13.4133
threshold=8.5000000000000018 5.5000000000000009 4.5000000000000009 9.5000000000000018 4.5000000000000009 0 2.5000000000000004 0.25400680303573614 0.018431033007800583 1 2 20.500000000000004 3 0.01321923127397895 4 16.400981903076175 5 29.009433746337894 0.032255109399557121 0.043225692585110671 1.5000000000000002 1.5000000000000002 0.1608080789446831 38.253204345703132 33.500000000000007 0.21466974169015887 0.013245313428342344 34.500000000000007 6 25.500000000000004 54.500000000000007 31.500000000000004 5.5000000000000009 7 0.24876237660646441 8 51.500000000000007 0.022392606362700466 9 6.5000000000000009 0.15751879662275317 46.500000000000007 9.5000000000000018 0.87979057431221019 1.0003913640975954 0.64598724246025097 40.500000000000007 0.82807883620262157 1.0000000180025095e-35 36.512498855590827 0.69631093740463268 1.4598884582519533 66.500000000000014 0.26384939253330236 11.489864349365236 8.5000000000000018 6.5954370498657235 0.033888289704918868 0.82843136787414562 1.4255323410034182 54.500000000000007 11.500000000000002
decision_type=8 2 8 8 8 9 2 8 2 9 9 2 9 2 9 2 1 2 2 10 10 2 2 2 10 10 2 2 9 10 2 2 10 9 10 9 8 10 9 8 10 2 8 2 10 8 2 10 2 2 10 2 2 8 2 8 2 10 10 2 2 10
left_child=5 6 7 4 -4 -1 -2 8 24 10 43 -12 14 -14 58 21 28 -11 19 37 30 51 -23 31 -3 -22 -18 -28 34 -17 -20 42 33 -27 -7 -19 -33 38 40 -40 -6 -41 -24 44 -9 46 -37 48 -48 -50 -8 55 53 54 -53 56 -16 -58 59 -5 -61 -62
right_child=1 2 3 12 18 16 50 9 -10 17 11 -13 13 -15 15 29 26 35 20 -21 25 22 23 -25 -26 32 27 -29 -30 -31 -32 36 -34 -35 -36 45 -38 -39 39 41 -42 -43 -44 -45 -46 -47 47 -49 49 -51 -52 52 -54 -55 -56 -57 57 -59 -60 60 61 -63
leaf_value=0.014897471083837427 0.010044561078539967 0.0082277713849497284 0.019671122496346637 -0.058501550655788416 -0.0093213898866654748 -0.022869347421683596 -0.046030911170324845 -0.045416470978504882 0.028774652531230377 0.037303765602308463 0.025447798093649467 -0.034314123699670858 0.016234356680158692 0.00096766532159755678 0.019068184907509229 -0.0076205276549265594 0.012513593341262761 -0.022156040141244393 -0.018407389670812565 -0.036575954717606947 -0.015346471419595288 -0.048526843493909046 0.01903038255455522 0.038945426662621338 -0.047322672493826004 0.0052394911633859512 -0.004873627301283579 -0.054746111895917562 0.011866279877210825 -0.030673953026566083 0.0026900442490017983 0.020202719870985986 -0.017866637176119773 -0.0083757457929686877 0.0057100434882257408 0.017051178875556607 -0.023714592761747578 -0.014082854067982879 0.014310962609481391 0.0013120981156228143 0.029301916823376774 -0.016300193447591742 -0.047697079336980641 0.01011037856897592 0.0036088132379868223 0.013392451274009277 -0.053562609781988763 0.0062762848431339689 0.013097909905981715 -0.059323690064848313 -0.014623881693850033 0.041864722771725753 -0.00052320153878184037 0.0078091379686560372 -0.028316971031213209 -0.0052663594065357902 0.0012639062614421687 -0.045776622094883999 0.0090333513776275007 -0.0064140345702908084 0.0017038491191186417 -0.040308240152567204
leaf_weight=1313.0549579895451 30.660570821608417 66.724878828274086 70.376557394483825 22.291445961687714 43.438255179586122 66.447432099841535 82.12233652928262 21.723881969577633 174.31155969621614 44.605933256214485 23.065966848400421 104.48798270791303 286.57691166293807 7584.6182393857453 127.69100918673212 670.68869833811186 47.412101294612512 29.518395087216049 321.88129716698313 78.723543202533619 177.25908540995442 8.490285780746488 9.2118760526645911 64.729258479783311 12.078751940280197 917.72847539093345 76.970460933865979 31.610781901050359 638.14173521008343 79.064731202670373 118.2118806958897 117.42901820875704 99.358388322754763 248.75284494523657 127.06695995340124 80.149697794578969 18.005542881786823 869.54398004169343 72.24408713541925 180.37678009434603 66.277852187049575 390.13872576775611 17.411934766219932 194.75151156214997 34.184174044523388 448.57757034047972 40.646551832556725 108.18011265876703 57.45825606957078 7.1190943776164195 70.627973996161018 55.626713848905638 1568.912635697634 419.48729076411109 6.749100847169756 1649.8056208842609 113.96201597253093 12.529595138388684 52.769665187632199 246.28131567133823 24.396959812263958 75.019467450620141
leaf_count=6365 4412 732 3764 1711 4952 952 56851 1002 1346 453 356 3755 10583 156397 4373 36627 400 1147 23666 11136 16996 682 263 705 245 37788 637 438 3747 5225 7877 1162 13437 17828 1003 787 1007 92495 1435 12813 3389 39325 992 2453 744 7580 1031 1806 713 227 26978 660 41842 12035 275 91444 5593 1049 2745 14065 2102 10643
internal_value=0.000205015 -0.00111425 -0.00086594 -0.00150857 -0.00683734 0.0108024 -0.0252539 0.00660969 0.0191448 0.0038847 -0.00532917 -0.0213447 -3.48525e-05 0.00153151 -0.00233262 -0.00134764 0.00510905 0.00812636 -0.00738456 -0.0110412 -0.00406169 0.000250394 0.0132775 0.0165882 -0.00260223 -0.00136985 -0.0102222 -0.0211636 0.00811488 -0.0102387 -0.0127739 0.00675995 0.00064002 0.00228591 -0.0042196 0.00631506 0.0137276 -0.00969329 -0.00456134 -0.00774169 0.0131263 -0.0107688 -0.0252508 0.00356572 -0.0176052 0.00778061 -0.000614871 -0.0074883 -0.0212824 0.00142465 -0.0324329 -0.000540407 0.0022847 0.0113385 0.0327331 -0.00358133 0.0072462 -0.00495917 -0.013452 -0.0171149 -0.0136502 -0.0304105
internal_weight=20817.8 18517.1 18333.6 16886.1 3654.31 2300.7 183.411 1447.58 253.115 1194.47 378.214 127.554 13231.7 7871.2 5360.55 4939.8 987.649 816.256 3583.94 1700.74 1883.19 4190.04 235.278 226.788 78.8036 1443.1 155.993 108.581 831.656 749.753 440.093 162.058 1265.84 1166.48 193.514 771.65 135.435 1622.02 752.476 642.76 109.716 570.516 26.6238 250.66 55.9081 742.131 293.554 213.404 105.224 64.5774 152.75 3954.76 2050.78 481.863 62.3758 1903.99 254.183 126.492 420.759 367.989 345.698 99.4164
internal_count=815241 801699 713458 689081 286901 13542 88241 24377 2323 22054 8310 4111 402180 166980 235200 203934 7177 13744 283137 165545 117592 162082 4811 4129 977 86049 1475 1075 5702 41852 31543 3424 69053 55616 1955 13291 2169 154409 61914 53573 8341 52138 1255 4199 1746 12144 4564 3777 1971 940 83829 157271 54812 12970 935 102459 11015 6642 31266 28521 26810 12745
cat_boundaries=0 1 2 3 4 5 6 7 8 9 10
cat_threshold=331872 500737 5362 39534 116 28 270401 854467 156928 138252
is_linear=0
shrinkage=0.05


Tree=56
num_leaves=63
num_cat=10
split_feature=1 33 10 25 14 49 17 46 34 48 11 43 26 4 45 49 46 48 5 45 1 23 16 45 49 21 17 18 20 29 17 6 5 10 5 42 16 26 33 49 16 45 16 30 48 20 49 49 48 46 49 30 23 21 11 46 33 36 21 45 48 3
split_gain=125.297 42.1963 31.8938 28.7687 40.5245 28.1515 21.7818 21.1862 22.3741 20.8635 18.1395 18.3406 16.9228 16.3776 16.7054 16.0777 27.5533 21.8516 21.715 19.6119 19.2271 19.0343 17.4369 18.5273 16.9248 17.2884 16.6064 16.2378 15.9953 21.41 20.4656 19.2757 15.7988 16.3146 15.5511 15.2322 20.523 25.9718 19.87 19.0834 18.6653 16.274 21.4645 16.0959 15.9602 16.5327 15.3566 14.8193 14.7679 14.7371 14.5171 14.4592 14.5955 14.4013 14.3056 14.2481 14.1636 14.1635 21.1763 14.1326 13.9632 13.9362
threshold=8.5000000000000018 2.5000000000000004 7.5000000000000009 10.500000000000002 1.0000000180025095e-35 21.901765823364261 0.40967366099357611 0 0.015239171683788301 0.72042569518089306 5.5000000000000009 1 5.5000000000000009 19.500000000000004 2 3.373559951782227 3 1.4059006571769717 0.36614233255386358 4 15.500000000000002 15.500000000000002 0.71330726146698009 5 12.250482559204103 0.96888828277587902 0.064725596457719817 0.10746364295482637 0.032919444143772132 2.3545528650283818 0.21380952745676043 9.5000000000000018 0.1843199357390404 11.500000000000002 0.17563918977975848 1.0000000180025095e-35 0.94201681017875682 240.50000000000003 20.500000000000004 11.899152755737306 0.5049019753932954 6 0.80707195401191723 11.500000000000002 1.1001007556915285 0.033160356804728515 3.7508392333984379 14.636062622070314 0.6195618510246278 7 19.425271987915043 14.500000000000002 31.500000000000004 0.89138862490654003 35.500000000000007 8 29.500000000000004 3.5000000000000004 0.52724179625511181 9 0.29012061655521398 0.41170646250247961
decision_type=8 8 8 2 2 2 8 9 10 10 8 9 2 8 9 2 9 10 8 9 8 2 10 9 2 2 10 10 2 2 10 8 10 10 10 2 10 2 10 2 8 9 10 2 10 2 2 2 10 9 2 2 2 2 10 9 10 2 2 9 8 10
left_child=57 2 51 9 5 10 -7 -6 -9 12 35 47 -3 -14 -15 17 22 27 -19 20 -18 -20 24 -24 25 -17 -21 -11 31 30 -30 -10 33 -22 59 41 37 43 40 -38 -39 42 -5 56 45 -43 -46 -12 -33 -42 -40 -2 -53 -50 60 -16 -37 58 -1 -4 -13 -55
right_child=1 3 34 4 7 6 -8 8 28 15 11 54 13 14 55 16 19 18 21 26 32 -23 23 -25 -26 -27 -28 -29 29 -31 -32 48 -34 -35 -36 36 39 38 50 -41 49 44 -44 -45 46 -47 -48 -49 53 -51 -52 52 -54 61 -56 -57 -58 -59 -60 -61 -62 -63
leaf_value=-0.0035996983464895906 0.0094814356841320373 -0.030400664874703755 -0.03078913972111379 0.0090560429983139439 0.0093637686204867121 -0.018862370591264773 -0.002094957926726601 0.028470890939824474 -0.057062535370287326 -0.0079361031641541971 -0.0059837631330852291 -0.023844220103923199 0.015459325673579313 -0.027219423503963638 0.014652852502892225 0.01495628646448344 0.0056603244616399914 0.026308921076890986 0.017646706317573212 -0.027922211247085788 -0.029646298512071165 -0.039420996185933969 0.02367355772188336 -0.00069410877743326797 -0.031970362304676189 -0.032165728851338428 -0.00035311801839221253 0.020599341082314648 -0.037455147687775685 0.029532657797954234 0.0048322677673192033 0.015890276233205297 -0.0025916890529907571 0.026889624900986293 -0.0017133346848182023 0.010902246583595489 0.032829457878250132 0.027811569230298538 -0.044548554025118627 0.00081351535716410017 0.010498733777323407 -0.0047895068187943091 -0.020078002067103286 0.030659082043106703 -0.031890433541877136 -0.030376344800073143 0.007236839484596855 -0.026530386982981505 -0.0074675335576720242 -0.016438238904737858 0.022066828684515469 0.0081657743952093659 -0.029588035712575927 -0.05895712657057 -0.018733389154552815 -0.011908455887985725 -0.018710105571844833 0.0086353740096343466 0.022515173937009827 -0.012699843441475248 -0.00024723982824708095 0.025706484987607744
leaf_weight=92.526732576778159 277.07095639023464 127.02979598670208 131.01950998033863 517.8975578417303 1538.872344082105 370.5336070547346 402.90442029898986 41.765856544487178 23.792533637955785 63.449169032232021 658.40755125571741 58.14123521419242 52.684979767655022 119.18749918485992 59.637381864886265 71.586491597729037 69.788107343949378 21.287953755701892 15.890637803124262 56.856936953336117 301.09902891455567 57.204323750833282 137.82939497168991 166.50926194884232 48.882689294434385 21.134898527205223 468.17841481375217 194.48166761730681 36.950819037621841 46.040361084509641 87.043947140686214 33.456451617879793 81.106072473688982 9.5890000415965897 254.23389771941584 305.3416997193126 137.08970739110373 41.410892284009606 42.671985282562673 69.60255799931474 67.826020814478397 159.31404368160293 67.150071042589843 88.628600860014558 23.433106378419325 102.15134309721179 209.14940942439716 97.345715128234588 72.175502475583926 127.94848052621819 6.6983288791961959 43.788589331554249 51.288300651824102 25.535304089775313 102.87456753000151 145.74717863084516 41.797249286668375 1766.9453733927221 439.4122017082409 904.1050947902113 8837.2477513597696 2.8590125425253055
leaf_count=697 5665 42366 23679 5742 21029 24021 12544 536 1007 6943 40458 6217 3212 16009 5094 5030 818 868 1174 18582 45199 6770 8426 12326 8368 3730 26233 8746 1014 299 1311 891 7845 473 19389 4602 1489 661 856 1278 410 3936 1379 2035 792 2061 3601 7787 1812 1788 77 936 2661 941 6353 17232 1024 11314 1614 103147 242521 18
internal_value=-0.000160154 -0.00153651 -0.00912393 -0.000780623 4.54812e-05 -0.000988697 -0.0101973 0.00682312 -0.00388466 -0.00598188 -0.000379092 -0.00127036 -0.0149133 -0.00936892 -0.0135725 -0.00342385 -0.0057753 0.00608449 -0.0140054 -0.0103598 -0.0177981 -0.0266791 0.00449987 0.0112887 -0.00967127 0.00311909 -0.00350768 0.0135624 -0.00848896 0.00217593 -0.00873286 -0.0196934 -0.0224438 -0.0275031 -0.0128345 0.0039425 0.00861737 0.00456928 -0.00704862 0.0223221 -0.00078243 -0.000103381 0.00547749 0.0122024 -0.00667683 -0.0151684 0.00270652 -0.00867326 -0.0112459 -0.00737271 -0.0343123 0.00373162 -0.0126609 -0.0205983 -0.000633795 -0.00372349 0.00712173 0.0108323 0.0179815 -0.0155446 -0.000414781 -0.0478598
internal_weight=20693.6 18394.7 1661.51 16733.2 14444.1 12535.6 773.438 1908.49 369.62 2289.16 11762.1 9754.02 504.287 377.257 324.572 1784.87 1432.56 352.314 94.3829 986.618 461.582 73.095 445.943 304.339 141.604 92.7214 525.035 257.931 327.854 170.035 123.995 157.819 391.794 310.688 1289.36 2008.11 929.016 722.323 286.556 206.692 237.185 1079.1 585.048 435.768 494.048 261.465 232.583 755.753 134.026 195.775 49.3703 372.148 95.0769 100.57 8998.26 205.385 347.139 2298.88 531.939 1035.12 8895.39 28.3943
internal_count=815036 801411 155477 645934 400490 371632 36565 28858 7829 245444 335067 303336 83913 41547 38335 161531 137030 24501 8812 99150 54335 7944 37880 20752 17128 8760 44815 15689 7293 2624 2325 4669 53517 45672 146215 31731 14220 11453 3792 2767 2859 17511 7121 7661 10390 5997 4393 48245 3662 2198 933 9262 3597 2771 255091 22326 5626 13625 2311 126826 248738 959
cat_boundaries=0 1 2 3 4 5 6 7 8 9 10
cat_threshold=88418 43040 360512 19697 313421 153032 98368 65536 45588 45058
is_linear=0
shrinkage=0.05


Tree=57
num_leaves=63
num_cat=11
split_feature=1 33 10 16 28 4 13 35 23 29 26 34 45 45 49 36 30 48 36 47 29 49 2 43 35 19 32 23 49 14 46 19 16 37 37 49 35 21 11 29 46 12 29 25 19 46 4 10 49 23 14 48 48 35 46 21 15 45 16 47 19 46
split_gain=123.035 45.6956 34.5369 25.7907 24.3723 26.303 23.349 23.0761 20.8298 19.771 28.7023 19.6149 28.248 21.9236 19.4127 18.8233 18.581 18.4711 18.2512 19.5739 17.8211 17.2594 16.8386 16.5396 39.611 16.3821 16.113 15.7168 16.9455 16.7626 19.097 22.1756 21.0386 18.7591 16.4288 15.5648 15.5311 32.1877 24.2095 18.4674 16.2077 15.4501 15.3842 20.3626 16.2919 19.2259 15.381 15.3507 15.3534 15.1957 15.1318 14.8295 26.9648 17.8098 14.6524 15.017 14.5846 14.4273 14.381 23.0241 18.2124 15.8939
threshold=16.500000000000004 6.5000000000000009 2.5000000000000004 0.10102041065692903 4.5000000000000009 6.5000000000000009 1.5000000000000002 0.28730159997940069 3.5000000000000004 1.1691753268241885 80.500000000000014 0.034611783921718604 0 1 22.300861358642582 10.500000000000002 14.500000000000002 0.93895986676216137 5.5000000000000009 2 2.6890897750854497 7.1507682800292978 4.5000000000000009 3 0.96459901332855236 85.500000000000014 3.5000000000000004 52.500000000000007 20.074350357055668 1.5000000000000002 4 257.50000000000006 0.35781671106815344 44.500000000000007 33.500000000000007 6.0018053054809579 0.26491229236125952 0.98918887972831737 15.500000000000002 2.6890897750854497 5 3.5000000000000004 1.2785964608192446 3.5000000000000004 384.50000000000006 6 1.5000000000000002 3.5000000000000004 4.652266502380372 14.500000000000002 3.5000000000000004 1.977211654186249 1.6821274757385256 0.92659932374954235 7 0.9922778606414796 0.16774892061948779 8 0.81322672963142406 9 12.500000000000002 10
decision_type=8 8 8 8 2 8 2 10 2 2 2 8 9 9 2 2 2 8 2 9 2 2 10 9 8 2 10 2 2 2 9 2 10 2 2 2 10 2 10 2 9 10 2 2 2 9 10 10 2 2 2 10 10 10 9 2 10 9 10 9 2 9
left_child=7 2 -2 16 -4 -6 9 26 -7 11 58 12 22 -13 36 -9 46 -15 19 27 25 -22 -5 24 -12 -8 42 28 54 30 -29 33 -33 47 -34 -24 37 38 40 -38 -10 -25 43 -1 45 -45 49 48 -32 -3 -47 52 -17 -53 -14 -56 -50 -28 59 60 -11 -60
right_child=1 3 4 6 5 8 20 15 14 10 23 13 18 17 -16 51 -18 -19 -20 -21 21 -23 35 41 -26 -27 57 29 -30 -31 31 32 34 -35 -36 -37 39 -39 -40 -41 -42 -43 -44 44 -46 50 -48 -49 56 -51 -52 53 -54 -55 55 -57 -58 -59 61 -61 -62 -63
leaf_value=0.015165048830223477 0.0090179079914405099 -0.016742334754626349 -0.032574333746001355 -0.02665259178879277 0.018044745364139012 0.036583283897043566 0.015497229166284127 0.014290459754600483 0.023153904746643372 0.031745979103515412 -0.040793886996415535 -0.028825852038604841 -0.01111798028405081 -0.022691409956477587 -0.022799100917591689 0.0030231964811186576 -0.028785376539073256 -0.0026190086128584002 -0.022941187811113581 -0.016202733885565916 -0.01106269546498085 0.017816654864743445 0.034471615465698734 -0.0026598602428177017 0.014841794188777369 0.0017830456167198948 0.0068528862236245467 0.01424948170307494 -0.020546844646857933 0.013928775963868901 -0.0065855669183096394 -0.026328624717590749 0.018104468634109937 0.0021182299830081268 -0.0077225729661528951 -0.032121169411736532 -0.011960234093726105 -0.037018934761103177 0.018823589390255489 0.0017872089555993624 -0.0070437016559830468 0.010815833342006474 0.016724377147030595 0.010691554500415722 0.025270408782135823 -0.050461974309383532 -0.039720205378629886 0.0085274600321558185 -0.015876448266261854 -0.0016777898215124831 0.020096107497981672 0.0084655993453078872 0.032435335844385779 -0.045862397068704153 0.024514207828143075 0.00041768872149956088 -0.043973462258190696 -0.036110752625636004 -0.00064154212332935567 -0.027578590719586456 0.0023646666076587897 0.01652075932450944
leaf_weight=63.6315495101735 313.01664427155629 195.87327676036512 95.800482045393437 157.88335235520208 92.936191939050332 20.691321685095318 227.05137867538724 1798.5066451852908 35.755797631340101 51.93422070008819 30.712319320766255 127.91166829453141 43.076723859194317 140.79654523819045 223.03739755280549 612.49027013313025 84.111656765235239 543.86621722063865 74.718846918316558 127.95814828756556 57.215197012992576 345.45876252953894 20.545873340335678 4262.6761054473463 315.62425728421658 3578.4586507261265 29.593018065672368 131.52934925319278 33.417600166576449 179.74995486869011 107.6171453326242 41.503137626685202 189.76544668106362 164.49443363884347 86.62840254639741 8.7436424524057639 1541.2307132511341 50.327118672896177 163.79731657111552 288.69967563974205 366.02011746249627 218.97804188239388 118.80953642609529 25.125411901739426 13.379925109446047 59.533310115104541 26.327171014883788 44.097717255353928 101.20696869304811 1013.4217914387846 5.9220668147318056 27.149798451922834 84.527995145879686 25.623587322421372 246.5495501778787 87.261646885905066 96.393769107176922 40.626362260198221 190.6277994698612 45.521981045254506 733.57529387250543 497.49392474099295
leaf_count=697 5130 11221 42038 36040 3727 438 4403 10673 1685 2046 1435 7543 5017 16936 22870 6164 8941 14353 8625 12963 925 2479 798 108221 3535 54131 295 9891 5937 3785 7763 2116 5317 13057 3481 1140 145708 6990 7392 19989 24753 3739 690 197 57 822 21027 2287 12255 40412 32 201 383 250 12890 11085 11798 732 6913 2454 21819 13605
internal_value=0.000322087 -0.001234 -0.00664996 -5.07816e-05 -0.00836654 -0.00747614 0.000611142 0.0098546 -0.00838984 -0.000812855 0.000722993 -0.00434522 -0.00160695 -0.0108435 -0.00880627 0.0115189 -0.00670415 -0.006783 0.00043567 0.00154212 0.00368874 0.0136279 -0.0193009 -0.00116431 0.00913773 0.00262055 -0.00203306 0.00313508 0.0114856 0.000127786 -0.00250625 -0.00533196 0.00493704 -0.0117746 0.0100163 0.012807 -0.00748634 -0.000611011 0.00292473 -0.0097924 -0.00370867 -0.00198568 0.00332161 -0.00638913 -0.0196724 -0.0272857 -0.00509108 -0.0182543 -0.0221988 -0.00417673 -0.0377475 0.00482035 0.00679564 -0.0195991 0.0145576 0.0177892 -0.0303297 -0.022642 0.00670515 0.00225447 0.00443957 0.0120251
internal_weight=20727 17822.1 3191.31 14630.8 2878.3 2782.5 13311 2904.92 2689.56 9102.86 6347.14 2755.72 1943.14 812.574 2668.87 2548.3 1319.73 684.663 1755.97 1681.25 4208.18 402.674 187.173 4827.99 346.337 3805.51 356.621 1553.29 410.306 1142.99 963.236 831.707 317.897 513.81 276.394 29.2895 2445.83 615.9 565.573 1829.93 401.776 4481.65 286.402 167.592 103.961 90.5808 1235.62 349.316 305.218 1209.3 65.4554 749.792 697.018 52.7734 376.888 333.811 197.601 70.2194 1519.15 831.031 785.51 688.122
internal_count=814296 793103 280720 512383 275590 233552 430782 21193 229825 368844 163767 205077 166245 38832 229387 17671 81601 31289 128267 119642 61938 3404 37978 116930 4970 58534 3522 106679 34929 71750 67965 58074 10914 47160 8798 1938 206517 40820 33830 165697 26438 111960 2495 1805 1108 1051 72660 34103 31816 51633 854 6998 6547 451 28992 23975 24053 1027 46837 26319 23865 20518
cat_boundaries=0 1 2 3 4 5 6 7 8 9 10 11
cat_threshold=559361 266252 322000785 327680 135408 5152 192912 188864 23818 40633009 141669
is_linear=0
shrinkage=0.05


Tree=58
num_leaves=63
num_cat=11
split_feature=17 21 2 36 20 34 49 23 48 34 29 45 18 6 29 49 27 20 47 23 47 31 48 16 48 8 17 20 49 48 48 18 5 6 36 23 40 46 11 49 33 30 45 30 27 46 45 19 30 45 21 45 37 46 16 1 35 46 18 21 21 37
split_gain=71.3728 55.2947 44.1669 38.4109 28.3556 25.5963 24.7175 21.1248 21.1285 19.6409 19.3962 18.8529 20.297 27.5974 21.1673 19.5627 18.5976 20.6551 22.5381 24.159 18.333 17.0547 16.8762 16.4299 15.8071 15.6302 15.5823 15.4354 17.1416 17.3759 15.3148 15.1705 14.9198 14.842 14.7236 15.2717 14.6623 22.7908 19.2552 18.3977 17.331 14.6326 14.4427 14.4027 14.3617 14.1224 18.0403 20.6233 14.0985 13.9399 13.9122 13.6296 13.4989 13.4552 13.4027 13.3883 26.127 14.6849 15.7493 12.9011 13.7196 15.3
threshold=0.015877015888690952 0.98918887972831737 4.5000000000000009 3.5000000000000004 0.025039676576852802 0.013509778305888178 11.899152755737306 14.500000000000002 1.765622675418854 0.024391041137278083 0.57359308004379284 0 0.31643131375312811 1.5000000000000002 1.7532555460929873 6.9978065490722665 20.500000000000004 0.067558825016021742 1 18.500000000000004 2 8.5000000000000018 0.64194935560226452 0.4016129076480866 0.23738195002079013 15.500000000000002 0.069136224687099471 0.013197139836847784 0.99778747558593761 1.0137965083122256 1.3317247033119204 0.0372685194015503 0.21918006986379626 4.5000000000000009 15.500000000000002 9.5000000000000018 1.0000000180025095e-35 3 8.5000000000000018 18.491395950317386 14.500000000000002 18.500000000000004 4 2.5000000000000004 19.500000000000004 5 6 384.50000000000006 13.500000000000002 7 0.96495613455772411 8 54.500000000000007 9 0.44281046092510229 15.500000000000002 0.38675214350223547 10 0.043717153370380409 0.85412198305130016 0.75234788656234752 18.500000000000004
decision_type=8 2 8 2 2 8 2 2 8 10 2 9 10 8 2 2 2 2 9 2 9 10 8 10 10 10 10 2 2 8 10 10 10 8 2 2 2 9 8 2 10 2 9 2 2 9 9 2 2 9 2 9 2 9 10 10 10 9 10 2 2 2
left_child=1 3 16 10 9 -6 -3 8 31 11 -1 20 13 54 15 -14 17 18 -2 -20 44 -21 23 -9 -12 45 -23 48 29 -29 55 52 42 -24 -33 -36 37 40 -39 -40 -10 -30 -26 -17 -4 46 47 -11 -22 -18 -38 -34 -7 -32 -13 57 -57 58 -15 60 61 -59
right_child=2 6 4 -5 5 7 -8 22 36 25 24 12 14 30 -16 43 49 -19 19 21 27 26 33 -25 32 -27 -28 28 41 -31 53 34 51 -35 35 -37 50 38 39 -41 -42 -43 -44 -45 -46 -47 -48 -49 -50 -51 -52 -53 -54 -55 -56 56 -58 59 -60 -61 -62 -63
leaf_value=-0.024031160699029146 0.018531846634109405 -0.011309863663912539 -0.03133377912333362 -0.016846783763407983 -0.027040763675685711 -0.0052296494927175294 -0.032016923553790877 0.022591818970074021 0.0093396835084199117 0.012607933603829195 -0.037115117864448488 -0.025129482217146639 0.012470036199912833 -0.0018021206117235411 0.026977750191915475 0.013371587779161248 0.0029602952304081344 0.025567597204214018 0.010545930923360411 -0.0047459342726336364 0.0024158834321027088 0.0082174471939138148 0.011260525815963415 -0.045604277647129189 -0.019897217922144102 -0.039351324880609474 -0.032635174365689724 -0.040598186890109078 -0.00011517939712748104 0.032006294975383862 0.00436727468194006 0.019996182932921457 0.024658736287553246 0.0003437124027617039 0.007557442011034911 -0.058100966362981968 0.012952909855597933 0.0014740431264249167 -0.032005333908323261 0.0077281291470494302 -0.052252168213450592 -0.023725558998139835 -0.0011096661991286554 -0.014265320406474115 0.027043358699242827 -0.015177759743867271 -0.0082477233473987124 -0.027421512862473491 0.039601491885792456 0.012202514803855102 -0.0071038196032514036 -0.014879923026851908 0.026315182508762431 -0.033950877642633083 0.027829583454369918 0.0088580915886662497 -0.058138551870821148 0.029889370213349066 0.022942357773704111 -0.014685382121807453 0.0050936196937718071 -0.0087368333202192099
leaf_weight=92.23866944272595 92.107557780575007 372.94812259257014 7.3690987750887862 483.58394501426665 70.422842418804066 155.90863135417749 239.77613919954456 8.338565020443637 295.43620542460121 234.16471719622496 25.761519195046276 9.940842967014758 197.03902025241405 247.46813311367441 87.444669901917223 56.491022143774899 610.59583161352202 66.905313852301333 147.21199910971336 259.21808232960757 54.349655063182581 26.173835654975846 325.5040570263518 30.656806132581551 90.463864871213445 34.339175675966544 127.98752095783129 5.1114274361170819 805.02960213285405 59.425884594384115 33.901537118159467 498.8543022768863 80.878303441102616 5377.2362299708766 26.904858016874641 7.5637626058305605 403.46749781316612 136.21539130597375 131.13021819159621 34.902376557263779 6.9433515795972189 66.45195338857593 3613.4951988373068 205.11043227784103 120.5212121711229 371.71975987605401 604.74380015803035 32.398240884300321 44.189389429695439 1402.2526061541867 106.1944025461853 20.116756539093331 37.987696645432152 73.513867513218429 79.039294952875935 23.656639317865483 28.537634503911249 21.678133476729272 81.586254584457492 407.37225013095303 285.28830456733704 804.44789846758067
leaf_count=31307 966 45966 970 49106 4765 6500 39233 420 5229 16071 3089 218 10018 11571 2839 3255 5375 309 815 4108 3995 285 6262 3063 12801 6605 2382 467 26617 892 2049 13309 1724 162565 746 498 4332 1266 4677 1057 452 4790 111846 16651 3636 36079 42915 2915 1876 8960 5058 1031 1007 5669 842 1346 2714 713 4302 22573 6571 35343
internal_value=-0.00041604 -0.0055937 0.00126529 -0.0036252 2.68214e-05 0.00194889 -0.0196067 0.00223574 0.00688788 -0.00286676 -0.001976 -0.00106167 -0.00338896 -0.00563642 0.00515043 0.000742761 0.00702722 0.000125173 -0.00265736 -0.00648489 0.0042136 -0.0127584 0.000738999 -0.0301114 -0.0014143 -0.00821857 -0.0256589 0.00186207 -0.000145595 0.0237502 -0.00686122 0.0134878 -0.0011242 0.000976147 0.0178077 -0.0123857 0.00253955 -0.00272043 -0.0121052 -0.0236711 0.00687478 -0.00204059 -0.00165137 -0.00815847 0.0210437 -0.0072043 -0.00352205 0.00706718 0.0201987 0.00948832 0.00874543 0.0173754 0.00145671 -0.0248325 0.0208908 -0.00578274 -0.0296531 -0.00503029 0.00445137 -0.0070752 -0.0042959 -0.00754954
internal_weight=20487.7 5019.26 15468.4 4406.54 12736 7653.67 612.724 7583.24 1841.51 5082.33 3922.95 3804.96 2642.52 2096.43 546.085 458.64 2732.45 719.604 652.699 560.591 1162.45 413.379 5741.74 38.9954 3830.72 1277.37 154.161 1034.56 936.019 64.5373 2007.45 727.219 3804.95 5702.74 533.323 34.4686 1114.29 604.628 302.248 166.033 302.38 871.482 3703.96 261.601 127.89 1243.03 871.307 266.563 98.539 2012.85 509.662 100.995 193.896 107.415 88.9801 1900.04 52.1943 1847.84 329.054 1518.79 1111.41 826.126
internal_count=815011 296103 518908 210904 495708 221206 85199 216441 44131 274502 161798 169917 126674 93911 32763 29924 23200 8865 8556 7590 43243 6775 172310 3483 130491 104585 2667 38637 32766 1359 92851 22060 127402 168827 14553 1244 22071 12681 7000 5734 5681 31407 124647 19906 4606 97980 61901 18986 5871 14335 9390 2755 7507 7718 1060 85133 4060 81073 15873 65200 42627 36056
cat_boundaries=0 1 2 3 4 5 6 7 8 9 10 11
cat_threshold=867340 86408210 71336576 10293 563201 185427 578597 311360 75938 136753 45185
is_linear=0
shrinkage=0.05


Tree=59
num_leaves=63
num_cat=7
split_feature=1 33 10 14 12 10 31 45 2 23 49 34 2 1 28 35 23 35 21 37 46 45 17 23 37 37 25 35 21 20 3 45 15 31 46 12 48 37 17 21 45 29 21 21 22 49 48 18 47 35 22 1 33 31 25 15 19 37 37 5 11 35
split_gain=96.6873 48.8344 27.6339 26.9098 23.203 24.1917 21.2331 20.9743 22.8572 21.1668 26.1931 25.8274 36.3502 22.6331 20.8049 20.5097 18.5498 21.0595 18.0694 17.9827 17.7544 17.7204 16.823 17.4529 16.3103 16.2916 16.6722 16.2258 17.7719 17.1957 16.1109 15.8509 15.6719 14.6943 14.6213 14.6054 18.0144 14.2405 14.1108 13.9901 13.909 13.291 19.9288 14.1089 22.6396 13.4043 20.3447 13.2879 13.1634 12.894 12.8675 15.4025 22.3721 17.113 16.3925 17.9078 15.6276 14.993 12.5886 12.2531 12.244 18.036
threshold=8.5000000000000018 5.5000000000000009 7.5000000000000009 2.5000000000000004 2.5000000000000004 1.5000000000000002 26.500000000000004 0 3.5000000000000004 54.500000000000007 13.10928535461426 0.022583332844078544 2.5000000000000004 12.500000000000002 2.5000000000000004 0.3514705896377564 24.500000000000004 0.57979625463485729 0.22344924509525302 29.500000000000004 1 2 0.14854215830564502 41.500000000000007 25.500000000000004 48.500000000000007 105.50000000000001 0.80277779698371898 0.96888828277587902 0.015592192299664022 0.50004222989082348 3 0.054669987410306937 11.500000000000002 4 8.5000000000000018 0.83445709943771373 24.500000000000004 0.26975052058696752 0.5858980417251588 5 2.6635220050811772 0.60160982608795177 0.99711209535598766 42.86090278625489 7.0018053054809579 0.55111020803451549 0.15353598445653918 6 0.3647450208663941 36.491649627685554 25.500000000000004 29.500000000000004 16.500000000000004 34.500000000000007 0.26138716936111456 601.00000000000011 44.500000000000007 48.500000000000007 0.24558815360069278 21.500000000000004 0.074175827205181136
decision_type=8 8 8 2 8 8 10 9 8 2 2 10 8 8 2 10 2 10 2 2 9 9 10 2 2 2 2 10 2 2 10 9 10 10 9 10 8 2 10 2 9 2 2 2 2 2 8 10 9 10 2 10 10 10 2 10 2 2 2 8 10 8
left_child=6 2 16 4 37 15 31 9 18 10 59 12 33 -13 -4 21 47 20 24 -5 -18 -6 25 -24 38 26 -12 28 -16 -30 -15 -1 -33 -11 -34 36 49 -3 -9 -8 -19 43 -43 60 48 -44 -47 -2 -45 -14 51 53 56 -20 55 -54 -53 -52 -55 -7 -10 -62
right_child=1 3 14 19 5 7 39 8 41 11 22 13 35 30 27 -17 17 40 50 -21 -22 -23 23 -25 -26 -27 -28 -29 29 -31 -32 32 34 -35 -36 -37 -38 -39 -40 -41 -42 42 45 44 -46 46 -48 -49 -50 -51 57 52 54 58 -56 -57 -58 -59 -60 -61 61 -63
leaf_value=0.017370621595584688 0.0012662326770572626 0.014402001916550692 -0.039864079977591921 -0.004746968342233363 0.011959365986527618 0.016799829658933559 -0.032917565837824243 0.037097093842102767 3.9811197389219792e-05 -0.075494338217775542 -0.019008423379678171 0.023930392683297413 0.028074440392015426 -0.020347431345485806 -0.0017993853968996971 0.018856892585007334 0.01328459610971474 0.00074637437088973186 0.019215834192262918 0.021643132625322581 -0.023835647686651636 -0.023477474567095844 0.0067452335820492246 -0.021130895824106214 -0.038970283801355851 -0.0074052283854360848 -0.057573792037682342 -0.013276468380774798 0.024163140403078709 -0.024616163822503766 0.030157868410776514 0.029503910512963444 -0.010534266300859621 0.00042862691834829984 0.0080809952909106763 0.011674158273107639 -0.0081055416212103878 0.0018337061917923848 -0.028014141560421525 0.00080926746812264331 -0.024289412173337591 -0.058596770165393913 -0.0041006149393135608 0.0052144606174593759 0.014354842712664529 -0.050796742299610689 0.0067666223355983051 0.027671066847223581 -0.022182896378166492 -0.0033320463422574741 0.035342347444617693 -0.065827466682210775 0.01703487640835883 -0.062932311904523933 0.030874919628148392 -0.039259132794403941 0.023741375555841895 0.0014093638911552714 0.019819060937124836 0.00033654190740033135 0.0051636253829416669 -0.0076140610640457271
leaf_weight=714.49454882607097 92.567501130513847 384.62912167236209 51.963720908315736 87.918764338595793 59.424968695733696 115.46776148484787 30.239783822791651 15.832012280821802 5385.7389969688957 19.177884692326192 136.26832848442427 28.145624198252335 59.936466084676795 571.5185178182146 894.99778587010223 265.11088599066716 179.3248699340038 100.89608314819634 183.63059555157088 222.58526963007171 25.029153901734389 54.409686984494328 206.18441328636254 71.490200577274663 28.770267827203497 216.68643259050441 34.083639417891391 1130.3419055967679 16.395257812720956 151.92962730312138 11.98233700217679 73.754482475109398 105.11103424313478 8.5777699199970794 1093.8338876139605 158.1961090665136 651.62161642919818 538.6996176262619 9.2896585997659695 239.49732634634711 121.7729991559172 7.9554055836051694 417.89599426626228 53.371953760113684 65.087001318781404 10.586835020454599 1322.6852312505944 94.293979595880955 226.18913457561575 63.889209284374374 104.67169256298803 17.190623738570142 22.6862985517364 7.0109848151914758 29.886373915709555 24.942100510001183 3.4649607753381124 46.901744656730443 4.3927814899943769 1831.9037811843882 347.32237910886761 1288.4967428478412
leaf_count=3080 1980 3700 32276 2077 567 3899 592 195 174518 695 12220 247 3685 51261 63862 2601 3036 2995 1174 3144 1005 793 11061 8050 751 13208 2196 119515 1732 20609 633 477 918 147 6514 4604 36719 8905 316 2016 5070 510 8044 3984 7344 792 24018 900 28336 5879 627 437 283 147 108 486 7 455 20 75921 8900 34850
internal_value=-0.000145848 -0.00135207 -0.0073474 -0.000238407 -0.000539974 -0.00104071 0.00960613 -0.00138444 -9.64366e-05 -0.00433208 -0.00157691 -0.00891507 -0.00376972 -0.0169065 -0.00991261 0.0113401 0.00204058 -0.00372255 0.0102728 0.014214 0.00777347 -0.00622284 -0.0101072 -0.000678583 -0.0160216 -0.0167767 -0.0281461 -0.00911408 -0.00464791 -0.019305 -0.0190629 0.0113897 0.00778036 -0.0555469 0.00639165 -0.00194279 -0.00477772 0.00711863 0.0123663 -0.00350205 -0.014212 -0.000668502 0.00323045 -0.00160117 -0.0114048 0.00367735 0.00612146 0.0149645 -0.017549 0.0123695 0.0136015 0.00727163 -0.00859294 0.0152722 0.00452338 -0.0133743 -0.0491036 0.0252227 -0.0347312 0.00135324 -0.00111219 -0.00489359
internal_weight=20538.4 18281.4 2859.51 15421.9 15111.4 14188.1 2256.93 13809.1 9624 4185.13 2612.08 1573.05 961.399 611.646 2245.63 378.946 613.885 427.023 498.67 310.504 204.354 113.835 664.713 277.675 53.8919 387.038 170.352 2193.66 1063.32 168.325 583.501 1987.19 1272.7 27.7557 1198.94 933.643 775.447 923.329 25.1217 269.737 222.669 9125.33 1759.12 7366.21 344.648 1751.17 1333.27 186.861 279.561 123.826 444.778 293.205 98.1704 195.034 77.5148 47.6284 20.6556 151.573 11.4038 1947.37 7021.56 1635.82
internal_count=815091 801494 252980 548514 543293 530688 13597 526727 296302 230425 126555 103870 51729 52141 237994 3961 14986 12106 5006 5221 4041 1360 46735 19111 1262 27624 14416 205718 86203 22341 51894 10989 7909 842 7432 50887 46283 12605 511 2608 8065 291296 33364 257932 39664 32854 24810 2880 32320 9564 3744 2662 1321 1341 877 769 444 1082 167 79820 218268 43750
cat_boundaries=0 1 2 3 4 5 6 7
cat_threshold=38986 103590 397384 105224 17169 864 67371136
is_linear=0
shrinkage=0.05


Tree=60
num_leaves=63
num_cat=7
split_feature=14 33 1 26 29 49 29 47 27 45 36 22 45 9 1 49 45 6 49 33 45 48 18 22 49 22 17 45 48 48 19 23 26 45 19 22 18 49 29 27 29 36 18 15 18 19 26 16 27 23 32 23 27 20 6 48 14 28 36 16 31 16
split_gain=108.376 62.9411 38.8992 29.4178 25.822 24.5249 22.7287 28.3637 21.642 24.5458 25.8427 21.91 19.2114 19.1423 18.0845 18.402 18.7691 17.7149 28.98 17.7012 17.0174 16.5756 15.5635 16.0895 15.5491 23.8107 19.8891 17.1121 16.5141 15.5325 15.2365 15.1321 15.0138 14.6005 14.487 15.2124 14.3648 14.3365 18.2328 18.1163 17.7314 13.7987 13.5064 17.6177 14.3715 13.4838 13.2655 13.2138 15.5436 15.2194 24.8617 18.4334 21.0674 19.4502 14.5256 13.2097 12.9763 12.9551 14.2748 12.7973 12.6504 12.5864
threshold=1.0000000180025095e-35 8.5000000000000018 3.5000000000000004 15.500000000000002 0.6900656819343568 22.5329704284668 1.7853302359580996 0 151.50000000000003 1 16.500000000000004 37.542263031005866 2 51.500000000000007 20.500000000000004 10.395590782165529 3 8.5000000000000018 7.4865598678588876 36.500000000000007 4 1.1569804549217226 0.50471699237823497 33.150342941284187 21.901765823364261 35.274013519287116 0.041885966435074813 5 0.31247235834598547 1.0197232961654665 17.500000000000004 29.500000000000004 64.500000000000014 6 114.50000000000001 42.157230377197273 0.37431319057941442 18.947982788085941 1.717357933521271 65.500000000000014 0.51880124211311351 5.5000000000000009 0.15410428494215014 0.15301003307104113 0.04179141856729985 187.50000000000003 75.500000000000014 0.37590579688549047 219.50000000000003 47.500000000000007 3.5000000000000004 23.500000000000004 157.50000000000003 0.033158386126160629 2.5000000000000004 0.82928922772407543 4.5000000000000009 23.500000000000004 3.5000000000000004 0.66352203488349926 6.5000000000000009 0.4743421077728272
decision_type=2 8 8 2 2 2 2 9 2 9 2 2 9 2 10 2 9 8 2 10 9 10 10 2 2 2 10 9 8 10 2 2 2 9 2 2 10 2 2 2 2 2 10 10 10 2 2 10 2 2 10 2 2 2 8 10 2 2 2 10 10 10
left_child=1 3 20 -1 17 47 7 14 9 11 13 19 42 37 15 16 -4 18 -3 32 21 22 23 55 28 26 -26 -27 -6 -21 -23 -17 36 -10 35 -14 -9 38 -11 40 -39 -22 43 44 -8 -35 -46 48 -5 50 51 -49 -53 -54 -51 -2 -12 -18 -59 -36 -34 -33
right_child=2 4 6 5 24 -7 12 8 33 10 56 -13 34 -15 -16 31 57 -19 -20 29 41 30 -24 -25 25 27 -28 -29 -30 -31 -32 61 60 45 59 -37 -38 39 -40 -41 -42 -43 -44 -45 46 -47 -48 49 -50 54 -52 52 53 -55 -56 -57 -58 58 -60 -61 -62 -63
leaf_value=-0.026229708029844662 0.0017287709053064003 0.022700219392639286 0.015987469607448016 -0.019076915255866158 -0.02546176598125199 -0.026156617407171508 -0.048498784652344661 0.0011908556921601593 -0.01684069279686639 0.0019506401177564422 -0.051756318735267648 0.015460563817902846 0.0072803513619433937 -0.025160004409379762 -0.038984173484038147 -0.067496071359795587 -0.039433858863402123 -0.017690332680390008 -0.020056422384799721 -0.0010797837084095066 0.022704012413970149 -0.01393970908343628 -0.032987705765945723 0.009753099968203548 -0.023137566645306241 0.016351429992273091 0.0022352994427997318 -0.0070042257552999938 0.00023151255631890979 -0.039678865399407036 0.024154119968820636 -0.052022439596412 0.0086940862718309156 0.038036429928729514 -0.051450310267331517 -0.049285459057842415 0.012947378084643369 -0.039325458519562102 -0.051406661036270763 -0.052798258725512526 0.0030561358234875015 0.011002574525842941 0.022152383124941999 0.015208636046539662 0.018280412498103457 0.011433828837145634 -0.036121631889678887 -0.012761991499228222 -0.0011802552404650115 0.011457324180190024 0.010549277223857401 0.01574865043598124 -0.040024814632603052 0.0038410777072655946 -0.013206869383043036 -0.053477876554439044 0.012999332673792253 0.016116019165341968 -0.027163478819248396 0.00099599489451454581 -0.042200373591646197 -0.0070385093086430183
leaf_weight=237.36746767385921 21.227534826379269 79.186227385711391 104.68220434046816 357.09172799740918 57.919521415111376 164.84787198330741 17.476913879625499 763.28528310498223 30.59567145910114 1190.2339410895947 34.014321209513582 417.21172159386333 251.15876202879008 79.363967239507474 46.592286734725349 11.171771936817093 28.148205829900689 364.40472724701976 69.947002954548225 63.421037149732001 438.175122270477 30.637886341661215 39.224831252358854 118.17707573552616 269.2382150941994 119.259466917807 106.364900658431 175.61003455874743 10360.032754023297 39.592139829415828 107.2291701012291 13.921289938618427 17.571624014526606 49.608623047126457 18.528524468885735 7.501995963510125 389.82801184884738 27.193619155324996 11.230677451938389 21.297798753948882 103.12600456585642 630.59147905407008 353.72279935446568 141.53419070201926 30.104438496753573 477.65976957208477 11.462919689249246 390.84602953845751 183.50161490181927 63.579307276639156 343.36340321437456 155.07214254129212 35.966553800972179 63.937417055713013 514.34042402368505 16.508065760484897 7.4776138358283779 42.504787901998498 26.822075034026057 22.634980454109609 26.459949910640717 100.5693354413379
leaf_count=84781 182 4126 2201 40259 6398 18211 501 22476 1023 34875 1727 8808 3436 2226 4047 565 1683 102646 7406 2048 1550 186 241 781 14330 2444 6358 6787 263437 1455 450 972 188 312 431 167 5819 1976 372 735 2783 3271 2593 1523 366 5148 167 24649 14582 2116 17106 8927 3286 2697 59272 201 150 1298 1170 272 764 3938
internal_value=-2.03127e-05 -0.00246508 0.00538539 -0.00963605 -0.000910267 -0.00784907 0.0033067 0.00176295 0.00308201 0.00149339 -0.0032282 0.00552994 0.010706 -0.00205194 -0.0111007 -0.00694511 0.00244956 -0.0118159 0.00264626 0.00233863 0.0127289 0.00244719 -0.00680723 0.000599667 -0.000400095 -0.00775163 -0.0160174 0.00286878 7.65228e-05 -0.017065 0.015497 -0.021574 0.00407232 0.0121306 0.000208795 0.00473623 0.00520407 -0.000608912 0.0012409 -0.0148391 -0.00691386 0.0157368 0.0160409 0.00576684 -0.0162863 0.0140074 0.0010105 -0.00635868 -0.0130685 -0.00400984 -0.000232116 -0.00600125 0.00440823 -0.0131061 -0.0104185 -0.0258535 -0.0399432 -0.0125003 -0.0013294 -0.0256269 -0.0230746 -0.0144562
internal_weight=20491.4 14111.9 6379.48 2509.91 11602 2272.55 4977.71 4123.58 3749.17 3191.31 1473.94 1717.37 854.126 1432.45 374.412 327.82 202.157 513.538 149.133 1300.16 1401.77 333.005 195.138 155.913 11088.4 670.473 375.603 294.87 10418 103.013 137.867 125.662 1197.14 557.864 299.824 258.661 1153.11 1353.08 1201.46 151.617 130.32 1068.77 554.301 200.578 59.0443 527.268 41.5674 2107.7 540.593 1567.11 989.186 645.822 254.976 99.904 577.92 37.7356 41.4919 97.4751 69.3269 41.1635 44.0316 114.491
internal_count=814895 689818 125077 275886 413932 191105 118215 108759 92885 86402 44844 41558 9456 42967 15874 11827 6352 114178 11532 32750 6862 2041 1405 1164 299754 29919 20688 9231 269835 3503 636 5475 29247 6483 4306 3603 28295 40741 35247 5494 4759 4821 5150 2557 1034 5460 533 172894 54841 118053 56665 39559 14910 5983 61388 383 1877 4151 2468 703 952 4910
cat_boundaries=0 1 2 3 4 5 6 7
cat_threshold=4259945 435016 74954 263434 272514 69709 165888
is_linear=0
shrinkage=0.05


Tree=61
num_leaves=63
num_cat=10
split_feature=1 24 23 15 48 31 47 13 29 46 45 49 33 12 30 37 1 9 49 12 47 23 31 11 49 29 16 29 47 43 49 33 37 19 49 21 16 48 15 45 48 5 12 20 35 45 15 48 1 31 11 34 15 45 48 31 47 34 49 33 29 27
split_gain=98.8004 51.6331 33.4152 32.9015 31.377 23.8232 24.0601 22.3419 22.6557 24.1017 22.786 23.0423 21.7227 20.5467 18.557 18.3884 22.7468 17.4754 17.2968 23.9848 20.1175 18.773 20.5784 22.3237 18.4819 17.143 16.8606 21.2932 18.2243 16.5331 16.516 20.2316 20.6504 22.0079 16.3776 16.2762 15.973 15.8339 15.57 15.4108 15.2448 15.0637 14.9697 14.7387 15.7545 14.5453 15.3249 16.9916 16.6846 14.7998 14.5149 15.0164 14.3687 15.6409 14.9627 14.1355 15.4913 17.9593 13.8632 24.9928 20.7845 13.8597
threshold=52.500000000000007 1.0000000180025095e-35 3.5000000000000004 0.047247024253010757 0.6311357617378236 2.5000000000000004 0 3.5000000000000004 3.6513297557830815 1 2 8.0856018066406268 19.500000000000004 1.5000000000000002 10.500000000000002 23.500000000000004 8.5000000000000018 52.500000000000007 13.167148590087892 7.5000000000000009 3 20.500000000000004 14.500000000000002 10.500000000000002 15.222648620605471 0.94494947791099559 0.84668803215026867 0.63702240586280834 4 5 9.0018053054809588 17.500000000000004 35.500000000000007 69.500000000000014 8.5304069519042987 0.1353641748428345 0.57002803683280956 3.4805098772048955 0.091466818004846587 6 0.65107852220535289 0.2126225680112839 3.5000000000000004 0.03223997354507447 0.19098278135061267 7 0.057307060807943351 1.3497951030731203 16.500000000000004 28.500000000000004 20.500000000000004 0.031057910062372688 0.40238095819950109 8 1.6253178715705874 31.500000000000004 9 0.022876513190567497 6.8435916900634775 51.500000000000007 1.0039370059967043 98.500000000000014
decision_type=8 2 2 10 8 10 9 2 2 9 9 2 10 8 2 2 10 2 2 8 9 2 8 10 2 2 8 2 9 9 2 10 2 2 2 2 10 10 10 9 10 10 8 2 8 9 10 10 10 10 10 10 10 9 10 10 9 10 2 10 2 2
left_child=5 2 -2 -3 12 -1 -7 8 9 10 -6 17 14 -10 -4 16 39 26 20 -20 -13 -22 25 42 50 40 27 -12 38 36 31 32 -15 -34 -25 -11 -16 55 -29 61 -23 -14 -24 44 -37 46 -17 48 -48 -47 -21 -52 53 -18 -54 56 -30 -58 59 -28 -60 -8
right_child=1 3 4 -5 7 6 15 -9 13 35 11 18 41 30 29 45 52 -19 19 24 21 22 23 34 -26 -27 58 28 37 -31 -32 -33 33 -35 -36 43 -38 -39 -40 -41 -42 -43 -44 -45 -46 49 47 -49 -50 -51 51 -53 54 -55 -56 -57 57 -59 60 -61 -62 -63
leaf_value=0.020355508968258242 0.03007282282006531 -0.026408628690113917 -0.021388165374865223 -0.006950244944493116 -0.0084593670959584154 0.019915865333658037 -0.020066215599859501 0.01963546804835228 0.026002284412464972 0.014961988019573505 0.023198042354283261 0.019416640310697689 -0.0057189681526044886 0.0091301444647301101 -0.015422583596329654 0.019412043556766571 0.007805924610050064 0.019433027423775631 0.0094029241699216341 0.0094825216555277942 -0.012749397647762867 0.03377562203664438 -0.00043280471936298065 -0.033918418312205968 -0.0035048723206228248 0.004089639176638433 0.0041651484205487872 0.038741288182221882 -0.0032408102047110179 -0.026277869861007521 0.009696555366802171 -0.024222452434162694 0.021416024465067334 -0.056572381595115774 0.0015128420175610424 0.00050699469839574334 0.01170145099210566 -0.050627398591332855 -0.024643804744109234 0.014666652573309813 -0.018259054446882941 0.014175688649185511 -0.01999829816361428 -0.0048825251812139748 -0.021963020365452793 0.008993796333184978 0.0057465757553640216 -0.02471283858708502 -0.028375447373376828 -0.0039491326649379157 -0.012255734548546879 0.024290743464023372 -0.067351034093609458 -0.023330943412723643 0.018746841478650755 0.021675600560778 -0.065758849585392354 -0.0078464454577277278 -0.023361396762067631 -0.044591712456781257 0.016011480088185821 0.014925004195527595
leaf_weight=312.85392195440363 81.82699677918572 281.4849522481818 404.04457835061476 924.78569612480351 759.44923191532143 274.75619944522623 83.177264680387452 133.17712223622948 117.67678812751547 82.770243781676982 77.413922386302147 73.253283127211034 397.98838663299102 203.51707008108497 79.565962521184701 61.332940678810701 59.900793466251343 160.03879879531451 675.36663454456721 577.84085929428693 601.90212421392789 10.967300701246129 130.00887219817378 29.80701480479911 2071.1513383892598 1021.9594341131742 1750.5473795728176 42.337589731323533 1173.5762535700924 52.023234918218805 499.91995930107078 89.720513331354596 10.496991095598789 21.387621782370843 513.40183861530386 107.30004217335954 146.75737852026941 13.187467103474772 8.514835339621639 144.83400516561233 142.37194914219435 119.5784995763097 391.90815123729408 1538.3568897327059 278.59940072515747 2209.3307256769622 210.04533660120796 90.963560711359605 37.986116876709275 242.5230483916821 162.77552771510091 28.969818079203833 19.144741015974436 88.753199181170203 4.0386874717660239 48.219185519847088 19.235971735208295 33.463252133689821 31.922857017605565 21.708634816342965 435.34771407884546 37.37607632833533
leaf_count=1907 3252 109797 37800 113195 51736 2779 889 1116 680 3865 4173 2633 24795 3902 8486 1038 1473 1797 8431 15353 16850 326 1112 854 75093 29138 29690 870 48463 7846 10533 2097 161 1028 8815 8035 10922 694 446 723 8941 3399 7366 54243 25150 28034 1780 1296 2463 4336 5849 826 801 3443 64 2884 1218 1379 1466 784 5809 216
internal_value=3.89319e-05 -0.00164201 -0.000858517 -0.0115812 -0.00103383 0.00721926 0.00603929 -0.000371414 -0.00056929 -0.00111244 -0.000189484 0.00043489 -0.00877796 0.00689483 -0.0146036 0.0047768 -0.00471572 0.00351115 -0.00139069 0.000970301 -0.00423477 -0.00492823 -0.00282527 -0.00784231 -0.0010475 0.00173543 0.00278848 -0.00147929 -0.00298753 -0.00455157 0.0040293 -0.00469977 0.0030901 -0.0314746 -0.00072297 -0.00612951 0.00195404 -0.00423335 0.0227913 0.00446511 -0.0135883 -0.00103086 -0.0151749 -0.00710494 -0.0157886 0.00625438 -0.0025711 -0.00684751 6.33282e-05 0.00767688 0.00554585 -0.00625712 -0.01862 -0.0119489 -0.0516873 -0.00359042 -0.00466791 -0.0279993 0.00548409 0.00344415 0.0131028 -0.00838726
internal_weight=20454.6 16577.6 15371.4 1206.27 15289.5 3877.02 3564.16 14089.6 13956.4 13013.7 11006.6 10247.2 1199.96 942.719 682.391 3289.41 437.225 3815.51 6431.68 3516.1 2915.58 2842.33 2240.42 1065.13 2840.74 1175.3 3655.48 1415.95 1338.53 278.347 825.042 325.122 235.402 31.8846 543.209 2007.03 226.323 1287.68 50.8524 265.387 153.339 517.567 521.917 1924.26 385.899 2852.18 400.328 338.995 248.031 2451.85 769.586 191.745 171.837 148.654 23.1834 1274.49 1226.28 52.6992 2239.53 1772.26 467.271 120.553
internal_count=814540 763298 540306 222992 537054 51242 49335 443806 442690 424289 332996 281260 93248 18401 65054 46556 7609 99673 181587 105552 76035 73402 56552 18147 97121 38405 97876 60127 55954 27254 17721 7188 5091 1189 9669 91293 19408 54638 1316 1828 9267 28194 8478 87428 33185 38947 6577 5539 4243 32370 22028 6675 5781 4916 865 53944 51060 2597 37749 30474 7275 1105
cat_boundaries=0 1 2 3 4 5 6 7 8 9 10
cat_threshold=269630258 726211 561164 280192 540673 9345 296035 23173 535589 37848224
is_linear=0
shrinkage=0.05


Tree=62
num_leaves=63
num_cat=14
split_feature=1 33 6 18 9 10 18 48 23 34 47 45 20 49 48 34 20 26 35 1 46 46 21 21 19 28 35 31 48 12 11 23 32 26 48 46 1 45 27 1 20 45 31 23 47 35 21 29 45 43 46 21 46 46 23 21 34 35 21 0 49 46
split_gain=107.294 40.7109 26.8207 21.0303 27.4742 19.0355 22.3487 18.115 17.0964 16.6331 16.1921 15.9712 31.2966 22.2252 21.9699 25.2347 20.2813 17.8167 18.0612 21.7793 20.2308 18.7342 16.4153 16.5762 15.7394 23.4393 19.0583 22.3047 18.7054 16.3659 16.1687 15.718 18.7084 15.6893 15.6203 15.5624 22.6416 19.2555 15.406 15.3878 15.329 23.6318 16.4148 15.4393 15.2622 15.2482 17.6974 16.1679 21.4034 15.2289 15.431 15.2174 16.3964 15.3419 14.5507 20.6748 14.2558 14.1836 23.0631 14.1682 14.094 16.6793
threshold=8.5000000000000018 5.5000000000000009 1.5000000000000002 0.125657893717289 1.5000000000000002 4.5000000000000009 0.11822947114706041 0.4869594424962998 14.500000000000002 0.017780872061848644 0 1 0.013197139836847784 18.947982788085941 1.1380733251571657 0.022010896354913715 0.033243818208575256 7.5000000000000009 0.94028520584106456 32.500000000000007 2 3 0.99069747328758251 0.55832526087760936 301.50000000000006 207.50000000000003 0.20344828069210055 9.5000000000000018 1.0261297821998598 2.5000000000000004 8.5000000000000018 46.500000000000007 1.5000000000000002 185.00000000000003 2.7507905960083012 4 3.5000000000000004 5 234.00000000000003 11.500000000000002 0.032778425142169006 6 11.500000000000002 39.500000000000007 7 0.65549451112747203 0.96495613455772411 1.6352549791336062 8 9 10 0.83004280924797069 11 12 13.500000000000002 0.5858980417251588 0.014926553703844549 0.5847701132297517 0.96233510971069347 1.5000000000000002 16.266088485717777 13
decision_type=8 8 8 10 2 8 8 10 2 10 9 9 2 2 8 10 2 2 10 8 9 9 2 2 2 2 8 8 10 8 10 2 10 2 10 9 10 9 2 8 2 9 10 2 9 10 2 2 9 9 9 2 9 9 2 2 10 10 2 2 2 9
left_child=35 2 -2 57 10 40 7 9 -6 -7 -5 12 44 14 16 34 17 -13 21 -20 22 -19 23 -21 25 29 -27 28 -28 -14 -29 59 -33 -15 -16 -1 -37 -38 -25 -18 41 -3 -42 -44 -8 46 49 48 -48 50 -9 52 -47 -53 -23 -56 -52 58 -4 -17 61 -34
right_child=1 5 3 4 8 6 11 45 -10 -11 -12 13 24 33 15 31 39 18 19 20 -22 54 -24 38 -26 26 27 30 -30 -31 -32 32 60 -35 -36 36 37 -39 -40 -41 42 -43 43 -45 -46 51 47 -49 -50 -51 56 53 -54 -55 55 -57 -58 -59 -60 -61 -62 -63
leaf_value=0.012648186837681159 0.015765646073363834 -0.020667624116984348 -0.0011397756434503655 0.006114543515365496 0.029068007045391399 0.017230078714256455 0.028379439861658303 -0.0015504582495084053 0.0021331303692729698 -0.023349931194231136 -0.010114709574449342 -0.026442158081609282 0.019842305356006514 -0.010457073753435069 1.6391327318356765e-05 0.021461202308974577 0.021000319664776466 0.018482746139597113 0.018729493851410976 -0.01813442863694088 -0.020108511832433097 0.022056389119731356 -0.026526620777208278 0.017288275230148833 0.0041539741844696327 0.0091758629317087569 -0.0085920239836682327 -5.9828956681488122e-05 -0.06701954496612629 -0.00024029297926023217 -0.028164020565889167 0.016953950506454579 0.012781790248892278 -0.04687211074673954 -0.02749081369533295 0.010546986269320361 0.0079982958890353409 -0.018804214810963005 -0.014935216797460606 -0.037365849621816195 0.019140428937112673 0.005507663063647735 0.0091788519718961036 -0.041940174235802923 -0.01916347864552314 -0.023679601990809207 0.018240223817801327 -0.0014505142582781113 -0.036093561002356132 -0.012430534024269253 -0.0057282065744299442 -0.026291753156992198 -0.0071249054266322711 -0.00022733976010701616 -0.0026726919959335488 -0.024823470792862089 0.013643943631586547 -0.018147687833806363 -0.032984914549067421 -0.045430680958322638 0.028483068013234154 -0.035570895116071026
leaf_weight=1601.7437445706455 118.88468331238255 87.065992175485007 355.91156723242602 171.25595031736884 69.024347973754629 25.312743460250203 129.65719328906562 599.09791450515331 293.25201433571056 190.70369702932658 1098.3051755446068 82.513735088054091 99.512230616644956 351.26838051392406 2039.6547176845488 267.51323865844461 9.8930445867590588 40.860491966246627 153.58610572246835 49.502640957711264 108.69844781514257 23.323032866814174 35.742399724666029 224.08790992753347 2621.5954210233176 71.01966993813403 23.632830994669348 128.73964017792605 34.114704150008038 3456.0603493903764 79.967509092530236 77.475261308689369 20.111511758179404 28.093044978682883 47.950120850175153 417.0308142619906 104.4592839324614 149.30565874325112 40.262942595640197 73.237172394787194 295.77426325972192 544.14627110213041 36.801628729095683 18.254714705166407 11.742720799244124 200.06481468283164 16.357421834443812 138.14082624798175 77.532241145978332 142.39820034534205 114.99984642372874 45.803329335714807 632.82309361410444 806.45465928017802 185.54453286316129 242.83238913284731 481.59969164413633 646.7082484472121 62.754736798116937 3.6083825458772472 10.584565089666283 49.505483372049639
leaf_count=8721 2388 3001 25004 12626 681 2331 6226 20804 8274 26549 117548 13674 590 24660 56798 8974 40 1627 1576 4589 10277 1030 3132 10283 35616 1277 561 2012 1340 89800 2637 3235 871 1956 3545 2345 710 1894 2662 4056 2942 8962 341 471 1510 15720 2300 8613 12673 10179 5415 6145 27859 50169 10577 17083 17300 74760 11103 98 413 4292
internal_value=-0.000232072 -0.00151925 -0.00703771 -0.00807012 -0.00448055 -0.000499917 -0.000963361 -0.00445115 0.00759088 -0.0183126 -0.00794147 0.00015694 0.00167512 -0.00226643 -0.00110746 0.00159899 -0.00645496 -0.00471493 -0.00297982 0.00275294 -0.00274556 -0.0100574 0.00333353 0.00720127 0.00116294 -0.000853979 -0.0133468 -0.0194084 -0.0456984 0.000348847 -0.0112351 0.0125723 -2.18352e-05 -0.0137284 -0.000679597 0.00999581 0.00337854 -0.00824752 0.0121942 -0.0296225 0.006216 0.00152485 0.0145163 -0.00985101 0.024541 -0.00350465 4.29162e-05 -0.0125532 -0.0279893 0.00226572 0.00412954 -0.00680042 -0.0115867 -0.00208266 -0.0129347 -0.0153707 0.00973146 -0.0135217 -0.00624605 0.0197644 -0.0164531 -0.0247361
internal_weight=20363.9 18091.3 2816.1 2697.21 1631.84 15275.2 14293.2 3471.29 362.276 216.016 1269.56 10821.9 6656.04 4165.85 3786.49 2516.4 1270.08 1186.95 1104.44 611.88 458.294 492.56 349.596 313.853 6514.64 3893.05 337.474 266.455 57.7475 3555.57 208.707 428.798 157.677 379.361 2087.6 2272.54 670.796 253.765 264.351 83.1302 982.043 631.212 350.831 55.0563 141.4 3255.27 1570.13 232.03 93.8897 1338.1 1195.7 1685.15 832.888 852.258 451.7 428.377 596.6 1065.37 418.666 271.122 80.2016 69.617
internal_count=814845 801175 252384 249996 139129 548791 533074 206057 8955 28880 130174 327017 141569 185448 158832 78226 80606 76510 62836 32519 30943 30317 20666 17534 133833 98217 7827 6550 1901 90390 4649 17883 8811 26616 60343 13670 4949 2604 12945 4096 15717 11963 3754 812 7736 177177 77284 23586 14973 53698 43519 99893 43579 56314 28690 27660 22715 110867 36107 9072 5576 5163
cat_boundaries=0 1 2 3 4 5 6 7 8 9 10 11 12 13 14
cat_threshold=268805648 992641 181523 13648 142694 112904 237697 33561728 1033 37057 663651 6612 49424 206928
is_linear=0
shrinkage=0.05


Tree=63
num_leaves=63
num_cat=14
split_feature=1 48 5 24 16 37 45 10 21 29 7 46 45 26 45 34 15 49 11 47 45 46 33 26 29 47 46 34 20 49 14 22 21 49 26 27 48 22 48 22 34 46 46 45 19 48 45 19 1 26 28 48 45 34 17 37 10 22 37 36 29 26
split_gain=84.323 39.473 28.604 28.25 23.7964 27.978 20.9948 22.4015 18.8435 18.749 18.3641 17.9967 18.6692 18.4909 17.9685 21.453 17.3076 19.8289 19.4599 17.0222 15.8007 15.5609 14.9047 14.8507 13.9753 19.534 21.3843 16.298 13.9895 18.5361 14.1247 13.9565 13.7615 18.5003 13.5174 15.9408 16.6325 14.981 14.5827 14.6203 13.2711 23.019 18.325 13.1867 13.1807 12.8795 14.7673 12.7992 14.8352 13.2191 12.7065 15.6423 12.4461 12.3395 12.6242 13.1292 12.3285 12.1933 12.7511 18.1427 13.0511 12.1579
threshold=52.500000000000007 0.6311357617378236 0.19294038414955142 12.500000000000002 0.074227120727300658 32.500000000000007 0 3.5000000000000004 0.55653467774391185 3.8117517232894902 0.82749953866004955 1 2 11.500000000000002 3 0.020771993324160579 0.42163743078708654 5.3558607101440439 21.500000000000004 4 5 6 3.5000000000000004 77.500000000000014 0.63702240586280834 7 8 0.016765633597970012 0.04838919825851918 5.6203536987304696 1.5000000000000002 32.651483535766609 0.9783390760421754 1.200319290161133 30.500000000000004 152.50000000000003 1.3219715356826784 34.004098892211921 1.20250540971756 30.010115623474125 0.025991726666688923 9 10 11 27.500000000000004 0.87771689891815197 12 157.50000000000003 3.5000000000000004 78.500000000000014 128.50000000000003 0.82393270730972301 13 0.02686763554811478 0.36108361184597021 24.500000000000004 8.5000000000000018 46.010869979858406 24.500000000000004 9.5000000000000018 0.53555715084075939 27.500000000000004
decision_type=8 8 10 2 8 2 9 8 2 2 8 9 9 2 9 10 8 2 10 9 9 9 8 2 2 9 9 10 2 2 2 2 2 2 2 2 10 2 10 2 10 9 9 9 2 8 9 2 10 2 2 10 9 10 10 2 8 2 2 2 2 2
left_child=11 2 21 4 5 23 16 -8 -7 10 -9 14 13 19 -1 -16 18 31 40 -13 -4 -2 -12 -3 25 -14 -27 44 30 -30 32 -18 33 -28 -15 36 38 53 -36 -40 42 -42 -6 56 -26 46 50 49 -49 -38 -24 -52 -25 54 55 -37 -19 58 59 60 -21 -58
right_child=1 3 20 -5 6 8 7 9 -10 -11 22 12 24 34 15 -17 17 43 -20 57 -22 -23 45 52 27 26 28 -29 29 -31 -32 -33 -34 -35 35 37 47 -39 39 -41 41 -43 -44 -45 -46 -47 -48 48 -50 -51 51 -53 -54 -55 -56 -57 61 -59 -60 -61 -62 -63
leaf_value=0.0076314155879024549 -0.032322671564221334 -0.024137535028014433 -0.017340475670516428 -0.040535634122589002 -0.015086559789516131 0.014217138318633853 0.0094877365953235961 -0.012909703040005611 -0.020703703199207911 -0.044791623731927369 -0.0057031502383175234 0.016569886425911732 0.028622413041498873 0.013239185518018091 0.0064358739614522389 -0.021230225005996747 -0.0015556511514091527 0.010566277687953408 -0.026353823622865792 -0.015763852619058841 0.0064915786801259786 -0.011371786822757033 -0.025040028343814011 -0.011198655915092892 -0.016295496467681633 0.022052788316074101 0.015665735322209353 0.01225927936931092 -0.038227961747190446 0.023738834899053332 0.0031694176156540684 0.016776263887771595 -0.0042033680500168299 -0.049743840195579619 -0.0059034962227736496 -0.042801923067831454 0.026227813916740225 0.02793984760442414 0.015106695554407197 -0.066616574368657713 0.012766972091531527 -0.020293106871479932 0.001465924571936332 -0.015564531445910202 0.036383606165125752 0.00072561620335080386 0.0099235396367206158 0.018985531303988751 -0.061306013716310018 -0.027182691109630116 -0.014442075285576115 0.029357291970022643 0.0030595625614654549 0.020220602354315154 -0.031774275370550283 0.017064728485065888 -0.020847793432787767 -0.051457933383124911 -0.0025142920002346413 0.011719028143168884 -0.073858646051759486 -0.0015417016145395082
leaf_weight=252.85769476031419 95.977788854244864 65.087499445377034 72.280259916966315 39.649877465992176 209.47987687854038 39.278355257643852 706.01446452864911 247.37376937925001 394.48477129136154 17.992244753055274 816.76557943067746 69.310035637929104 44.558081316296011 545.56122884014621 111.65514316351619 174.99790295981802 180.5056334148976 172.83315128006507 127.24040133215021 24.708386580925435 330.60320219918503 934.22364329321135 57.263951045810245 183.00404282496311 10.391031368635593 53.891862632823177 10.505523676518349 1205.8815996783087 10.786361841252072 48.68190291360952 57.539922842290252 236.92645949748112 44.80209987971466 60.437711409991607 287.72588330693543 6.3738976800814262 85.313377473969012 92.834058420266956 5.3937841779552427 14.574974889634175 56.75340829329798 266.89824241165479 651.08127355773468 182.18569568172097 110.52040583267808 8296.215264651546 715.54622597197886 7.6986115390900505 6.8690330872777849 9.1699537720996869 40.84424508002121 31.941000029677525 659.25802224641666 51.583850642316975 32.443326249485835 43.323842412792146 89.655198963722796 10.913028697948901 327.37905778037384 18.786799393361434 15.88780174218118 596.33677748090122
leaf_count=3184 20050 9753 5441 41891 20256 3086 8913 31066 30555 3416 59821 1349 566 6832 2048 4215 7179 3131 12903 1480 15673 117470 3653 9630 140 865 186 8682 255 506 1130 6095 958 2226 3386 143 460 504 25 260 4377 26503 47270 9105 500 179362 28281 26 169 77 1271 482 25877 432 400 293 12806 421 8551 339 686 18296
internal_value=-2.32091e-05 -0.00157769 -0.00949279 -0.00082263 -0.000704505 -0.00704806 -8.1174e-05 0.000905234 -0.0174156 0.000309106 0.000410509 0.00663197 0.00799525 0.00415759 -0.00185115 -0.0101793 -0.00395714 -0.000218978 -0.00812772 -0.00421591 0.0017898 -0.0138924 0.000747699 -0.00202355 0.0117563 0.00259212 -0.00276224 0.0141139 -0.00949522 0.0104061 -0.0169579 0.00892461 -0.0266806 -0.0396641 0.0074854 0.00254138 -0.00326765 0.0130667 -0.00919462 -0.0459375 -0.0060668 -0.0146189 -0.00278456 -0.00391057 0.0313891 0.00132685 0.00718663 0.0131256 -0.0248652 0.0199385 -0.00783658 0.00543036 -0.000182287 0.00210657 -0.0097764 0.00617591 -0.00116888 -0.00820707 -0.00655501 -0.0269063 -0.044106 -0.00419749
internal_weight=20367.1 16513.7 1433.08 15080.6 15041 1341.11 13699.9 10930 433.763 10223.9 10206 3853.36 3313.85 1655.85 539.511 286.653 2769.9 1458.44 1311.45 466.985 402.883 1030.2 9958.58 907.35 1658 331.203 286.645 1326.79 232.754 59.4683 173.285 417.432 115.745 70.9432 1188.87 643.305 416.746 226.559 307.695 19.9688 1184.21 323.652 860.561 1041.01 120.911 9141.81 845.595 109.051 14.5676 94.4833 130.049 72.7852 842.262 133.725 82.1411 49.6977 858.825 397.675 386.762 59.383 40.5962 685.992
internal_count=814906 763612 158634 604978 563087 78901 484186 316265 33641 307352 303936 51294 41847 25833 9447 6263 167921 56612 111309 12826 21114 137520 272870 45260 16014 6692 6126 9322 5261 761 4500 13274 3370 2412 13007 6175 4403 1772 3671 285 98406 30880 67526 43338 640 213049 33687 732 195 537 5406 1753 35507 1268 836 436 34233 11477 11056 2505 2166 31102
cat_boundaries=0 1 2 3 4 5 6 7 8 9 10 11 12 13 14
cat_threshold=702505 12305 1081455 29070 19082208 66753 3108 2397744 35648 73984 236288 659496 66308 104450
is_linear=0
shrinkage=0.05


Tree=64
num_leaves=63
num_cat=14
split_feature=1 33 27 4 45 11 23 21 46 19 46 36 46 31 10 3 3 45 17 33 5 29 47 37 36 1 22 21 26 46 34 20 22 46 49 20 48 23 45 14 29 21 46 46 31 49 45 22 31 47 34 25 19 25 24 49 35 12 45 37 19 15
split_gain=72.8045 32.4221 24.7791 21.3765 22.7347 18.1832 17.5233 16.2963 16.9823 15.8078 15.7864 15.7182 15.0858 14.513 13.8191 18.1917 16.602 16.3352 18.7377 15.607 18.5231 16.7328 15.9766 20.3406 19.712 15.7408 15.4777 15.7716 15.4023 14.9778 14.8481 22.3614 23.9632 16.9237 13.5529 13.5369 13.0681 13.0421 12.8411 16.5156 13.8693 12.8104 16.6024 14.1734 13.4518 14.8129 12.7094 12.5052 18.61 15.0677 14.043 12.9781 13.5636 12.6588 12.4903 12.3698 12.2281 12.2212 11.6665 11.5666 11.5084 15.2178
threshold=10.500000000000002 1.5000000000000002 1.5000000000000002 3.5000000000000004 0 35.500000000000007 2.5000000000000004 0.20473174005746844 1 103.50000000000001 2 1.5000000000000002 3 6.5000000000000009 4.5000000000000009 0.37796592712402349 0.13334980607032779 4 0.41223156452178961 9.5000000000000018 0.25537657737731939 1.542070806026459 5 26.500000000000004 6.5000000000000009 40.500000000000007 30.232095718383793 0.64448785781860363 6.5000000000000009 6 0.019121041521430019 0.024658476002514366 38.253204345703132 7 3.5569219589233403 0.049570044502615936 0.4095235019922257 18.500000000000004 8 1.0000000180025095e-35 1.0682170987129214 0.49935065209865576 9 10 3.5000000000000004 4.4688711166381845 11 33.858572006225593 19.500000000000004 12 0.020045197568833831 13.500000000000002 15.500000000000002 20.500000000000004 8.5000000000000018 13.675438880920412 0.63397434353828441 2.5000000000000004 13 52.500000000000007 80.500000000000014 0.50167784094810497
decision_type=8 8 2 8 9 10 2 2 9 2 9 2 9 8 8 10 10 9 10 8 10 2 9 2 2 8 2 2 2 9 10 2 2 9 2 2 10 2 9 2 2 2 9 9 10 2 9 2 10 9 10 2 2 2 2 2 10 8 9 2 2 10
left_child=7 38 -3 12 -5 6 -6 8 -1 37 13 -9 -4 -8 15 16 17 41 26 20 21 -16 -23 24 58 30 -19 29 -27 -28 31 33 -33 -21 -31 -29 -36 -10 39 40 -2 42 -12 -43 -45 -46 -15 48 49 -32 -49 52 -51 -53 -52 -18 -26 -13 -24 -57 -20 -62
right_child=1 2 3 4 5 -7 10 11 9 -11 14 57 -14 46 19 -17 55 18 60 25 -22 22 23 -25 56 28 27 35 -30 34 47 32 -34 -35 36 -37 -38 -39 -40 -41 -42 43 -44 44 45 -47 -48 50 -50 51 54 53 -54 -55 -56 59 -58 -59 -60 -61 61 -63
leaf_value=0.013367967073837764 -0.029205082462649946 -0.026999027215022606 -0.011904416798129475 -0.011276832545400087 0.025639743403854845 -0.020016533018204549 -0.044902871728415429 0.030546947665432631 -0.0033954003429097382 0.01247393243166158 0.013850151335963177 0.037273738808246103 0.019285205250472989 0.015824942776751224 -0.011057756734961585 -0.037214779439421933 0.024712437982850919 -0.050170456722222284 0.020149288439528977 -0.016975388545870447 0.0073703917675642791 0.012599424350355791 0.013118598027192863 -0.010479648460105588 0.008781636440906208 -0.015504071031608902 0.014253544973311544 0.0043466737752616584 7.120738055470736e-05 0.0024668176001195414 0.01891004130345289 -0.060249776559146567 0.025427140985541365 0.025548824214011653 0.0028499125753846158 -0.050984829868400805 -0.060848114986504935 -0.051281145401628564 -0.013652370475154975 0.0083920055935048851 -0.0046691246672156198 0.022816884990271239 -0.022412222500246382 0.018244185721011778 0.015590089101034644 -0.057383596914376445 -0.023074824180997627 -0.042650545186806388 -0.045607752950530121 0.016358504852696798 0.012065825835319842 0.023181970724587782 -0.032973168142704339 -0.010717356145136888 -0.03239049022294619 -0.034123583416332613 -0.043594380172913449 0.0080834851927653849 -0.010058834927777602 0.014785624498443027 0.01078897895458808 -0.025621250539894121
leaf_weight=47.880289907101542 66.283850190127851 81.759276958175178 39.473770132433856 454.12600609473884 61.535717102582566 108.88530200027162 34.050904186529806 80.933640543487854 22.316804904956371 20.725333435460925 54.758398719364777 31.932144221616909 203.18970763569814 28.378374454739969 878.08420736857806 19.417905946727842 169.39240181259811 18.363484924659133 102.05881966021843 18.995021803770214 295.66960603749612 151.22679633501684 266.3388206140371 535.51959362174966 14.981985569116658 155.97281719944294 16.369832483585924 173.89048139867373 11380.198598590126 15.806972355116157 54.324335305020213 13.738205633591862 10.6318745999597 204.80322912684642 9.3167938296683115 6.7834829760249695 39.15410467539914 38.188629470998421 630.80214341912506 197.17595346167218 315.01877689364483 197.7177787781693 43.203307360643521 19.608179941773415 8.1184142048005032 14.349879445740951 26.621237840561662 8.1521159517578763 21.34163491264917 14.223102985881267 350.83106713567395 40.78207881283015 63.312388335820287 64.330505483783782 11.818164355587212 15.277087074238805 26.588553024223074 2086.2742479888839 57.731335056014359 25.267736272420734 73.846527795540169 40.179115768522024
leaf_count=550 15574 62521 2150 58733 1345 7473 4241 356 242 142 878 108 5171 2053 85885 416 1232 622 1550 460 17074 6397 9477 36384 874 26332 266 2962 313156 264 527 377 101 2095 261 209 1492 805 72927 5983 25885 2169 1101 241 125 548 3193 269 771 289 4603 297 1671 612 524 292 2840 13031 4676 211 1051 771
internal_value=0.000160256 -0.000919526 -0.000347183 -0.000208317 -0.00042815 -0.000108934 3.39988e-05 0.00846902 -0.00854543 -0.0206443 -7.38646e-05 0.00948506 0.0143717 -0.0194852 5.47566e-05 0.00554595 0.00651537 0.00329848 -0.0025305 -0.000345641 -0.00419579 -0.00598172 -0.00171415 -0.00426441 0.00474198 0.000346228 -0.0110395 -0.00739945 -0.000146001 -0.0250729 0.00678313 0.0170129 -0.0249063 0.0220222 -0.0327275 0.000952205 -0.0494828 -0.0352263 -0.00880861 -0.00316675 -0.00925714 0.0115047 -0.0032857 0.0179607 -0.00800491 -0.032978 -0.00456574 0.00264543 -0.00573533 -0.00127622 0.00848241 -0.00819505 -0.023481 0.00289049 0.0101963 0.0189137 -0.0258019 0.00861027 0.00899255 -0.00536613 0.00836914 -0.0025782
internal_weight=20278 17949.8 16740.5 16658.7 16416.1 15961.9 15853.1 2328.25 129.111 81.2308 15791.5 2199.14 242.663 89.0505 15702.5 1062.88 1043.46 833.526 495.77 14639.6 2226.14 1930.47 1052.39 901.16 365.641 12413.5 279.685 261.322 11536.2 80.6477 877.284 248.168 24.3701 223.798 64.2779 180.674 48.4709 60.5054 1209.28 578.479 381.303 337.756 97.9617 239.794 42.0765 22.4683 54.9996 629.115 258.314 236.972 370.801 182.648 77.5355 105.113 362.649 209.937 41.5705 2118.21 324.07 40.5448 216.084 114.026
internal_count=814835 799601 679232 616711 609390 550657 543184 15234 1739 1189 541839 13495 7321 9487 532352 16661 16245 14510 9448 515691 163607 146533 60648 54251 17867 352084 6076 5454 339488 2283 12596 3033 478 2555 2017 3171 1753 1047 120369 47442 41459 5062 1979 3083 914 673 5246 9563 4167 3396 5396 2869 1960 909 5127 1735 3714 13139 14153 503 3372 1822
cat_boundaries=0 1 2 3 4 5 6 7 8 9 10 11 12 13 14
cat_threshold=34816 69728 671744 168228 1053638 272916497 112 5216 1966272 98420 69763 354 341836672 598179
is_linear=0
shrinkage=0.05


Tree=65
num_leaves=63
num_cat=12
split_feature=1 25 17 45 22 33 46 22 14 33 22 49 7 1 43 32 34 34 45 46 7 46 48 45 34 11 35 29 46 47 33 6 35 27 48 17 47 46 6 34 33 15 5 6 12 11 16 34 48 16 22 22 33 19 6 45 35 22 31 34 48 48
split_gain=79.0383 37.5398 29.1764 23.1668 28.8844 24.1705 21.5246 19.072 18.788 22.7805 20.9513 18.6618 18.3954 16.5174 20.3319 19.2963 20.2482 17.6278 18.1687 16.9693 15.8074 16.8683 15.6365 15.6237 15.601 15.438 15.1082 20.9145 19.6492 19.317 20.9376 16.9349 15.0837 14.8167 14.1703 14.1 13.9816 15.8195 13.8059 13.7879 13.7362 13.6622 18.0593 13.4177 14.6404 17.0199 14.7096 16.6251 15.8133 13.392 13.0195 12.9862 12.9535 12.6398 15.4152 12.5102 12.421 12.2896 12.099 11.9119 11.7527 11.7524
threshold=40.500000000000007 7.5000000000000009 0.15301003307104113 0 40.932958602905281 1.5000000000000002 1 40.229091644287116 1.0000000180025095e-35 19.500000000000004 44.003999710083015 21.901765823364261 0.97716578841209423 2.5000000000000004 2 3.5000000000000004 0.023149717599153522 0.027251799590885643 3 4 0.91794884204864513 5 1.3400531411170962 6 0.059431260451674468 11.500000000000002 0.77097901701927196 3.1458511352539067 7 8 16.500000000000004 10.500000000000002 0.23303167521953586 132.50000000000003 0.4869594424962998 0.17445652186870578 9 10 12.500000000000002 0.014926553703844549 20.500000000000004 0.093933824449777617 0.50264447927474987 12.500000000000002 4.5000000000000009 32.500000000000007 0.32071428000926977 0.016932973638176921 2.5823271274566655 0.96396103501319896 36.154066085815437 30.46647930145264 8.5000000000000018 197.50000000000003 17.500000000000004 11 0.19098278135061267 29.832474708557132 6.5000000000000009 0.015141294803470375 1.2844541072845461 0.40088985860347753
decision_type=8 2 10 9 2 8 9 2 2 8 2 2 8 10 9 10 10 10 9 9 8 9 10 9 10 10 10 2 9 9 10 10 10 2 10 10 9 9 8 10 10 8 8 10 8 10 10 10 8 10 2 2 10 2 10 9 10 2 10 10 10 10
left_child=13 2 -2 8 5 38 12 24 9 10 11 26 55 34 19 36 32 49 -19 61 21 -11 -6 -14 25 -7 28 39 29 31 43 35 -17 56 -1 -3 -16 50 -5 -28 -9 51 -43 44 46 -46 -31 48 -48 -18 57 -27 -37 59 -55 -4 -21 -38 -23 -32 -61 -15
right_child=1 3 6 4 22 7 -8 40 -10 20 -12 -13 23 14 15 16 17 18 -20 33 -22 58 -24 -25 -26 41 27 -29 -30 30 53 -33 -34 -35 -36 52 37 -39 -40 -41 -42 42 -44 -45 45 -47 47 -49 -50 -51 -52 -53 -54 54 -56 -57 -58 -59 -60 60 -62 -63
leaf_value=-0.017218555010498085 -0.022965865209750289 0.008252730665161143 0.0060924631826478224 -9.8090529775811942e-05 -0.035313638584381149 3.4676568497455679e-05 -0.016179799750745179 0.02103335052895924 0.0080201469817649078 0.014695614203648856 -0.037255726287263542 -0.019256548740159838 0.021093498295993114 0.019140888167981932 0.00015802242392537309 -0.032952419347624572 -0.05652133586112941 0.0067654107306805364 -0.036002823225772279 -0.016458616974192663 0.0024769142302071088 -0.043446529698257935 -0.00028463946053252932 -0.00059560042042032741 -0.034246612992173388 -0.024614114476092522 -0.039017608889227624 0.009840962235935025 -0.025891452296664036 -0.027842286204747643 0.030864617664467488 -0.038550590572612592 0.01719571511014039 0.024660798500137103 0.012758687813109482 0.006776639807718002 0.024484462753759723 0.019466256955911185 -0.020081849064197955 -0.0078252144064184497 -0.0096611756289825546 0.021353771042553985 -0.0034429530912004711 0.024584475566163892 -0.0076403047552307916 0.015478998960763683 -0.059798177628472372 0.029629740426408032 0.022655338322115987 0.014960842359959873 0.020210538924987045 -0.0074379025261615897 0.045239734769778966 -0.054236461345726274 0.028720682264736931 -0.029287394296696162 0.0062898490070492797 -0.017657212848727344 -0.0019944136300707126 0.0029482388634818517 -0.05075500273071501 -0.0067832109766638553
leaf_weight=36.688921907916665 302.96107877579925 142.16281696333317 35.228519815398613 123.42155264271423 98.851437192759477 3861.9038971722766 302.08923356392188 145.98679251025897 864.74615815456491 25.926690098945983 41.070046036038548 162.28114545409335 83.533418395556509 41.964808982564136 191.7647459267173 12.395906551741062 28.676344064064324 87.143143124761991 18.217209666850977 65.852194233331829 5150.0359743309673 49.088237937074155 46.074378725199495 529.81163795702741 32.500542600173503 126.30717332451604 32.413228823221289 168.23711164819542 43.828170266235247 12.702915374538859 11.788099548080934 8.98157180927228 118.21431033569388 89.484306284342892 1107.8505718637607 34.72744877054356 16.930989625165239 574.54843595286366 283.72493306684191 857.35712091316236 44.766992849763483 72.76315065997187 1323.0120610563899 58.904933592071757 411.13535466726171 93.586126508715097 6.987558780703691 93.304038128815591 7.4513449650257835 5.8964080400764933 50.813720686361194 745.18394141749013 65.172418143949471 32.038869714015163 3.3844919092953196 67.302505716303131 390.33208395296242 82.911408465821296 26.837326059001498 23.747188038891181 12.19697277061641 670.69460378575604
leaf_count=412 114896 6620 6267 5882 10253 131730 45591 2972 14852 1458 2511 13260 5860 690 2342 421 1036 1394 817 1889 93182 4981 2851 50616 2443 11214 2488 4447 4716 566 209 796 1682 669 5150 2045 235 4999 34088 57696 1355 1021 38788 2712 22006 2872 259 1288 62 87 617 41919 968 1364 37 19442 7224 1537 2329 807 445 11150
internal_value=5.40983e-05 -0.00139603 -0.00946773 -0.000698331 -0.0028429 -0.00236371 -0.00535788 -0.00160108 0.00105881 0.000260782 -0.00385653 -0.00317541 -0.000479542 0.00677778 0.00444256 0.00908259 -0.00253958 -0.0154919 -0.00457477 -2.66408e-05 0.00208423 -0.016958 -0.0245582 0.00283648 -0.00208763 -0.00188933 -0.00190208 -0.00611763 0.00230621 0.00385581 -0.000172837 0.0154835 0.0113968 0.00651099 0.011727 0.0188547 0.0126053 0.0156565 -0.0140987 -0.0091732 0.013767 -0.00515941 -0.00207867 0.00276135 0.000526372 -0.00324371 0.0158243 0.021979 -0.0223647 -0.0439801 0.000680466 -0.0100535 0.0328294 -0.0231179 -0.0437383 -0.0195703 0.00286317 -0.00968408 -0.0265431 -0.0051187 -0.0192476 -0.0050634
internal_weight=20255.9 16665.5 1320.93 15344.6 6904.5 6759.57 1017.97 6352.42 8440.09 7575.35 2323.46 2282.39 715.876 3590.38 2445.84 1187.51 270.543 139.933 105.36 1258.33 5251.89 101.852 144.926 613.345 6161.67 6129.17 2120.11 1058.01 1062.1 1018.27 767.228 251.044 130.61 545.669 1144.54 242.063 916.969 725.205 407.146 889.77 190.754 2267.27 1395.78 684.072 625.167 504.721 120.446 107.743 14.4389 34.5728 150.656 871.491 99.8999 83.1556 35.4234 102.531 456.184 99.8424 75.9256 47.7323 35.9442 712.659
internal_count=814515 772164 242672 529492 284516 271412 127776 231442 244976 230124 128174 125663 82185 42351 36789 15167 5437 3334 2211 21622 101950 8768 13104 56476 227115 224672 112403 64631 47772 43056 32627 10429 2103 9782 5562 9633 9730 7388 39970 60184 4327 92942 39809 29765 27053 24878 2175 1609 321 1123 2389 53133 3013 2862 1401 25709 9113 1772 7310 1461 1252 11840
cat_boundaries=0 1 2 3 4 5 6 7 8 9 10 11 12
cat_threshold=419777 660567 2209 460992 33111 4816 1052802 70791 6324369 4464833 209169 87844
is_linear=0
shrinkage=0.05


Tree=66
num_leaves=63
num_cat=12
split_feature=1 33 48 20 1 26 47 15 20 6 47 33 27 46 17 5 22 22 43 19 11 19 37 37 45 21 33 6 19 15 35 46 36 45 36 45 27 18 27 5 21 48 45 33 11 46 19 31 46 22 18 20 21 17 29 23 43 34 22 18 34 18
split_gain=74.0293 46.8438 20.6435 17.9371 17.6669 23.7103 21.1036 36.6065 19.3804 19.1478 22.6665 17.8477 17.0201 23.0194 17.7973 16.9378 15.8382 15.3262 22.3126 16.5076 15.1792 15.6158 17.1124 19.1498 16.9879 15.1404 19.9722 17.9678 17.4605 15.1138 15.0187 17.4057 14.7653 14.6397 19.258 14.5271 14.4398 14.3929 14.2681 14.2344 17.8207 13.9501 23.2372 16.1966 13.9468 13.8007 13.9585 13.6354 13.7499 14.0723 20.0446 13.6112 16.8756 15.6319 13.5705 13.5646 13.4763 12.8211 15.5137 13.3983 15.8342 13.3466
threshold=5.5000000000000009 4.5000000000000009 0.68825104832649242 0.032629089429974563 54.500000000000007 1.0000000180025095e-35 0 0.22749775648117068 0.024481002241373066 8.5000000000000018 1 20.500000000000004 217.50000000000003 2 0.25137363374233251 0.39176295697689062 35.879209518432624 32.438749313354499 3 89.500000000000014 35.500000000000007 372.50000000000006 33.500000000000007 48.500000000000007 4 0.56507623195648204 18.500000000000004 14.500000000000002 94.500000000000014 0.035929432138800628 0.10263158008456232 5 3.5000000000000004 6 3.5000000000000004 7 291.50000000000006 0.51974025368690502 194.50000000000003 0.17733185738325122 0.16921848058700564 1.5757976174354555 8 14.500000000000002 16.500000000000004 9 68.500000000000014 45.500000000000007 10 32.00221252441407 0.0372685194015503 0.013540803454816343 0.63680925965309154 0.052911534905433662 0.27988576889038091 24.500000000000004 11 0.025137134827673439 30.125880241394047 0.2008064538240433 0.020485778339207176 0.41625411808490759
decision_type=8 8 10 2 8 2 9 10 2 8 9 10 2 9 10 8 2 2 9 2 10 2 2 2 9 2 8 8 2 10 10 9 2 9 2 9 2 10 2 10 2 10 9 10 10 9 2 10 9 2 10 2 2 10 2 2 9 10 2 10 10 10
left_child=3 2 -2 33 6 -6 37 -8 9 12 -11 -9 13 14 29 35 -15 18 20 41 21 22 -10 24 -24 26 27 -21 -28 -7 31 -12 44 34 -1 -4 39 56 -30 -33 -41 -19 43 -43 -23 -39 55 48 -5 -50 -51 -36 -53 -54 -17 -47 57 59 -59 -3 61 -61
right_child=1 4 15 47 5 8 7 11 17 10 30 -13 -14 16 -16 54 -18 19 -20 25 -22 32 23 -25 -26 -27 28 -29 38 -31 -32 36 -34 -35 51 -37 -38 45 -40 40 -42 42 -44 -45 -46 46 -48 -49 49 50 -52 52 53 -55 -56 -57 -58 58 -60 60 -62 -63
leaf_value=0.0145484742208669 -0.016999570851231865 0.0020755367811834467 0.013196943405377793 0.016907296866790596 -0.040865122553322579 -0.033918252455611739 -0.040432613784266422 0.012098618730236052 0.0078991668621704921 -0.025871625626899382 0.011068954763873153 -0.034181775337110545 0.019835379074717371 -0.0011839796196517233 -0.034560512828323821 -0.027291301267181763 0.020369184504305089 0.0057079742485038627 -0.013441426574116955 0.019662463824094215 -0.03394418440388209 0.002397821206666784 -0.021028325460894851 0.0071419903929895827 0.0002009006562672202 -0.0020346607495234266 0.035265569789722097 -0.02230179883393061 -0.047934348385572846 0.015624932257824232 -0.009212784571754019 -0.0039707990755723814 -0.026434572039930989 0.0075205151808963051 0.026281526524381996 -0.006118665727210728 0.02085724787828842 0.017409469787831783 -0.0095643146539454629 0.013349646004929858 -0.058494143052431939 -0.0067373900069991862 0.00039382375590508751 -0.063803144809284423 -0.012564000093157963 0.017596993867507332 0.0092713541515326899 -0.023331361953278177 0.022246859500059061 0.035876077182364102 -0.031093085952331057 0.00093953456457323246 0.018449351390412139 -0.04799350735368204 -0.0064371466184188573 -0.066129598318656016 0.0076028367679078241 0.032362672372793597 -0.001096010932294354 -0.026188046414640516 -0.047929746022081596 0.011141101286280094
leaf_weight=54.950554459588602 466.42533423384157 99.085101780598052 193.60003940569004 849.92981596640311 31.759470486234932 16.814282374805771 64.413671654532664 114.23927183565684 2174.1668771576369 120.82610219510389 220.22316944388149 20.298471074784175 126.16189000057057 245.3046014769352 70.947024209075607 77.870342099151458 125.21292501257267 1241.9713706729817 191.73188674187986 53.587196633801796 22.060297932475805 1027.3087129144697 146.49759619604447 375.98193818930304 235.13370112975826 4663.4666167494142 5.8319500324432729 40.195384455670137 66.208998633897863 47.330222739663441 1083.2129471961307 1149.2542443793791 49.632098463829607 617.01012047810946 10.167008286342023 171.72854008653667 51.850837914505973 361.46583893615752 41.277952715754509 10.588348957826385 20.830722090089694 23.638265591667732 301.78652726874861 24.728622838360025 178.43358642619569 4.3882779516279689 26.782982151955366 19.37809925340116 27.983322393614799 9.6471881163306517 48.762618059001397 38.649768326431513 7.5617494294419876 60.215899590577465 1542.5918644073827 11.276329854852518 763.25821832916699 37.529679590719752 185.25903962808661 48.108222272014245 36.368751132627949 39.663643565960228
leaf_count=259 66061 2617 7828 3389 44444 1461 2959 1638 39443 17388 11226 1123 1860 9224 3496 20138 3423 43914 20806 1840 2280 15968 4437 13375 7003 113085 187 3986 5599 1823 98550 48958 3080 4219 63 11474 679 3331 1862 609 1915 2010 17829 3238 5684 20 237 191 119 34 323 354 33 611 117848 327 12160 580 3752 1199 1207 463
internal_value=-0.000221331 -0.00115315 -0.00758069 0.0096093 -0.000165744 -0.000760159 0.00447614 -0.0104168 -0.000655757 -0.00401561 -0.00587434 0.00414142 0.00378567 -0.000374139 -0.0169697 -0.00533123 0.0061112 0.000362691 0.00263688 -0.00118682 0.00340814 0.00365331 0.00564864 -0.000819292 -0.00865365 -0.00263122 -0.0156998 0.00145805 -0.0293611 0.00112451 -0.00475202 -0.00143834 -0.00101045 0.00399049 -0.00850396 0.00434844 -0.00376779 0.00636442 -0.0342793 -0.0049644 -0.0357738 0.00322624 -0.00553273 -0.0329782 0.000140932 0.0145204 -0.010731 0.0142005 0.0150971 -0.00406721 -0.0180755 -0.0202194 -0.0256416 -0.0398224 -0.00752015 -0.0440919 0.00364404 -0.00323658 0.00512689 -0.011655 -0.0222702 -0.0096279
internal_weight=20192.6 18448.3 2452.22 1744.26 15996.1 14184 1812.14 198.951 14152.2 3288.56 2656.79 134.538 631.771 505.609 135.092 1985.79 370.518 10863.6 4400.95 6462.69 4209.21 4187.15 2931.78 757.613 381.631 4870.57 207.101 93.7826 113.319 64.1445 2535.96 1452.75 1255.37 788.555 171.545 365.329 1232.52 1613.19 107.487 1180.67 31.4191 1592.12 350.153 48.3669 1205.74 403.913 42.4476 955.701 936.323 86.3931 58.4098 116.594 106.427 67.7776 1620.46 15.6646 1209.27 446.014 222.789 223.226 124.141 87.7719
internal_count=815239 805644 223349 9595 582295 550682 31613 5720 506238 200612 179325 2761 21287 19427 6780 157288 12647 305626 112076 193550 91270 88990 64258 24815 11440 126559 13474 5826 7648 3284 161937 63387 24732 5539 1320 19302 52161 25893 7461 51482 2524 66991 23077 5248 21652 3915 584 4056 3865 476 357 1061 998 644 137986 347 21978 9818 4332 5486 2869 1662
cat_boundaries=0 1 2 3 4 5 6 7 8 9 10 11 12
cat_threshold=388144000 69222800 230433 69826 65670 169601 786568 393634 135264 102466 200903 34944
is_linear=0
shrinkage=0.05


Tree=67
num_leaves=63
num_cat=8
split_feature=2 24 48 10 35 21 21 32 46 48 1 5 15 27 49 26 35 12 49 36 20 17 23 46 47 46 22 24 27 12 16 20 1 15 34 22 48 46 27 17 37 7 25 17 49 11 29 26 46 18 28 18 20 49 46 49 21 48 49 29 47 17
split_gain=87.6208 32.5494 23.2716 24.506 24.9176 48.4787 36.3422 52.7701 23.5032 22.7155 22.3153 19.5411 20.285 17.4294 16.989 19.3056 16.1787 16.3036 17.6979 15.4705 15.2874 14.4002 13.2454 12.9818 12.9164 12.6917 22.8341 14.1475 13.0858 12.6369 11.8753 13.4526 11.8744 20.2623 13.5136 11.7769 20.0389 18.2884 16.4768 21.6961 25.5647 20.1731 15.1086 13.4731 13.1858 13.3024 12.9424 12.2662 16.9376 12.163 12.1589 13.1078 20.5424 15.3537 17.3314 15.1158 13.4884 13.195 12.6198 11.7477 11.5908 16.6859
threshold=8.5000000000000018 9.5000000000000018 0.3310603946447373 3.5000000000000004 0.82807883620262157 0.56507623195648204 0.95470327138900768 3.5000000000000004 0 2.4560366868972783 1.5000000000000002 0.26065328717231756 0.29758481681346899 55.500000000000007 21.231115341186527 77.500000000000014 0.92940199375152599 10.500000000000002 3.4848060607910161 13.500000000000002 0.063184387981891646 0.050641026347875602 3.5000000000000004 1 2 3 33.910429000854499 6.5000000000000009 2.5000000000000004 5.5000000000000009 0.63686314225196849 0.025178723968565467 48.500000000000007 0.16774892061948779 0.012343825772404672 33.985654830932624 0.68825104832649242 4 36.500000000000007 0.13921189308166507 28.500000000000004 0.74101397395133983 107.00000000000001 0.064725596457719817 18.31180572509766 12.500000000000002 1.6796225905418398 13.500000000000002 5 0.0352429747581482 217.00000000000003 0.5847701132297517 0.024476370774209503 11.489864349365236 6 11.828760147094728 0.78633365035057079 1.9440354704856875 6.5954370498657235 1.0379990339279177 7 0.23582887649536136
decision_type=8 2 8 8 10 2 2 8 9 10 10 8 10 2 2 2 10 10 2 2 2 10 2 9 9 9 2 2 2 10 10 2 10 10 10 2 8 9 2 10 2 10 2 10 2 10 2 2 9 10 2 10 2 2 9 2 2 10 2 2 9 10
left_child=10 2 -2 19 6 11 22 -8 29 14 21 12 -6 25 20 -16 23 18 -18 24 35 -1 -5 -13 -4 28 27 -27 -12 -9 -17 -32 -30 -34 -35 36 -7 49 43 40 42 -41 -40 -38 45 46 -42 48 -39 -37 51 53 -53 54 -49 -55 57 -56 -52 -57 -24 -62
right_child=1 -3 3 4 5 9 7 8 -10 -11 13 16 -14 -15 15 30 17 -19 -20 -21 -22 -23 60 -25 -26 26 -28 -29 32 -31 31 -33 33 34 -36 37 38 47 39 41 44 -43 -44 -45 -46 -47 -48 50 -50 -51 58 52 -54 55 56 59 -58 -59 -60 -61 61 -63
leaf_value=-0.020343496467315175 -0.01786266778362542 -0.029715565315970045 -0.016513691654093648 0.040364994315105478 -0.019567026499133219 -0.012724151393316955 -0.019085786419679722 -0.0069309284993533385 0.0062548069918160632 -0.020838561723921609 -0.021206581430383578 0.024881908297111587 0.023704682831751197 0.0093234587277725503 0.00037934958099850225 -0.036677117276630151 -0.0063721474248117256 0.022113260735043386 -0.032525674484467117 -0.03066259821065085 0.019816488659827103 0.015125347277581157 0.00083460368498089639 -0.013309218540188079 0.007451756285326701 -0.042772520728682456 0.00082870159941987294 0.010620196135065292 0.0050037812897684763 -0.044499226701719331 -0.04379244930169815 -0.001683844782525678 0.019574540810049779 0.015683777116968421 -0.06591547020835066 -0.033832349894348746 -0.019049319252229066 0.0092701909467742382 0.0060377349650344077 -0.011736263948118697 0.014553813405291353 0.013798536382006649 0.023551826795928207 0.019966058762122277 0.017970762087269627 -0.02051359652468554 -0.013361949822864348 0.0074613765602211495 -0.025906608032138623 -0.0083580890673097784 -0.040712445156149496 0.032110899111850714 0.0010768987516326929 0.030813440895025641 -0.026825740991479337 -0.016927287627788067 -0.0054663657748425035 0.01601037398480731 -0.0072884614427733991 0.0038827925667362286 -0.0022246420079300618 -0.03389847703183875
leaf_weight=25.480070244986564 217.00363054360059 99.967629332786601 46.138422922813334 15.933229654736349 49.52152958442457 228.30713728108094 608.69831182579219 444.27666389051592 562.53232372520142 169.61426235342515 48.545929164043628 19.944508647255134 48.858926981221884 1078.7217408748111 151.22500835169922 86.552941963134799 83.194464181695366 13.675003284995908 337.75866937742103 24.095383720006794 77.44917585105577 811.49188069073716 8309.2527692802832 46.309872032667045 1088.4220627931645 56.892249366501346 158.5586130245938 13.350212869117966 1145.941998945782 18.86682803882286 19.579650914063677 84.981767955061514 14.427153150667435 4.4441623794846263 16.933004251448438 80.740550282644108 20.957260240364121 43.356757035769988 341.48866426612949 422.9566935034818 79.299788694945164 89.993379226070829 192.17131855152547 191.28721779162879 48.320908767462242 131.54460929572815 76.83269887464121 137.34201811323874 102.49569051274739 113.38419970846735 29.569727270689327 70.29669635836035 183.98390204488533 41.269223717739806 170.88958503055619 73.387172843387816 288.28407787138713 16.735165831283666 174.19485924131004 498.73472596995998 142.80958076304523 54.120178705721628
leaf_count=162 27594 77144 1097 915 3895 22500 60576 17369 19136 10994 1975 954 2148 9829 13760 8686 7092 609 38340 972 3879 3556 229498 4459 15975 1739 2766 538 14878 1182 2362 3038 439 48 1096 8310 4070 4111 14847 21928 4417 5933 3314 11132 2066 8498 3427 6402 14714 8021 1918 2872 6852 1185 9741 6475 15301 348 5662 18638 6702 6245
internal_value=-0.000469889 -0.0019578 -0.00178141 -0.0015626 -0.00209761 -0.00497124 -0.000670867 -0.00748854 -0.000546832 -0.00315796 0.00687115 -0.0182604 0.00203022 0.00451994 -0.00243169 -0.0130321 -0.0222265 -0.0256978 -0.0274923 0.00543174 -0.00149178 0.0139312 0.000640253 0.000750825 0.00632947 0.000948946 -0.00950309 -0.0325934 0.00297618 -0.0087337 -0.0233834 -0.0112076 0.00407984 -0.0224811 -0.0491942 -0.00194584 0.000968472 -0.00456602 0.00296225 0.000947345 0.00574669 -0.00716641 0.0125046 0.0157639 -0.00501283 -0.00911442 0.000828132 -0.00291363 -0.016592 -0.0186026 -0.00170107 -0.00010822 0.0101101 -0.00225891 -0.00782352 0.0033227 -0.0121684 -0.0226886 -0.0129978 0.00108992 0.000542174 -0.0110079
internal_weight=20043.4 16668.6 16568.6 16351.6 15193 5036.49 10156.5 1634.37 1025.68 4437.23 3374.79 599.263 98.3805 2537.82 4267.61 342.339 500.883 434.628 420.953 1158.66 3925.27 836.972 8522.12 66.2544 1134.56 1459.09 228.801 70.2425 1230.29 463.143 191.114 104.561 1181.75 35.8043 21.3772 3847.82 1823.16 2024.66 1594.85 1382.61 869.658 512.95 533.66 212.244 335.998 287.677 156.132 1830.54 145.852 194.125 1684.69 1480.92 254.281 1226.64 613.251 613.391 475.909 187.625 203.765 572.122 8506.18 196.93
internal_count=814329 777303 700159 672565 654521 312898 341623 98263 37687 255401 37026 57497 6043 33308 244407 27846 51454 46041 45432 18044 216561 3718 243360 5413 17072 23479 5043 2277 18436 18551 14086 5400 16461 1583 1144 212682 102132 110550 79632 64430 36569 27861 18161 15202 18408 16342 7844 94219 18825 16331 75394 67814 9724 58090 31792 26298 25390 10089 7580 25113 242445 12947
cat_boundaries=0 1 2 3 4 5 6 7 8
cat_threshold=59395 172132 6292752 76903 2100 57792 165185 39421169
is_linear=0
shrinkage=0.05


Tree=68
num_leaves=63
num_cat=12
split_feature=14 36 18 29 28 16 35 23 47 34 33 18 45 37 15 45 22 34 48 45 19 6 46 20 46 45 48 3 21 22 8 49 46 35 26 30 46 46 36 28 18 17 45 37 16 48 37 48 19 16 31 20 34 21 31 19 5 34 15 31 46 26
split_gain=66.8704 41.639 26.1051 24.506 23.0868 21.8983 21.662 21.4332 24.7001 21.1804 20.1671 19.3743 31.1824 18.5946 18.4889 17.884 15.8912 15.3177 15.2867 16.6721 15.177 31.8798 22.4145 16.8911 15.8483 19.1503 15.682 15.0074 14.963 14.917 14.9159 14.819 14.7039 21.2637 14.6173 14.4248 15.3687 14.0502 15.0753 16.581 15.1598 14.2673 13.7522 13.7222 13.6777 13.6695 17.4275 13.4269 16.7157 13.3993 14.1132 13.3741 13.2383 12.8468 12.8234 12.6967 12.5895 12.7956 12.5828 12.7584 12.5095 21.0744
threshold=1.0000000180025095e-35 1.5000000000000002 0.1366749703884125 3.1458511352539067 114.50000000000001 0.39791667461395269 0.40212766826152807 52.500000000000007 0 0.016523430123925213 13.500000000000002 0.30094340443611151 1 54.500000000000007 0.16247642785310748 2 29.480176925659183 0.031949812546372421 0.95021614432334911 3 102.50000000000001 10.500000000000002 4 0.012459901161491873 5 6 0.53234726190567028 0.20853330940008166 0.71600133180618297 35.435281753540046 18.500000000000004 2.9978065490722661 7 0.15587044507265094 70.500000000000014 3.5000000000000004 8 9 5.5000000000000009 15.500000000000002 0.10551619529724122 0.18808962404727939 10 45.500000000000007 0.62583333253860485 1.0509753227233889 26.500000000000004 0.70470693707466137 172.50000000000003 0.26699671149253851 2.5000000000000004 0.0082939728163182753 0.024817796424031261 0.43256238102912908 8.5000000000000018 231.50000000000003 0.28345090150833135 0.030831038020551208 0.88562092185020458 62.500000000000007 11 18.500000000000004
decision_type=2 2 10 2 2 10 10 2 9 10 8 10 9 2 10 9 2 10 10 9 2 8 9 2 9 9 10 10 2 2 10 2 9 10 2 2 9 9 2 2 10 10 9 2 10 10 2 10 2 10 10 2 10 2 10 2 10 10 10 10 9 2
left_child=1 4 5 -4 10 -3 42 9 18 45 -1 12 17 27 -15 16 -13 32 -9 -20 21 -12 -23 28 26 34 -25 37 55 -19 -6 -24 49 -34 -26 36 53 38 39 -14 -40 -39 -7 -42 -8 46 -2 48 -35 -10 -51 -37 -38 -11 -5 -22 -46 -58 59 -53 61 -17
right_child=7 2 3 54 30 6 44 8 11 35 20 15 13 14 -16 60 -18 29 19 -21 23 22 31 24 25 -27 -28 -29 -30 -31 -32 -33 33 47 -36 51 52 41 40 -41 43 -43 -44 -45 56 -47 -48 -49 -50 50 -52 58 -54 -55 -56 -57 57 -59 -60 -61 -62 -63
leaf_value=-0.016896158609623936 -0.040220983600105405 -0.026193771539028389 -0.0059625789459101103 -0.0034739590711556825 0.00076397926631747754 0.0079648582479594117 -0.0013411905196793765 -0.028782899181848481 -0.014290040843763575 -0.0060904895836079017 0.027257462928645323 -0.026553305568399705 -0.051134830221666927 -0.030352035407641788 0.018957237370210128 -0.015310832617827251 0.014004663107007537 -0.027500572314356403 0.014120557569979226 -0.019194668106359218 -0.033749234194832285 0.0021592470665429478 0.0095300436232190928 -0.038746232861358414 -0.015112938518661054 -0.0053911209133076579 0.014525780346854148 0.0073285588125728152 0.036864035543155496 0.0071832972992865373 0.041304319102669823 -0.012906514435757585 0.017182867195559334 0.022291683243162139 -0.039668347617145765 -0.032633930950370357 -0.032529259822266579 0.020404030496372544 -0.028788550192086006 -0.017824311234368017 0.0078279741716649563 -0.010241955526573846 -0.025857663421518864 -0.034651614928438899 -0.024232400948555288 0.029482704476988381 0.016535411895126365 -0.01542759222920592 -0.034026459535897335 -0.028859363272845384 0.021315452059652937 0.0059924732957956535 0.0076121484364019875 0.02673999156735617 0.021651358070764373 0.022747533904416056 -0.022654566064708368 0.019101801212261831 -0.022978261688552278 -0.030422825390916758 0.017683193438330521 0.0053027833321840643
leaf_weight=277.8297691107291 13.519040248589588 263.08885365720198 1495.2369370186861 79.995172544935485 7974.7368745115236 202.14379934726458 134.32628809004382 98.589000960346311 28.945800727233291 32.40190463187173 94.833340349257924 20.521246198564768 40.242242877488025 18.278875247924589 105.95340334973298 188.43637310597114 706.36236533691408 56.380349269951694 62.476568862679414 58.316454066894948 16.794896643434189 1208.9386703916462 82.098159219051013 10.953045746078713 248.22566244969494 517.13047289499082 104.54181988682831 109.31163648347137 33.869550299539696 59.336711003561504 17.755989134020638 511.54831763738912 133.03060414188076 55.37774882488884 81.447290324256755 18.787215847871266 20.995518070296384 57.145446097012609 46.28843339974992 310.6168829659 142.20506674260832 92.761956447735429 20.225867573331925 16.850682668038644 301.34534443177836 162.86439072189387 45.192770493100397 158.67835805891082 12.121569955023004 10.445972961955702 320.29773371084593 2193.4920205603121 92.905795948230661 221.68997740716441 128.46427076146938 13.651059777708722 28.623665422492195 35.379472074913792 34.349552131432574 19.439861295046285 79.024591681547463 340.76561953523196
leaf_count=33395 780 46007 153263 4753 169606 15384 15997 5685 997 640 2563 423 3079 924 2146 5834 8179 2050 1483 1952 2505 68318 7140 902 24937 18741 5744 2176 1928 1630 359 54249 2605 1709 8526 1260 572 2035 2228 9816 2751 4276 4124 550 40107 2060 1148 4559 467 360 6924 34050 1232 1629 5543 737 3268 1969 572 464 1317 4385
internal_value=2.539e-05 -0.00190096 -0.007482 -0.00371679 -0.000557674 -0.0139419 -0.00932831 0.00434783 0.00161748 0.00752216 -0.0041417 0.00278044 -0.000636256 -0.00682884 0.0108085 0.00732717 0.0125151 0.00634065 -0.0140577 -0.00249038 -0.00290305 -0.000248525 -0.001767 -0.00778424 -0.00946133 -0.0117486 0.00745669 -0.00964867 0.016181 -0.0101547 0.00087981 -0.00958979 0.0091352 0.00162993 -0.0210524 0.00624615 0.0153717 -0.0123099 -0.0157921 -0.0223097 -0.00514092 0.00161754 0.00360057 0.00240867 -0.0150607 0.0222186 0.00133577 -0.0076211 0.0105289 0.0160213 0.0193246 0.00473364 -0.000778437 0.0216799 0.0121541 -0.00878226 -0.0200187 0.000138995 0.00511778 0.00560471 0.000857639 -0.00207304
internal_weight=20067.6 13883.2 2688.83 1703.7 11194.4 985.133 722.044 6184.4 3328.76 2855.64 3201.86 3109.38 1774.27 939.655 124.232 1335.11 726.884 834.615 219.382 120.793 2924.03 1897.42 1802.59 1026.61 962.298 846.803 115.495 815.422 64.3155 115.717 7992.49 593.646 718.898 359.208 329.673 2634.06 367.993 706.111 556.203 350.859 205.344 149.907 222.37 159.056 499.675 221.576 58.7118 226.178 67.4993 359.69 330.744 2266.07 113.901 254.092 208.459 30.446 365.348 64.0031 2247.28 2212.93 608.227 529.202
internal_count=815012 690065 290415 163559 399650 126856 80849 124947 80540 44407 229685 71420 51282 29981 3070 20138 8602 21301 9120 3435 196290 132270 129707 64020 58850 52204 6646 26911 5170 3680 169965 61389 17621 9340 33463 40419 4073 24735 18424 12895 5529 6311 19508 3301 61341 3988 1928 6735 2176 8281 7284 36346 1804 2269 10296 3242 45344 5237 35086 34514 11536 10219
cat_boundaries=0 1 2 3 4 5 6 7 8 9 10 11 12
cat_threshold=80117848 403778 729132 299050 13522 45073 362574 85444 70707 88199 235754 95107
is_linear=0
shrinkage=0.05


Tree=69
num_leaves=63
num_cat=6
split_feature=1 28 1 4 33 10 48 19 45 13 23 15 46 20 31 3 46 37 49 49 7 31 48 15 22 7 45 49 18 48 49 49 12 48 22 34 20 6 32 37 49 29 27 23 29 20 27 17 14 11 49 45 22 34 10 48 36 22 29 47 18 6
split_gain=74.77 28.597 22.9322 21.6357 22.2752 18.2562 18.1183 17.275 17.004 15.8327 15.6086 14.9157 21.8222 14.5143 13.6712 13.4039 13.402 12.8164 12.4522 12.4461 11.8868 11.8156 11.6535 11.4334 11.3772 11.2637 14.9325 15.1717 14.2144 18.4861 17.4494 24.4897 15.2151 15.0763 14.8598 14.4119 18.8937 16.4678 14.1472 13.9318 18.9302 16.3226 16.5096 14.9738 16.8855 14.9 20.4149 20.0677 13.7695 13.7508 15.4174 19.2505 16.9226 16.8926 14.9264 20.8757 13.648 13.3621 13.2687 15.1951 13.9775 13.0111
threshold=52.500000000000007 1.5000000000000002 1.5000000000000002 3.5000000000000004 6.5000000000000009 2.5000000000000004 0.91039663553237926 523.00000000000011 0 3.5000000000000004 3.5000000000000004 0.51403406262397777 1 0.033561758697032935 2.5000000000000004 0.25002166628837591 2 37.500000000000007 21.231115341186527 29.833333015441898 0.94016295671463024 14.500000000000002 1.9230950474739077 0.016807910054922107 38.593172073364265 0.86076021194458019 3 20.266510009765629 0.45867486298084265 2.5153852701187138 4.8257417678833017 7.8009901046752939 8.5000000000000018 0.50844356417655956 34.141281127929695 0.033435594290494926 0.032310407608747489 10.500000000000002 2.5000000000000004 61.500000000000007 18.824045181274418 1.50533002614975 232.50000000000003 34.500000000000007 1.1327043771743777 0.033286187797784812 82.500000000000014 0.091431558132171645 2.5000000000000004 4.5000000000000009 10.395590782165529 4 35.669271469116218 0.014178436715155842 7.5000000000000009 1.1695932745933535 4.5000000000000009 30.345804214477543 2.1380952596664433 5 0.51974025368690502 4.5000000000000009
decision_type=8 2 10 8 8 8 10 2 9 2 2 10 9 2 10 10 9 2 2 2 10 10 10 10 2 8 9 2 10 10 2 2 8 8 2 10 2 8 10 2 2 2 2 2 2 2 2 8 2 10 2 9 2 10 8 10 2 2 2 9 10 8
left_child=2 -2 6 -3 5 -5 13 11 20 10 14 -4 -13 -1 -6 -11 21 -14 -10 25 -7 -8 24 -20 -23 26 27 -12 33 30 57 58 34 35 -31 37 56 -27 -34 40 48 42 61 -41 -45 46 47 -43 -35 50 52 -52 -33 -53 -55 -56 -37 -30 59 -32 -60 -42
right_child=1 3 7 4 9 8 16 -9 18 15 19 12 17 -15 -16 -17 -18 -19 23 -21 -22 22 -24 -25 -26 28 -28 -29 29 32 31 49 38 39 -36 36 -38 -39 -40 43 41 45 -44 44 -46 -47 -48 -49 -50 -51 51 53 -54 54 55 -57 -58 -59 60 -61 -62 -63
leaf_value=0.0055327381274271501 -0.031617757677635652 0.012508076573281905 0.0019859866691225936 0.0065348125493261472 -0.029339608283208887 -0.0020308771232425728 0.010960913901521596 0.026760413605423479 -0.0093854816876824017 0.030786206811589285 0.0044615669054462858 0.016090420277583613 0.0050054590522155074 -0.036425335107731258 0.035252279784921021 -0.022109889411711811 0.020891231805589036 -0.033432542777637457 -0.046359787892842043 -0.014111146616406804 -0.041963669947218611 -0.062730634401214888 0.017410085220014009 -0.013432549302534595 0.0088690069218034778 0.014238651737106967 -0.019262628766568667 -0.042061939855257295 -0.0074609821545559164 -0.03379834743425713 0.019817308648810487 0.020195989178764816 -0.041778595314109705 -0.00052355906145569843 0.031146958514624713 -0.036512395368265574 0.01349470960500156 -0.013115196506996815 0.020706920865454184 0.020241438165240998 0.0042281339840714964 -0.041540125049894294 -0.0032958441556248256 0.013458499046087475 -0.034895696956874271 0.0087322943449800964 -0.012275096695059176 0.031670995763284547 0.02100825541435869 0.010160539082109364 0.010818491179293704 0.021475097601846363 -0.022716238783028163 0.0083803083642823625 -0.012754830610246416 -0.050299982358586674 0.014996130878076237 0.018340574333905218 -0.0055375764126051087 -0.013074316617294333 -0.061714410348804011 -0.035682011657325569
leaf_weight=218.48744120658375 72.806483351487259 276.6435098060465 2373.6387252603308 276.45292099943617 5.8818275729427105 1209.1185615250142 69.701032696757466 78.226120667299256 1131.6911025924783 61.466785295400769 194.9774566362903 402.75639141828287 45.654717574827373 17.715070217323955 44.486987121752463 10.829407894983886 529.50889771408401 34.481329971924424 40.976476295647444 169.92504087332054 13.948873120709321 13.587103382684296 8.5566741242073459 76.785228193009971 6.3192461074795565 83.592823791492265 171.58629961078987 14.207317568245342 56.604731839572196 8.6132663027383405 31.444152025185758 115.61529788302141 49.247446082677925 9238.7966271357218 20.79493448510766 108.30838231519738 26.343573825317435 140.56761982764874 7.7096518645994356 149.1012711544754 23.168655896210112 6.9271768693579352 104.51576087257126 36.97810786194168 27.077479472267441 171.60237781377509 400.74772626109188 46.517198874615133 69.852682615630329 610.79837504122406 93.706854668998858 23.301558003760874 23.987704002574901 34.980565616162494 109.12380073397071 55.269604949571658 11.771444499434436 317.06893278937787 21.4855574099347 144.13055088112014 20.504333307268098 121.57845875032945
leaf_count=1491 76016 8200 41538 4792 212 82618 302 455 131171 357 21860 3763 706 98 696 137 1921 633 8895 9384 1594 134 38 8063 39 2976 27028 2316 2777 243 881 4609 2836 240584 197 11654 672 14430 264 1995 795 464 3911 1416 835 4996 14333 756 1423 14778 5296 1121 1654 601 8066 4068 1096 9814 539 7483 973 11316
internal_value=9.78495e-05 -0.0013761 0.00640976 -0.00123057 -0.00147295 -0.0055629 0.0135506 0.0042883 -0.00692601 -0.000618451 -0.00075117 0.00362722 0.0115916 0.00169606 0.0257412 0.0219451 0.017963 -0.0112093 -0.0109917 -0.000863134 -0.00263385 -9.52235e-05 -0.0247906 -0.0263115 -0.0427839 -0.000683122 -0.00909821 0.000376099 -0.000423494 0.0037571 0.00495033 0.00216016 -0.0181675 -0.0011022 0.00997808 -0.010944 -0.0228675 -0.00282643 -0.0323321 -0.000746313 -0.00101366 -0.00802303 -0.0187146 0.0117568 -0.00802837 -0.00364985 -0.0083722 0.0194398 -0.000350792 0.0052865 -0.00128174 -0.00736916 0.012292 -0.0149126 -0.0203164 -0.0264898 -0.0310654 0.0143852 -0.0129435 -0.00642463 -0.0366175 -0.029366
internal_weight=20082.3 16283.6 3798.63 16210.8 15934.2 2748.97 863.875 2934.76 2472.52 13185.2 13112.9 2856.53 482.892 236.203 50.3688 72.2962 627.673 80.136 1249.45 13062.5 1223.07 98.1641 28.463 117.762 19.9063 12892.6 380.771 209.185 12511.8 1744.39 1658.02 1284.35 86.3653 10767.4 29.4082 370.584 146.423 224.16 56.9571 10396.9 10183.7 875.057 249.263 213.157 64.0556 625.794 454.192 53.4444 9308.65 1066.78 455.985 316.382 139.603 222.676 199.374 164.393 120.08 373.674 217.565 175.575 41.9899 144.747
internal_count=814309 763191 51118 687175 678975 237133 4023 47095 232341 441842 441348 46640 5102 1589 908 494 2434 1339 148129 440440 84212 513 211 16958 173 431056 51204 24176 379852 66200 62660 50069 3540 313652 440 30828 13422 17406 3100 282824 278578 36571 16022 4246 2251 20549 15553 1220 242007 40193 25415 19152 6263 13856 12735 12134 12750 12591 9876 8364 1512 12111
cat_boundaries=0 1 2 3 4 5 6
cat_threshold=1257857 209958 23601 153445 814 69239312
is_linear=0
shrinkage=0.05


Tree=70
num_leaves=63
num_cat=15
split_feature=14 26 36 29 5 29 18 39 46 49 45 31 37 19 45 20 21 20 47 48 45 37 46 20 16 17 43 26 22 47 44 48 46 5 14 34 27 45 49 9 34 15 18 17 25 19 45 36 46 22 34 26 46 49 48 16 35 17 18 34 32 46
split_gain=58.3927 38.5934 26.1006 21.7843 20.262 24.6482 17.9521 21.3981 20.0874 15.9854 15.645 14.9726 13.7627 13.306 13.8293 13.2263 13.7848 14.138 12.8483 12.5805 12.3892 16.4911 16.3924 15.067 14.5823 16.3324 14.3086 13.7642 14.7027 13.5301 13.9253 13.8118 13.467 30.2242 15.3526 13.3072 21.7039 20.2731 17.23 19.8811 13.0339 12.8754 14.4132 12.6497 12.4755 17.3028 13.0309 21.5521 21.0121 14.499 19.3507 12.7689 12.4187 13.492 12.4044 11.9244 16.2417 13.4337 20.4396 15.199 12.8106 11.67
threshold=1.0000000180025095e-35 4.5000000000000009 1.5000000000000002 1.7853302359580996 0.19003626704216006 1.3731431961059573 0.1366749703884125 1.0000000180025095e-35 0 18.824045181274418 1 24.500000000000004 38.500000000000007 65.500000000000014 2 0.024658476002514366 0.74090605974197399 0.024876353330910209 3 0.77018782496452343 4 29.500000000000004 5 0.015134764369577171 0.70521390438079845 0.13079115748405459 6 99.500000000000014 31.335416793823246 7 8 1.902664363384247 9 0.19907852262258532 1.5000000000000002 0.022041162475943569 27.500000000000004 10 16.938522338867191 72.500000000000014 0.041482530534267432 0.062828946858644499 0.25760369002819067 0.14379699528217318 7.5000000000000009 11.500000000000002 11 1.5000000000000002 12 35.760280609130866 0.024258474819362167 8.5000000000000018 13 5.0981597900390634 1.4650902152061465 0.19756097346544269 1.0000000180025095e-35 0.45534290373325353 0.19274475425481799 0.030725585296750072 1.5000000000000002 14
decision_type=2 2 2 2 10 2 10 2 9 2 9 10 2 2 9 2 2 2 9 8 9 2 9 2 10 10 9 2 2 9 1 10 9 10 2 10 2 9 2 2 10 10 10 10 2 2 9 2 9 2 10 2 9 2 10 10 10 10 10 10 10 9
left_child=1 -1 9 20 5 -4 8 11 -7 -3 -9 -8 18 -6 -15 -11 19 -18 -5 -17 29 22 -22 -23 26 -26 -24 28 -28 30 -2 43 34 -34 35 38 37 -37 39 -32 -30 -35 -43 -31 45 -25 52 49 -49 -48 51 -51 53 -47 -38 56 -20 -57 59 -59 -60 -14
right_child=3 2 4 12 13 6 7 10 -10 15 -12 -13 61 14 -16 16 17 -19 55 -21 21 23 24 44 25 -27 27 -29 40 31 32 -33 33 41 -36 36 54 -39 -40 -41 -42 42 -44 -45 -46 46 47 48 -50 50 -52 -53 -54 -55 -56 57 -58 58 60 -61 -62 -63
leaf_value=-0.030135246321638443 0.015706355472915892 0.00011259081582469293 -0.017662370198397264 -0.028567333911686595 0.035793892848423652 -0.024376066519952728 -0.011731091471206599 0.0097462780428110418 -0.0047134338327556478 -0.016132336287773667 -0.012772342876348312 0.018150026496485075 0.0027117182275598448 0.013004259943146915 -0.0044462939551475778 -0.036244664983489883 0.019727352741586296 -0.00943429383059592 0.033889841149820896 0.0065479179736082881 -0.010984535754238562 0.022155134671960758 0.0060337491818735333 0.016450161302834575 -0.020097770527237081 0.014973203670713968 0.00069830019045461606 0.025629228145869182 -0.044484925327733751 -0.029595275916358049 0.00052960275978396621 0.023548898898327911 -0.0010405823663649893 0.023116767016178083 0.01022797241446337 0.0065623156832286776 0.0059322043902592823 -0.029479504920917041 -0.03637260466508848 -0.037868170383937388 0.017595099397700639 -0.052207748696384518 -0.0019452994932676435 -0.0058814832996533298 0.011950300929900959 0.011188771058517351 -0.060341072324078787 0.010816330597848608 -0.030873143653087944 0.029141953140263396 -0.053461957942245647 -0.04189805820389006 0.012150397483008404 -0.028109755923710813 0.029206038175537425 0.011867752268541074 -0.035177069172149397 -0.048399680760510849 0.018588188799612534 0.0054325191271100345 -0.017441908860869739 0.020389927554825694
leaf_weight=114.81499968672142 155.39979026571382 9829.3467253566196 526.8466679136036 12.744988300139083 23.356364379113074 198.08870551909786 412.7766535608971 430.12462650920497 383.95199956852593 245.9134361402248 80.817167240544222 42.128456901875325 143.67686911753844 144.65932165575214 378.33356494159671 13.113793897908179 39.87968368496513 625.05918325326638 6.9252374381758264 348.21083546924638 233.0236245864071 179.47252109786496 147.29262438300066 136.93602387863211 32.911209366575349 298.63222101144493 40.070988058112562 12.223604425787924 58.950969022116624 60.364795961068012 307.49712459067814 30.059666839195415 504.11339603713714 5.9166384706040835 521.86548457283061 70.454156736144796 416.4085201965645 66.767377140349708 40.939208087045699 32.843639184255153 7.026922515127807 52.239491699961945 19.526531059294939 437.57071108353557 550.20822554954793 34.197418195195496 27.7901291991584 93.961657853215002 26.844832189264707 21.15287948935293 12.323524998850187 3.613603866309858 153.57684991741553 46.543722907546908 62.295954694505781 529.02647895133123 29.639324806863442 31.308281891047955 75.767287430353463 19.076758995186538 30.989101456711069 377.10344900726341
leaf_count=106857 3202 286028 88586 212 886 18590 29898 21860 30464 20063 9459 2690 1569 6667 30882 933 1189 24369 42 10112 6844 3657 2964 2453 1136 4929 875 74 2333 3223 6957 489 14145 125 8094 1947 7516 2950 1411 651 117 2898 480 15441 6998 576 1502 1897 1257 378 610 200 3019 1530 571 4729 566 643 438 231 292 2768
internal_value=-7.67017e-05 -0.00187907 -0.00163176 0.00397205 -0.00611447 -0.0083662 -0.00515542 -0.000959054 -0.0120515 -0.000571115 0.00603653 -0.00879658 0.00983388 0.00243468 0.000620036 -0.00583346 -0.00329939 -0.00755115 0.00537196 0.00452131 0.00246102 0.00532746 -0.000145023 0.00888647 0.00425302 0.011245 -0.00436533 -0.0162099 -0.023429 0.000256122 0.00194992 -0.00683587 0.000828236 -0.0055521 0.00330227 -0.000322143 0.00421249 -0.0130057 -0.00760717 -0.00367049 -0.0370994 -0.0336673 -0.0395495 -0.00902195 0.00664564 0.00134539 -0.00371488 -0.0130393 -0.000900718 -0.0358255 -0.0124708 0.01348 0.00416322 -0.0105525 0.00923152 0.00646632 -0.0195928 0.00808021 -0.00464356 -0.0293673 0.00781699 0.0160243
internal_weight=19994.7 13837.4 13722.6 6157.27 2621.08 2074.73 1547.89 965.847 582.041 11101.5 510.942 454.905 1256.26 546.349 522.993 1272.18 1026.26 664.939 735.477 361.325 4901.02 2116.75 830.132 1286.62 597.109 331.543 265.565 118.272 106.049 2784.26 2256.27 527.995 2100.87 581.796 1519.07 997.206 615.926 137.222 381.28 340.341 65.9779 77.6827 71.766 497.936 1107.15 556.941 420.005 185.687 120.806 64.8801 37.09 24.7665 234.318 80.7411 478.704 722.732 36.5646 686.168 157.141 50.385 106.756 520.78
internal_count=814472 689533 582676 124939 239982 201547 112961 63907 49054 342694 31319 32588 11490 38435 37549 56666 36603 25558 7153 11045 113449 43349 19272 24077 12428 6065 6363 3399 3325 70100 50947 19153 47745 17648 30097 22003 12984 4897 9019 7608 2450 3503 3378 18664 20420 13422 10969 5844 3154 2690 1188 578 5125 2106 8087 6941 608 6333 1604 874 730 4337
cat_boundaries=0 1 2 3 4 5 6 7 8 9 10 11 12 13 14 15
cat_threshold=24770 360645 145796 6308096 623333 221345 14400 53176466 8 221922 65700 135432 200754 154882 38100
is_linear=0
shrinkage=0.05


Tree=71
num_leaves=63
num_cat=7
split_feature=1 45 18 48 30 6 23 3 48 23 3 37 46 9 9 16 21 11 1 1 19 17 22 30 7 21 25 46 12 49 22 5 37 23 44 11 11 31 25 31 49 46 22 45 26 48 28 19 37 13 49 49 48 49 24 14 5 48 48 12 46 31
split_gain=67.3141 28.6443 23.8058 26.2718 23.6618 22.8988 20.6198 18.4565 17.8185 17.7473 17.7398 17.6892 16.8312 15.6047 17.5362 18.4989 15.2787 25.3159 14.8345 15.2613 15.3451 14.7667 15.0979 14.4136 13.9762 13.9355 17.0643 15.8962 13.7653 13.7065 17.0372 13.6022 19.5969 13.5791 17.1013 12.8351 12.8261 13.109 12.5574 12.5058 12.3763 12.3031 14.2756 15.9847 12.9908 11.8678 11.8563 12.922 13.5536 21.456 17.2671 11.8814 11.7786 11.4623 11.4557 13.5247 11.423 11.4226 17.3231 11.4135 13.7832 13.2296
threshold=8.5000000000000018 0 0.11822947114706041 0.32269708812236791 5.5000000000000009 11.500000000000002 39.500000000000007 0.12416027113795282 0.4817329347133637 11.500000000000002 0.41493181884288793 21.500000000000004 1 71.500000000000014 106.50000000000001 0.28490260243415838 0.52711895108222973 8.5000000000000018 54.500000000000007 9.5000000000000018 582.00000000000011 0.54335841536521923 28.751505851745609 20.500000000000004 0.96752494573593151 0.36854232847690588 7.5000000000000009 2 6.5000000000000009 4.8871574401855478 37.809404373168952 0.45157453417778021 37.500000000000007 7.5000000000000009 3 35.500000000000007 12.500000000000002 2.5000000000000004 173.50000000000003 11.500000000000002 12.889249801635744 4 31.94960975646973 5 10.500000000000002 0.54490143060684215 232.50000000000003 458.00000000000006 50.500000000000007 1.5000000000000002 27.324561119079593 12.339208602905275 1.3125942945480349 5.4535388946533212 1.0000000180025095e-35 1.0000000180025095e-35 0.2301578372716904 1.4973237514495852 2.7507905960083012 1.5000000000000002 6 3.5000000000000004
decision_type=8 9 8 10 2 8 2 8 10 2 10 2 9 2 2 10 2 8 10 10 2 10 2 2 10 2 2 9 10 2 2 8 2 2 1 10 8 8 2 10 2 9 2 9 2 10 2 2 2 2 2 2 8 2 2 2 10 10 10 8 9 8
left_child=25 6 3 -3 5 7 11 -5 -7 54 24 23 -9 18 -15 -16 40 28 19 20 35 22 -13 -2 52 26 27 -1 29 38 -31 -24 -33 -19 -35 46 -22 -38 -18 -28 -10 -6 44 -44 -43 -41 -11 48 49 -48 -50 57 -8 -34 55 59 -54 -51 -59 -4 -61 -62
right_child=1 2 9 4 41 8 10 12 16 13 -12 21 -14 14 15 -17 17 33 -20 -21 36 -23 31 -25 -26 -27 39 -29 -30 30 -32 32 53 34 -36 -37 37 -39 -40 45 -42 42 43 -45 -46 -47 47 -49 50 51 -52 -53 56 -55 -56 -57 -58 58 -60 60 61 -63
leaf_value=0.01207178517231847 -0.034629106903307304 -0.032507630042817308 0.026501350949568389 -0.042432999896258275 -0.00070491920442514286 -0.027078509794211648 -0.018950172843679596 0.016168424978651202 0.00052147507552890114 -0.001831078155331964 0.019386314500871391 -0.032025711502185077 -0.011595484852059267 0.02366769929669163 -0.059743366991133785 0.004331267217033823 -0.0045189413838564747 0.0099878470828209977 -0.05552118312724711 0.0055357405512859326 0.0011829363641734328 0.022689830127749777 0.022682037830628554 0.029723500598218412 0.023411168566386482 0.0097418709914578218 0.019353509221068585 -0.033693493290329252 0.023096169388351628 0.013429877629834079 -0.010018266711017734 0.0046737303171201514 -0.055590474695796845 -0.021682125669002579 -0.0053599982662409984 -0.026201527554976841 -0.031398651256258805 0.016678802856549366 -0.058397656580478297 0.0243565003324277 0.020172846444230751 -0.035503260527451945 -0.023345951724215563 -0.0080876308556338036 -0.00088576106452190485 -0.038197018120021367 0.012222411317788074 -0.010427022887642714 0.0223018760619801 -0.003907153587188324 -0.024112228512402592 -0.021020827738638469 -0.010816008577653025 -0.011028124482758162 -0.021539538913198493 0.026837136487856086 0.01514577876142382 0.019969294098340817 -0.049247538493800709 0.0086115145789665472 -0.04279215601833368 -0.001416819922979278
leaf_weight=21.995536111993715 53.350196811981732 70.867717754656042 59.715361502720043 11.002039574552326 559.04402083543391 62.548272653119056 557.71093157069117 371.56046870991122 188.9001578551397 7145.998810094381 38.135507674262044 32.325302289333194 55.24814547423739 144.89697429072112 7.348754675127565 123.56622849917039 35.507435177685693 100.59292524226476 6.997448726091533 1147.5603820804972 490.7190955094411 67.20443852522294 58.297964773373678 6.2941178477194617 20.330586790572852 1970.6398777730647 69.260199724463746 50.301912338007241 94.703980454127304 231.01568261173088 110.98555039125495 371.5559108835223 11.513820858337565 196.22760074114194 800.84000524001021 45.956432707200292 10.421009389916433 276.84050366887823 11.181099508889018 7.2638754351064589 134.484705509778 23.799204654598725 276.56619967485312 541.42529459117213 464.90065207972657 17.850718517205678 363.95223439962137 146.50928424263839 169.35972278926056 434.61995776183903 18.500690595828928 74.862231859005988 228.28459081244364 160.7862977940822 29.701794186315965 81.147559851291589 47.188067405717447 96.705361386295408 5.1680181953124693 674.59979386554915 15.773253620369358 282.26488492253702
leaf_count=232 5376 13133 356 309 38321 8355 78124 8645 10251 287684 5422 5630 2635 1462 212 1390 1072 5133 582 21890 7951 2841 1852 230 1855 11553 409 1045 1038 4213 2998 22176 1533 13913 41793 3220 435 4727 435 61 7856 7768 17845 42591 21789 310 6005 5658 2029 3866 635 1138 25327 13911 6145 637 3443 1496 211 16245 1073 8543
internal_value=0.000193521 -0.000811502 -0.000168279 -0.00333379 -0.00281222 0.000467537 -0.00705024 0.0107416 -0.0018407 0.000991911 -0.0122311 -0.00103435 0.0125878 0.000358392 0.0119896 -0.00133099 -0.000943063 -0.00297319 4.53434e-05 0.000109226 -0.000564462 0.0012626 -0.00116664 -0.0260644 -0.0137484 0.00856824 -0.00518765 -0.022687 0.00651621 0.0022345 0.00578582 0.00074005 -0.0017972 -0.00716278 -0.00893429 -0.0011807 0.00613421 0.0144274 -0.0218228 0.00868501 0.00887653 -0.00702953 -0.00964351 -0.013739 -0.00291409 -0.0190647 -0.00102931 0.00333572 0.00510644 0.00269639 0.0172243 -0.0030278 -0.0147894 -0.0154897 0.00689957 0.00775106 -0.00617807 -0.000346132 0.0143182 0.00612868 0.00474876 -0.00413986
internal_weight=19984.9 17847.6 16194.6 4341.4 4270.53 2404.8 1652.98 437.811 1966.99 11853.2 891.65 761.328 426.809 10710 275.812 130.915 1904.44 1581.05 10434.2 10427.2 9279.61 701.684 634.479 59.6443 853.514 2137.31 166.672 72.2974 483.394 388.69 342.001 602.154 543.856 1097.66 997.068 8501.63 777.981 287.262 46.6885 94.3748 323.385 1865.74 1306.69 817.991 488.7 25.1146 8455.68 1309.68 1163.17 975.308 187.86 611.356 833.184 172.3 1143.2 1113.5 275.473 536.493 101.873 1032.35 972.638 298.038
internal_count=815013 801403 633683 250093 236960 108646 167720 11589 97057 383590 114171 53549 11280 350591 3064 1602 88702 70595 347527 346945 325055 47943 45102 5606 108749 13610 2057 1277 9756 8718 7211 39472 37620 60839 55706 311942 13113 5162 1507 780 18107 128314 89993 60436 29557 371 308722 21038 15380 12716 2664 6711 106894 15444 32999 26854 28770 5573 1707 26217 25861 9616
cat_boundaries=0 1 2 3 4 5 6 7
cat_threshold=35341 99782 151616 2 148161 131232 227
is_linear=0
shrinkage=0.05


Tree=72
num_leaves=63
num_cat=9
split_feature=2 29 26 16 21 45 29 30 46 18 25 33 7 15 45 17 12 17 33 47 21 35 19 35 9 18 19 35 33 26 46 48 4 16 48 29 45 43 20 20 23 31 2 23 17 14 16 17 13 23 21 47 45 17 17 19 30 29 37 48 29 48
split_gain=39.0038 44.9797 22.9871 20.8206 19.9476 21.542 18.8942 18.7827 18.4365 23.3148 22.0174 18.3108 18.2253 17.2184 17.0926 15.7413 15.1667 14.5918 20.3078 19.991 15.4878 18.4257 14.5334 20.7607 14.043 14.9832 18.4941 32.0829 22.1007 17.1018 15.1977 14.8203 14.6304 14.0234 17.3567 18.9811 13.9471 13.5593 14.7689 14.5446 13.4358 15.8209 13.37 13.3041 13.6195 13.2418 13.2081 14.5846 17.0877 13.0232 19.7454 12.9758 12.8225 23.4503 17.3582 16.8137 15.0409 15.038 15.481 14.4241 12.8038 13.8247
threshold=4.5000000000000009 1.5186206698417666 1.5000000000000002 0.23669467866420749 0.50167784094810497 0 1.6796225905418398 20.500000000000004 1 0.31866537034511572 11.500000000000002 9.5000000000000018 0.89278805255889904 0.067075666040182128 2 0.12158167362213136 4.5000000000000009 0.16767068207263949 9.5000000000000018 3 0.10408333316445352 0.78759399056434642 181.50000000000003 0.77097901701927196 71.500000000000014 0.40824915468692785 143.50000000000003 1.0000000180025095e-35 47.500000000000007 62.500000000000007 4 2.2350438833236699 8.5000000000000018 0.19756097346544269 1.6006071567535403 0.31009615957736975 5 6 0.024589024484157566 0.016454568132758144 54.500000000000007 10.500000000000002 9.5000000000000018 46.500000000000007 0.44671201705932623 5.5000000000000009 0.88762626051902782 0.230463981628418 1.5000000000000002 50.500000000000007 0.67833280563354503 7 8 0.36108361184597021 0.26699671149253851 37.500000000000007 9.5000000000000018 2.265863418579102 38.500000000000007 1.0568711757659914 3.6264535188674931 4.2238008975982675
decision_type=8 2 2 8 2 9 2 2 9 10 2 10 8 10 9 10 8 10 8 9 2 10 2 8 2 8 2 10 10 2 9 10 8 10 10 2 9 9 2 2 2 10 8 2 10 2 10 10 2 2 2 9 9 10 10 2 2 2 2 10 2 8
left_child=4 2 -2 6 5 7 -3 -1 -7 11 -11 -10 36 -6 15 -14 22 18 20 40 21 -18 -5 60 25 26 45 30 -29 -30 -28 -27 -32 34 35 -15 -4 -34 39 -39 -19 46 43 44 -17 -16 47 -42 -49 50 -38 -51 53 54 55 -35 -56 -57 -59 -54 -24 -62
right_child=1 3 12 16 13 8 -8 -9 9 10 -12 -13 14 33 24 42 17 19 -20 -21 -22 -23 23 -25 -26 31 27 28 29 -31 32 -33 37 52 -36 -37 49 38 -40 -41 41 -43 -44 -45 -46 -47 -48 48 -50 51 -52 -53 59 -55 56 57 -58 58 -60 -61 61 -63
leaf_value=0.016246560640556393 -0.02212415491842723 0.0055875155123658359 0.007525234610128103 0.016004678037270216 0.022877225294745465 -0.030438434915235346 -0.0085701077715500378 -0.048361206451955595 -0.0071892004351644771 -0.040948464864896061 0.0015444638319510695 0.031111410829366894 -0.0097659960955783272 0.02547038156066055 -0.00069108125163721244 -0.040215799921908629 0.025457652476119842 0.008903169391359456 0.0012164496579235183 -0.025855554842555906 -0.00931401012125113 -0.023496784123578366 0.017122902970646663 -0.00067889248638264722 0.011239742120591928 0.0023939819288979281 0.025594250497659871 -0.016538308065898795 -0.031279817869063059 0.02249926531951417 0.02864333328514182 -0.033244343336523922 0.0084721487455024346 -0.022152764018773197 0.018154396274754323 -0.041645074104687763 0.020883406985186734 -0.01885096200679658 -0.041471535481638559 0.0066206044415360729 0.016091780439805869 0.015999921189818096 -0.003887534843914864 0.020489125531187986 0.025451416257645711 0.036856537739730022 0.0022758974558846376 -0.055523449663820126 -0.0098257024010043048 0.010537549574787183 -0.017240975267210242 -0.026528552194957412 0.0045610217600207522 0.01106123594422548 -0.010281162340322187 0.012486040698474454 -0.05689219691255662 -0.067349692142763984 0.0066937895963975124 0.015167292239481876 -0.04905833328694726 0.033016640145813507
leaf_weight=144.38450037327129 166.15256472002511 313.33141599933151 66.209921459609177 324.49457383900881 164.22546918014996 77.146042029373348 911.50263511601952 7.3507469608448437 59.784520559711382 53.777098912280053 62.603378111729398 56.990300006815232 1393.3251082583447 9.7009461123961938 1325.7395133313985 16.36481038515922 64.968619985680562 1163.9982027747901 4932.3986789598712 35.022444920672569 778.27946583923767 22.086694604135118 291.38308777485508 730.99992735270644 212.04525429359637 1726.5874777012941 46.105243819416501 781.09687963555916 14.306803147192111 61.910043855197728 32.532241285312921 24.684715960000176 130.35375877068145 66.777440458070487 25.421742791309953 45.320255540311337 46.268111185694579 106.32612014183542 29.721892267232761 109.00435221847147 16.473206045804545 71.582953603006899 667.24866276077228 109.71822518354747 8.3105085573624802 18.903151036938652 98.809012484154664 35.309017878316808 46.97630917862989 22.994006270950194 96.227980006762664 228.27400746996864 642.13521387137007 289.15745029319078 47.206364668265451 147.73767968569882 25.227019763784483 8.0640366510488111 13.607399569125844 647.55267413909314 10.779554293258112 3.4854083964601168
leaf_count=1566 96492 11497 10002 3471 1059 1838 54766 174 828 1420 515 830 67778 117 76181 335 1561 36728 97176 2219 47246 1843 3665 8876 2721 57944 1697 56403 950 1629 260 2070 4274 738 130 546 4968 7012 2183 4063 452 2401 47831 2252 70 308 2843 2826 940 3416 16012 45687 5383 2109 437 1116 378 98 69 3874 511 11
internal_value=-0.000210788 -0.00106889 -0.00400192 0.00114713 0.00550021 -0.00388547 -0.00494038 0.0109736 -0.011203 -0.00338322 -0.0189686 0.0120128 -0.00357308 0.00753843 -0.0029171 -0.00653375 0.00201377 0.00110415 -2.49175e-05 0.00554773 -0.00706703 0.0124359 0.00684758 0.00391813 -0.00117669 -0.0017888 -0.00415303 -0.00836592 -0.0140311 0.0111001 0.00236721 0.00179843 -0.00112851 0.00620365 -0.01368 -0.0286757 -0.0131552 -0.00408074 -0.0107048 -0.00609914 0.0065367 -0.00343489 -0.000971119 0.0131286 -0.0175375 -2.86459e-05 -0.0106977 -0.023162 -0.0314921 -0.0164593 -0.00457379 -0.0236211 0.00708499 0.0009123 -0.00859227 -0.0018172 -0.0291402 0.00660392 -0.0283189 0.00984837 0.0147465 -0.0256403
internal_weight=19886.5 17292.3 7440.41 9851.88 2594.17 462.037 1224.83 151.735 310.301 233.155 116.38 116.775 7274.26 2132.13 6814.28 2194.97 8627.05 7265.9 5797.73 1468.17 865.335 87.0553 1361.14 1036.65 4619.32 4407.27 2656 1311.36 857.314 76.2168 454.044 1751.27 407.938 1967.91 80.4429 55.0212 459.974 375.406 245.052 215.33 1433.15 269.15 801.642 134.394 24.6753 1344.64 197.568 98.7585 82.2853 393.764 142.496 251.268 1887.47 597.777 308.62 236.187 72.4334 169.409 21.6714 1289.69 305.648 14.265
internal_count=814795 791570 512538 279032 23225 7171 66263 1740 5431 3593 1935 1658 416046 16054 335961 118266 212769 196235 147826 48409 50650 3404 16534 13063 217695 214974 154960 78471 58982 2579 19489 60014 17792 14995 793 663 80085 17532 13258 11075 46190 9462 50488 2657 405 76489 7061 4218 3766 70083 20980 49103 14202 4945 2836 2021 815 1283 167 9257 4187 522
cat_boundaries=0 1 2 3 4 5 6 7 8 9
cat_threshold=1079588 230532 102017 104900817 34176 156933 8256 2131776 1740935
is_linear=0
shrinkage=0.05


Tree=73
num_leaves=63
num_cat=5
split_feature=1 33 6 48 14 25 46 23 35 29 31 6 11 46 7 49 6 5 49 19 35 26 23 47 47 22 16 18 36 34 49 30 25 20 49 29 21 35 48 8 24 26 1 19 33 10 35 10 47 34 25 15 34 19 5 14 30 26 15 15 49 4
split_gain=52.9131 28.1 20.4454 18.4047 17.4693 23.1548 20.4487 17.5217 17.4347 23.1279 21.8799 17.1522 15.4971 22.8945 20.651 19.0412 16.721 15.3759 14.9741 14.931 14.5903 15.5594 14.5184 14.0935 13.4302 13.1246 13.1192 13.0053 15.4217 15.0527 17.136 21.3576 26.8459 13.3041 17.3231 19.9422 12.6592 12.415 15.5478 12.2016 12.4854 11.8734 15.6186 12.6527 15.7709 20.3336 11.7771 11.7794 11.751 14.8926 11.7085 14.8143 11.457 11.4514 13.6486 11.3674 11.4573 15.4122 14.0678 20.3596 15.1129 15.9271
threshold=8.5000000000000018 5.5000000000000009 4.5000000000000009 0.39300721883773809 1.0000000180025095e-35 26.500000000000004 0 51.500000000000007 0.22474747896194461 0.73721536993980419 12.500000000000002 7.5000000000000009 5.5000000000000009 1 0.8768775761127473 26.491062164306644 14.500000000000002 0.053198248147964484 0.62658691406250011 5.5000000000000009 0.71198156476020824 24.500000000000004 3.5000000000000004 2 3 41.60241889953614 0.48212005198001867 0.36515152454376226 5.5000000000000009 0.025698925368487838 8.6928329467773455 10.500000000000002 72.500000000000014 0.033213090151548393 7.3893165588378915 2.050957560539246 0.1353641748428345 0.14642857760190967 1.977211654186249 14.500000000000002 2.5000000000000004 99.500000000000014 54.500000000000007 8.5000000000000018 23.500000000000004 6.5000000000000009 0.12916667014360431 2.5000000000000004 4 0.020648681558668617 75.500000000000014 0.44222222268581396 0.026273793540894989 129.50000000000003 0.30086509883403784 2.5000000000000004 30.500000000000004 70.500000000000014 0.35857143998146063 0.43649193644523626 0.99778747558593761 7.5000000000000009
decision_type=8 8 8 10 2 2 9 2 10 2 10 8 10 9 8 2 10 8 2 2 10 2 2 9 9 2 8 8 2 10 2 2 2 2 2 2 2 8 10 10 2 2 10 2 10 8 10 10 9 10 2 10 10 2 10 2 2 2 10 10 2 10
left_child=8 2 20 -4 5 6 7 23 9 36 -11 48 13 14 -7 16 27 -8 -15 -5 21 -2 -21 39 -10 -20 -27 28 -14 33 31 32 -31 -29 -35 -36 -1 38 -28 40 -3 42 43 44 -6 -46 52 -48 49 -9 51 -22 -43 54 -19 56 58 -58 -45 -60 -61 -62
right_child=1 4 3 19 41 12 17 11 24 10 -12 -13 15 18 -16 -17 -18 53 25 22 50 -23 -24 -25 -26 26 37 29 -30 30 -32 -33 -34 34 35 -37 -38 -39 -40 -41 -42 46 -44 55 45 -47 47 -49 -50 -51 -52 -53 -54 -55 -56 -57 57 -59 59 60 61 -63
leaf_value=-0.0013698160600245778 -0.029215453450279167 0.017289249634800469 -0.028844595179847443 -0.033789927812008867 0.026047343620718401 0.038589265386797834 0.018417567856434579 -0.030200650518530166 0.01823823109342506 0.0097621476372101428 -0.034438271939096647 -0.015090582070671427 -0.0032005389360969423 -0.028516302122645044 0.0074291223166028826 -0.01755033126068788 0.024246902261289002 -0.014938236765263456 0.0017946528709341136 0.033263765987948689 -0.028568252058011813 0.021390658149850694 -0.0059774224493747913 -0.021106487201310007 0.0069602070767067177 -0.049391654022519119 0.024401881055485745 0.0012447510749119275 -0.021706377939982945 0.014820211158230599 0.015947465495828116 0.021848104912819431 -0.035670829075309073 0.0021988086060672151 -0.0026266874974135938 -0.019269153351506901 -0.059854240526456749 -0.014917901649754334 -0.039392333432253401 -0.0165292326676965 -0.025092156362791163 -0.024184787680536439 -0.054086828369632571 0.0043168016522975384 0.021811923009172157 -0.045240193982070423 0.018863533674349692 -0.030550925779232276 0.027640386447785433 0.0081875800670040046 0.014287574746253213 0.0086958839622810428 0.020202593631689858 -0.028657978231872817 0.018240210465405617 0.01160291141194361 -0.026867960078084202 0.020943051708638354 -0.022602072913946274 0.026276340370237933 -0.0057704404186878638 0.018217514817756866
leaf_weight=14.479281477630137 12.509962681215255 240.95563950549695 88.658116047823569 43.135384253939264 107.69847038545413 51.987138618249446 28.466345748049207 30.466179675015155 324.86664826062042 151.15397819434293 29.128292926121503 292.80807791714324 2411.8488152513164 39.79832112416625 901.59894183918368 172.08093188726343 60.238000378012657 310.00690319927526 2184.3601655909442 18.922509301628452 62.137320215348154 148.52715832769172 2252.3979751819352 26.626842348698119 1572.0340057029389 15.614190073683856 44.691547899856232 3016.7956244522356 113.34471026010578 38.572107492014766 296.16770621237811 47.319542275858112 65.116141881328076 507.0265078630764 421.29534849687479 311.73823074495886 21.860242785303853 133.54198447975796 7.1148116607218972 31.930527794058435 14.362472442153374 34.625374556519091 7.2162289308616883 1398.2168173054233 19.343601501197554 16.521241612383164 256.11002653837204 8.2678029104135913 28.801749194040895 83.177029125276022 50.483732561464421 41.140148212201893 18.373646643012762 147.02111438315478 30.14534127531806 257.441094098147 70.010653337172698 17.703375027747825 119.57198770577088 43.72627925616689 526.67026099225041 74.632285172585398
leaf_count=238 786 15342 21138 25885 3142 1621 2400 2196 1725 949 457 48903 87551 1812 19852 9602 898 80812 47472 427 3797 2730 195837 8661 9835 1222 864 57711 9154 943 7521 1479 2833 5815 4496 6225 378 4790 260 3985 15298 423 757 37542 394 1636 1884 242 1262 4147 1062 1191 117 19635 2018 4747 3295 252 3932 514 11981 1110
internal_value=6.32382e-05 -0.000825643 -0.00550045 -0.00707013 1.83909e-05 -0.000825658 -0.00721381 -0.0017733 0.00753324 -0.00579954 0.00188404 -0.00825104 -7.73486e-05 0.00272967 0.00922409 -0.00134939 -0.000955167 -0.0147084 0.000123793 -0.00617566 0.00640543 0.016698 -0.00557816 0.00714233 0.00906706 0.000660812 -0.0114078 -0.00118178 -0.00407244 0.000372646 0.00904647 -0.00456561 -0.0170704 -0.000548069 -0.00489709 -0.00978685 -0.0395356 -0.00699465 0.0129446 0.0104421 0.014469 0.00344708 0.00234338 0.00259847 0.0167797 -0.0108319 0.0125133 0.0167798 0.00584321 -0.00271406 -0.00456055 -0.0140081 -0.00838157 -0.0171102 -0.0117762 0.00175492 0.000605178 -0.0166092 0.00134001 -0.00409629 -0.000518317 -0.00266743
internal_weight=19912.6 17799.1 2717.91 2403.11 15081.1 12105 1264.77 749.129 2113.52 216.622 180.282 435.253 10840.3 3378.71 953.586 7461.54 7289.46 515.64 2425.12 2314.46 314.798 161.037 2271.32 313.875 1896.9 2385.32 200.963 7229.22 2525.19 4704.03 447.175 151.008 103.688 4256.86 1240.06 733.034 36.3395 185.348 51.8064 287.249 255.318 2976.13 2658.75 2651.54 143.563 35.8648 317.377 264.378 142.445 113.643 153.761 103.277 52.999 487.173 340.152 2507.97 2250.53 87.714 2162.82 764.601 645.029 601.303
internal_count=815183 801601 252853 243287 548748 476780 204659 99794 13582 2022 1406 56508 272121 77893 21473 194228 184626 104865 56420 222149 9566 3516 196264 43286 11560 54608 7136 183728 96705 87023 12776 5255 3776 74247 16536 10721 616 5914 1124 34625 30640 71968 69302 68545 5172 2030 2666 2126 7605 6343 6050 4988 540 102465 82830 63373 58626 3547 55079 17537 13605 13091
cat_boundaries=0 1 2 3 4 5
cat_threshold=562370 107969 373326032 6299667 37863632
is_linear=0
shrinkage=0.05


Tree=74
num_leaves=63
num_cat=10
split_feature=14 36 18 13 45 35 19 48 25 21 37 34 49 45 28 18 15 34 19 19 31 49 46 27 22 5 27 20 11 34 5 45 45 37 46 48 19 46 25 5 17 17 6 11 27 48 49 31 34 33 43 27 30 34 37 45 26 46 32 34 7 11
split_gain=42.0495 36.5094 23.5541 19.26 17.1001 15.2081 22.3424 14.7115 17.916 13.9612 18.4536 13.7389 13.6871 14.0839 13.5231 17.2463 13.5746 13.4422 20.5932 13.1986 22.4209 13.1082 14.5904 13.3038 13.4616 13.0836 15.0554 14.6572 13.0421 13.0374 12.2778 15.557 12.872 12.2513 20.8381 12.0785 13.9605 15.5489 16.8012 13.9415 13.9244 13.8065 11.5658 11.462 17.6378 19.3956 11.3621 11.3459 10.7016 10.6914 15.4586 17.3703 18.1113 13.7552 12.227 13.1409 18.535 12.2192 15.0456 17.0492 12.0718 14.4817
threshold=1.0000000180025095e-35 1.5000000000000002 0.087102424353361144 1.5000000000000002 0 0.33974359929561621 327.00000000000006 1.0693987607955935 34.500000000000007 0.90072739124298107 17.500000000000004 0.013509778305888178 22.015104293823246 1 208.50000000000003 0.42558647692203527 0.038585608825087554 0.014178436715155842 303.50000000000006 8.5000000000000018 29.500000000000004 25.155297279357914 2 269.50000000000006 47.491176605224616 0.18730541318655017 160.50000000000003 0.013197139836847784 10.500000000000002 0.042367514222860343 0.08643363788723947 3 4 22.500000000000004 5 0.40088985860347753 126.50000000000001 6 38.500000000000007 0.21092930436134341 0.36451049149036413 0.12158167362213136 6.5000000000000009 17.500000000000004 192.50000000000003 1.3125942945480349 14.113140106201174 1.5000000000000002 0.032908175140619285 25.500000000000004 7 87.500000000000014 4.5000000000000009 0.038139831274747855 19.500000000000004 8 112.50000000000001 9 2.5000000000000004 0.05462389066815377 0.81752261519432079 14.500000000000002
decision_type=2 2 10 2 9 8 2 10 2 2 2 8 2 9 2 10 10 10 2 2 10 2 9 2 2 10 2 2 8 10 10 9 9 2 9 10 2 9 2 10 10 10 10 10 2 10 2 8 10 8 9 2 2 10 2 9 2 9 10 10 10 8
left_child=1 3 12 4 29 6 17 8 33 10 -7 -11 13 -3 -8 16 48 18 46 20 -9 23 -23 24 25 27 35 47 -12 -1 31 -4 -32 34 -2 -27 -37 39 -39 -38 41 -41 -10 -13 45 -45 -5 -6 -16 50 51 52 -29 60 55 56 -51 -53 59 -59 61 -52
right_child=7 2 30 5 21 9 14 19 42 11 28 43 -14 -15 15 -17 -18 -19 -20 -21 -22 22 -24 -25 -26 26 -28 49 -30 -31 32 -33 -34 -35 -36 36 37 38 -40 40 -42 -43 -44 44 -46 -47 -48 -49 -50 54 53 57 -54 -55 -56 -57 -58 58 -60 -61 -62 -63
leaf_value=-0.0096337458978762707 0.0035396326152322987 -0.00078413773642245119 -0.0021667476871996679 -0.034880558575792094 -0.043068753622664817 -0.050141314503239824 -0.022865853040986803 0.022503199764499941 0.009663892849016498 -0.050326566638966952 -0.0032994796573954247 0.012385900439968102 -0.035034413186991652 -0.016103838323385352 0.0029802588689118274 0.021937699481201858 -0.04772895143419803 0.018527398951299619 0.032400015648256793 0.0053564701588100887 -0.03222989531804251 0.012216585507718286 -0.016421309137530048 0.0048437405513050286 0.026869254995734518 0.04288213818710096 -0.017723825116567671 -0.03030592239838999 0.0049045835312899778 -0.048923250864749336 0.014831520387157014 -0.013732159167116613 -0.0020837191400791045 0.00058708240598811471 -0.023941723367400341 0.022348227216101135 0.037059498736938916 -0.036742526012273312 0.023352400787095856 -0.020951176519896555 -0.024079560352437468 0.028261873546194749 -0.016218339288858505 -0.064641182247977311 0.0061802575031691589 0.017912110306364103 0.013603480365067642 -0.009582702290944085 -0.047885332425790177 -0.037275025366924071 0.0063905153779347957 0.0056351061844899042 -0.00020834602863021502 -0.033924671676740133 -0.00084441499573455659 0.019549763206470297 0.017780919010978235 -0.040151348655592167 0.009408253519916969 0.031683483715037278 0.014396002830252731 -0.017132884507521699
leaf_weight=325.039974173269 133.7033372099977 226.03114901660592 932.33612740576064 36.559632673859596 23.962918764023925 13.647788800531997 57.044180477620102 207.20039494684897 713.79278243414592 4.9924914297880596 1267.0082244797377 468.41278699040413 65.072514307794336 496.59729603035521 125.1633677217178 76.477551571559161 12.752528563607482 443.05997335829306 21.102588866837323 2629.0787401623675 16.153202813991811 45.486152695215424 222.92438925262832 1018.949305915914 37.087898528450751 23.734678045031615 45.560168548952788 87.361970640049549 777.3987692350056 18.116944241759484 147.74658057902707 417.97088778646867 358.15789585074526 2199.2687485492206 126.47952703363262 106.35365653887857 30.118781178200152 42.345519409806002 11.619033370399846 16.09907429816667 32.728109862073325 42.813262627925724 41.477667753119022 16.267628738423813 78.435606556711718 8.0013304594904167 13.888629843480883 254.62794214648602 6.2354652718640855 25.279953310353449 80.67927368672099 549.77271838393062 109.08865851971495 61.338623980278498 3925.7260753910014 131.60006487164355 26.500383033533581 47.73480110859964 37.469480411964469 5.9571212236769489 44.243522011558525 296.72140344392392
leaf_count=43351 3439 25815 72503 911 3858 200 1875 3268 7394 296 13512 6629 13677 67853 2100 1004 422 6315 187 41637 347 3719 17646 18105 4646 1031 1971 10161 13786 2972 6841 76378 27390 62067 5918 4404 847 4110 202 1253 1937 1671 941 1134 1989 261 225 25259 250 1652 3010 18460 11872 6511 118829 3131 510 3318 1629 135 4614 27235
internal_value=0.000292177 -0.00123334 -0.0065101 1.98585e-05 -0.00136368 0.00313735 0.00918841 0.00375954 0.00143668 0.0013034 -0.00062754 0.00814739 -0.0137285 -0.0115824 -0.002224 0.00350144 -0.00668719 0.0153085 -0.00453225 0.00637033 0.0179258 -0.000842503 -0.0115873 -0.000430517 -0.00131528 -0.0015098 0.0077879 -0.00208846 -0.000175478 -0.0120352 -0.00341823 -0.00590144 0.0032026 -0.000635769 -0.0107884 0.0118126 0.00849704 -0.000272513 -0.019597 0.00952221 7.92271e-06 0.0142264 0.00814519 0.00909088 -0.00581433 -0.0390135 -0.0215096 -0.0131716 -0.0011004 -0.00150818 -0.00541315 -0.00118606 -0.0140128 -0.0123768 -0.000248352 0.0121956 -0.00851419 0.00280509 -0.012911 -0.0301611 -0.00917137 -0.0120863
internal_weight=19864.6 13797.4 2643.91 11153.5 7727.04 3426.45 792.284 6067.15 3214.72 2634.16 2058.05 576.11 787.701 722.628 277.673 220.629 144.151 514.611 71.5509 2852.43 223.354 7383.88 268.411 7115.47 6096.53 6059.44 351.372 5708.06 2044.41 343.157 1856.21 1350.31 505.904 2459.45 260.183 305.812 282.077 175.724 53.9646 121.759 91.6404 58.9123 755.27 571.117 102.705 24.269 50.4483 278.591 131.399 5429.47 1320.37 837.385 196.451 482.983 4109.11 183.38 51.7803 640.934 91.1614 53.6919 421.644 377.401
internal_count=814613 689602 290457 399145 348049 51096 13289 125011 79759 37807 27498 10309 107345 93668 5651 3776 2772 7638 1323 45252 3615 301726 21365 280361 262256 257610 17426 240184 27298 46323 183112 148881 34231 71424 9357 15455 14424 10020 4312 5708 4861 2924 8335 10013 3384 1395 1136 29117 2350 211067 86945 45575 22033 41370 124122 5293 2162 23542 5082 3453 34859 30245
cat_boundaries=0 1 2 3 4 5 6 7 8 9 10
cat_threshold=39940 1249794 170065 1656513 14726 36482 28994 69760 393288 70691
is_linear=0
shrinkage=0.05


Tree=75
num_leaves=63
num_cat=12
split_feature=1 13 45 18 34 45 1 46 14 11 18 5 46 49 18 46 19 46 35 7 29 7 10 29 8 33 11 49 46 27 28 9 21 31 11 17 46 45 17 33 46 49 45 22 5 45 23 29 10 20 17 48 1 16 14 6 21 21 49 37 29 29
split_gain=60.436 31.3949 21.9238 20.4971 21.4199 19.8889 17.7839 17.2691 16.6674 16.5733 16.4106 22.3491 25.3187 17.3531 16.6704 15.9601 15.5567 20.0375 15.7356 17.9642 16.3557 15.2846 15.0381 14.7843 14.5683 13.5505 15.9691 13.1851 13.557 13.1545 17.1391 15.9975 15.9536 13.6698 17.5629 16.6579 13.0505 14.6406 12.8034 13.1365 12.6508 15.6539 19.7007 14.5824 13.5153 12.9472 16.0769 14.8574 13.1274 16.2773 14.147 12.7297 12.634 12.6248 12.5211 12.2322 12.2043 12.0347 11.7296 11.6763 11.6459 25.907
threshold=6.5000000000000009 1.5000000000000002 0 0.11822947114706041 0.039019480347633369 1 13.500000000000002 2 5.5000000000000009 27.500000000000004 0.071796759963035597 0.20049041509628299 3 14.188646316528322 0.03861061483621598 4 90.500000000000014 5 0.534959375858307 0.8768775761127473 3.7905281782150273 0.77235203981399547 4.5000000000000009 2.4083334207534794 13.500000000000002 6.5000000000000009 31.500000000000004 9.0856018066406268 6 189.50000000000003 52.500000000000007 163.50000000000003 0.40339373052120214 10.500000000000002 5.5000000000000009 0.034683240577578552 7 8 0.062114197760820396 21.500000000000004 9 4.5395202636718759 10 29.480176925659183 0.20621034502983096 11 21.500000000000004 0.7288537621498109 4.5000000000000009 0.01688212621957064 0.97619047760963451 0.87771689891815197 11.500000000000002 0.12613636255264285 1.5000000000000002 12.500000000000002 0.76910385489463817 0.96735578775405895 15.120901107788088 33.500000000000007 0.48834688961505895 0.70222854614257824
decision_type=8 2 9 8 10 9 8 9 2 10 10 8 9 2 10 9 2 9 8 8 2 10 10 2 10 8 10 2 9 2 2 2 2 10 10 10 9 9 10 10 9 2 9 2 8 9 2 2 10 2 10 10 8 10 2 8 2 2 2 2 2 2
left_child=9 2 7 10 8 36 -7 -2 15 60 13 -12 -13 14 40 -5 17 54 19 21 25 -18 55 56 -19 -20 -27 28 -16 30 -21 32 -31 -34 35 -35 -6 -38 39 -25 -4 42 -42 -43 -44 -45 -47 -48 49 51 53 -49 -14 -51 -3 -8 -15 -32 -41 -22 -1 -62
right_child=1 16 3 4 5 6 22 -9 -10 -11 11 12 52 23 27 -17 18 24 20 29 59 -23 -24 38 -26 26 -28 -29 -30 31 57 -33 33 34 -36 -37 37 -39 -40 58 41 43 44 45 -46 46 47 48 -50 50 -52 -53 -54 -55 -56 -57 -58 -59 -60 -61 61 -63
leaf_value=0.020368949389241373 0.019534619689068788 0.0020306946931774924 -0.016572791601750785 0.010616041080220238 0.0071835145874452697 0.011356752856707644 -0.0021648525508188364 -0.016392552224747097 0.032801598322163242 -0.033814726114960933 0.042169544658735944 0.0099158982314794895 -0.065053676389036127 -0.0074199779396506077 0.020333217420923345 -0.00045539957014419119 0.0040084991039128354 0.019302020320225807 -0.0085784823146748488 -0.012749074794112939 0.025633721693970914 -0.05095454316478211 0.01540938910076415 -0.023752874983270972 -0.028663396880760861 -0.0004779099852789603 0.014773253469059803 0.028252412699351456 -0.011195363262405302 0.023037863434016953 0.016361077976288961 0.033065849209898183 0.0013904069365238505 -0.047611404235192119 -0.045396997193352898 0.014256269625366158 0.0046858696830318217 -0.031031802787883336 0.014674314924396976 -0.047233152133826131 0.00024155061513243727 0.02007609741777068 0.010444033469956739 0.0043670248230114443 -0.026468495219078111 -0.027464093480526187 -0.020616547767872462 -0.0024736471029124497 0.026899188051613943 -0.0062911085615331656 0.015916104091182992 0.026513999583218734 -0.020528323658610011 -0.041931776585185397 -0.03452813227115302 -0.034859827685672147 -0.021783607264756838 -0.020956654863685451 0.0091765492382487601 -0.026426610318357746 -0.010045398425263034 0.009925969639354746
leaf_weight=203.78537986282026 25.79160496879922 94.517032320611179 136.27650149005058 324.33761590209906 185.30062728370103 35.061678166734055 35.075782197527587 372.77946386457188 33.898691542563029 17.890883109765127 11.929979153501334 67.675999852261157 13.375639006961135 337.53052094778832 41.722306802141247 7974.2798810111562 23.882848356617615 338.1468020179309 476.83812886811211 57.967311447253451 84.584027176722884 20.372092532343231 17.494889981549932 69.579025407641893 12.297448587603865 2778.9820272243815 177.92051715753041 75.148231359882629 70.821851075190352 70.278825496789068 547.59297610633075 36.274071318097413 640.65110456995899 9.2181995648425055 32.739984641317278 41.344301835633814 52.918327151302947 46.921302973569254 93.342994152160827 5.2133415516582309 258.38326431351743 92.263619794037368 26.097094605967868 664.18041680280294 171.92456956960086 71.471877068914182 82.809526246179303 91.019859289313899 42.396296977298334 55.987347461254103 26.18713050452061 58.945217164466158 291.32935049962543 42.934223829011898 25.922531154472381 168.63602694658039 270.04429496655939 18.349694318487309 91.862210253020748 8.1518064769916219 178.33267639385303 1475.6543000598904
leaf_count=1220 2902 2622 19250 16980 9096 317 2049 64936 337 148 488 4638 371 31352 2471 317949 782 5462 23937 1904 589 969 621 6355 541 41823 2981 3939 6076 1117 7587 177 12947 443 1954 735 2533 3728 3849 348 18925 6538 1201 36601 14426 7240 13456 6358 1320 2559 766 1476 24345 2822 897 18501 33910 1032 3412 749 1430 8543
internal_value=0.000155787 -0.000733742 -0.00211523 -0.00172525 -0.000480063 -0.0100703 -0.0196782 -0.0134435 0.000148731 0.00868522 -0.00511363 -0.0147564 -0.0171146 -0.00380179 -0.00124087 -4.32252e-06 0.0024156 0.0110574 0.00159564 0.00587833 -0.000230155 -0.023897 -0.0256095 -0.00968965 0.0167676 -0.000803085 0.000463161 0.0127505 0.00163802 0.0068631 0.0123212 0.00271358 0.00112914 -0.00114111 -0.0195865 -0.000292492 -0.00054778 -0.013961 0.000294728 -0.0079521 -0.00271404 -0.00144059 -0.00930227 0.00149505 -0.0204587 -9.55217e-05 -0.00631735 -0.00240513 0.00259118 -0.00156867 -0.0145822 0.00940808 -0.0227665 -0.0230332 -0.00639111 -0.029417 -0.0139298 0.0149782 0.00398188 0.0199396 0.00918417 0.00774887
internal_weight=19904.6 18029 12532.9 12134.4 8873.92 541.409 256.268 398.571 8332.52 1875.66 3260.45 384.311 372.381 2876.14 2008.57 8298.62 5496.03 470.884 5025.15 1498.67 3526.48 44.2549 221.207 867.572 350.444 3433.74 2956.9 187.692 112.544 1454.42 623.91 830.506 794.232 723.954 83.3025 50.5625 285.14 99.8396 259.998 166.655 1820.88 1684.6 456.405 1228.2 198.022 1135.93 471.751 400.28 317.47 275.074 125.109 149.965 304.705 98.9216 120.44 203.712 607.575 565.943 97.0756 92.7358 1857.77 1653.99
internal_count=815030 803689 694441 626603 372111 36845 21488 67838 335266 11341 254492 29842 29354 224650 145424 334929 109248 9522 99726 29647 70079 1751 21171 79226 6003 68741 44804 12486 8547 27896 10523 17373 17196 16079 3132 1178 15357 6261 13964 10115 132938 113688 34552 79136 15627 72598 35997 28757 15301 13981 6147 7834 24716 5381 3519 20550 65262 8619 3760 1338 11193 9973
cat_boundaries=0 1 2 3 4 5 6 7 8 9 10 11 12
cat_threshold=559616 406944 33856 31264 145952 222468 77568 13442 139264 543504 1458250 69775
is_linear=0
shrinkage=0.05


Tree=76
num_leaves=63
num_cat=11
split_feature=1 16 13 8 28 26 46 14 22 44 48 49 22 23 1 49 45 17 45 27 46 27 25 23 31 12 45 37 21 21 22 16 48 11 22 11 4 45 17 16 15 49 6 35 46 14 1 21 19 2 22 20 28 45 31 35 37 45 19 21 49 45
split_gain=45.1986 32.1668 31.3582 24.585 23.5642 22.2979 18.2329 17.4188 15.2129 20.8282 18.2706 15.0901 20.6231 15.6874 13.9205 18.3961 13.8195 13.5781 13.5305 16.9741 20.805 16.8134 16.7322 13.7047 13.4618 14.6541 14.6495 21.9058 27.307 18.2982 14.2716 25.0635 13.4258 13.1302 12.8349 13.2896 12.7451 12.7444 12.689 12.6188 14.5599 12.5152 12.4697 12.8214 20.0025 14.7896 15.1573 12.9734 16.2417 16.1016 13.7519 17.4178 12.7254 12.3782 12.2362 12.2256 12.019 11.9818 11.9655 11.9446 11.8759 11.686
threshold=2.5000000000000004 0.11200716719031335 1.5000000000000002 1.5000000000000002 16.500000000000004 50.500000000000007 0 5.5000000000000009 32.438749313354499 1 1.3125942945480349 27.324561119079593 37.965810775756843 2.5000000000000004 15.500000000000002 2.3186883926391606 2 0.66145834326744091 3 24.500000000000004 4 28.500000000000004 2.5000000000000004 54.500000000000007 6.5000000000000009 10.500000000000002 5 40.500000000000007 0.80418124794960033 0.65033984184265148 30.85362529754639 0.91042780876159679 2.6614154577255253 9.5000000000000018 40.932958602905281 17.500000000000004 13.500000000000002 6 0.23123827576637271 0.90070420503616344 0.14218328893184665 6.1618576049804696 11.500000000000002 0.84698995947837841 7 1.5000000000000002 24.500000000000004 0.38266237080097204 68.500000000000014 6.5000000000000009 33.328828811645515 0.013286289293318989 165.50000000000003 8 53.500000000000007 0.39565217494964605 58.500000000000007 9 131.50000000000003 0.24847046285867694 19.050380706787113 10
decision_type=8 8 2 10 2 2 9 2 2 1 10 2 2 2 8 2 9 10 9 2 9 2 2 2 8 10 9 2 2 2 2 10 10 10 2 10 8 9 8 10 10 2 10 8 9 2 10 2 2 8 2 2 2 9 10 10 2 9 2 2 2 9
left_child=54 4 3 7 -2 -5 -4 11 9 -6 41 13 16 36 -10 -16 -13 -18 19 20 -15 22 -21 37 26 30 27 -8 29 55 31 38 60 59 35 42 -3 -22 -26 40 -24 -11 43 44 45 46 -23 48 -46 -49 51 -51 -45 -14 -1 -29 -20 -58 -52 -17 -32 -7
right_child=1 2 6 5 8 61 24 -9 14 10 -12 12 53 18 15 33 17 -19 56 21 23 34 39 -25 25 -27 -28 28 -30 -31 32 -33 -34 -35 -36 -37 -38 -39 -40 -41 -42 -43 -44 52 47 -47 -48 49 -50 50 58 -53 -54 -55 -56 -57 57 -59 -60 -61 -62 -63
leaf_value=0.010931974130261913 -0.037701288621564986 -0.023261430001246072 -0.023477068166497621 -0.014022244168378531 0.015210128709564383 -0.011782604996440231 0.0079866314372217147 0.02514215018712734 0.022882098865758111 -0.0032900948625416322 0.0016066709712097447 -0.0021179089362221197 0.026797381474457024 0.01225905716901254 -0.047630704331113438 0.016469356332166042 -0.039019175223160091 0.0059858604373281494 0.00010591301080262595 -0.042391201489477497 0.00047409174086739055 0.014609492725715012 -0.038760720265937285 -0.034273251418410679 0.0092626406000101188 -0.013618869990345667 0.011399464464095064 0.010184180710706762 0.0077764311684662413 -0.034040270980745725 0.0035155439483771501 -0.050899727303018609 -0.046345802747891914 -0.0059810801170556158 -0.026517116169841617 -0.01066542794709765 0.034659970390337663 -0.023871786993021782 -0.0063903953701388953 0.044989510904446139 0.021687808843845097 -0.023175004956831894 -0.015758905948217074 0.0070403201293578674 -0.049261856831721823 -0.031836012000329428 -0.04199292880568007 -0.048029887288389632 0.0151589923782985 0.031541347770888656 -0.0047284958430249139 -0.014833912944327796 -0.0051290759767299845 -0.01407633572118238 -0.026359941351449215 -0.027404730594590282 0.021148573516746989 0.00058660789515622991 -0.03648674415579533 -0.026058085659913223 0.01577646911264468 0.018212973682743779
leaf_weight=1058.3228580795112 55.521483576543687 7.9302580863295589 47.077085444121622 593.58841949500493 139.75204997934634 38.05739752354566 680.21607067878358 60.769510680285748 23.756483462871984 149.31495533848647 444.04366567154648 86.830298272441723 34.374182714629569 58.257001381236478 31.654485081031453 14.954788569652008 98.644633940275526 18.534907234134153 8013.8577531495612 5.4559657391801002 118.80776514812896 173.82762937544612 8.9768265011953172 96.731394863527385 176.75573388760677 141.50487986090593 980.25312120019225 58.285380119690672 158.24070449412102 100.75496060901787 2111.6804952707316 22.275363701861352 8.0038207152392697 429.75753863833961 51.072850873577408 379.02990727286669 47.205208591971314 89.431158070794481 445.96070704137674 37.818063358659856 30.043718858389184 168.05426290763717 117.25644418993033 806.44414746225812 6.6441526907146899 17.62039104255382 7.8799808130133888 36.809523028554395 57.563002031238284 28.374189607333392 53.02370042342227 46.657155488850549 288.07979239901761 20.216145945480093 17.849310608115047 27.927374255843461 122.84587119010394 158.80068017418671 67.551098649331834 162.17332355194958 213.70263869094197 83.129864574177191
leaf_count=5370 40537 1682 3405 107702 4991 3700 12035 781 178 9361 18713 5850 2072 5500 3093 953 9167 838 271321 825 12975 9016 690 10601 4728 2950 17891 1033 3113 3152 35167 1068 364 27031 5880 25348 987 14117 6375 621 865 13990 14201 26894 389 720 485 845 2860 1089 2462 5079 15007 2012 160 992 3811 5618 5373 11669 3153 5713
internal_value=0.000253673 -0.000319152 0.00031796 -0.00108807 -0.00704471 -0.0100468 0.00356906 -0.000514833 -0.00583932 -0.0015924 -0.00489015 -0.0006653 -0.0124868 -0.000380129 -0.0115627 -0.013012 -0.0197068 -0.0295299 -0.000520669 -0.00366901 -0.0136278 -0.00202921 0.0194902 -0.0184898 0.00387831 0.00182636 0.007077 0.00277215 -0.00739089 -0.020096 0.00258176 -0.00397942 0.00440003 -0.0108319 -0.00290113 -0.00226114 0.0250876 -0.0113934 -0.00190895 0.0262056 0.00495836 -0.0140157 -0.00037012 0.000810236 -0.0058227 0.00630608 0.011096 -0.0136975 0.00541533 -0.0195574 -0.0131358 0.00357846 0.00382856 0.0138845 0.0101944 -0.00282697 0.000465254 0.0105258 -0.0232652 -0.022114 0.00467375 0.00920919
internal_weight=19835.9 18759.8 17140.8 11968.1 1618.98 714.776 5172.64 11253.4 1563.46 901.165 761.413 11192.6 258.6 10934 662.297 638.54 204.01 117.18 10878.9 2583.36 363.227 2220.13 82.2946 304.97 5125.56 3119.88 2005.68 1025.42 345.208 186.968 2978.38 644.992 2333.39 606.886 2137.83 2086.76 55.1355 208.239 622.716 76.8386 39.0205 317.369 1707.73 1590.47 495.951 199.328 181.708 296.623 64.2072 232.416 195.606 75.0313 1094.52 54.5903 1076.17 86.2128 8295.5 281.647 120.575 177.128 2325.38 121.187
internal_count=814568 809038 678522 583096 130516 117115 95426 465981 89979 47055 42064 465200 19939 445261 42924 42746 15855 10005 442592 161842 43193 118649 3001 37693 92021 53805 38216 20325 8290 5177 50855 12171 38684 39653 115648 109768 2669 27092 11103 2176 1555 23351 84420 70219 28318 10221 9501 18097 3249 14848 14003 6168 41901 4084 5530 2025 280750 9429 7835 12622 38320 9413
cat_boundaries=0 1 2 3 4 5 6 7 8 9 10 11
cat_threshold=58368 4 526219 35875 34592 538791 1026 72736 200802 1122568 233859
is_linear=0
shrinkage=0.05


Tree=77
num_leaves=63
num_cat=14
split_feature=1 33 1 25 10 14 45 46 26 16 33 35 45 19 46 19 21 25 17 19 17 46 19 23 29 25 23 36 17 19 49 15 18 22 25 16 45 12 34 47 26 37 45 34 35 17 23 45 7 34 45 46 27 6 19 49 45 49 47 22 45 33
split_gain=61.9764 25.7502 20.7331 19.9848 17.756 15.5797 14.779 15.968 14.5831 13.9775 16.4371 13.7625 20.8569 18.393 16.5527 16.4153 23.4692 21.067 20.1156 16.9064 16.11 13.8825 15.7797 16.175 15.314 13.6054 15.6076 13.5635 13.5617 13.5222 13.9555 13.6315 13.4511 16.6133 13.3397 13.2386 13.1858 12.7485 17.45 19.2166 20.7598 23.1112 17.0463 15.6119 12.9465 12.9138 27.0398 20.2149 17.7652 15.6977 14.8219 16.7817 14.2402 14.0254 13.2957 17.5849 15.8839 14.0731 17.4653 13.5842 12.7431 12.7313
threshold=2.5000000000000004 2.5000000000000004 38.500000000000007 10.500000000000002 7.5000000000000009 5.5000000000000009 0 1 25.500000000000004 0.055815160274505622 41.500000000000007 0.74133810400962841 2 129.50000000000003 3 102.50000000000001 0.87844833731651317 9.5000000000000018 0.54692083597183239 81.500000000000014 0.59729731082916271 4 35.500000000000007 54.500000000000007 1.0039370059967043 22.500000000000004 19.500000000000004 14.500000000000002 1.0000000180025095e-35 601.00000000000011 6.5954370498657235 0.022991543635725979 0.56385868787765514 35.500928878784187 30.500000000000004 0.2522727251052857 5 7.5000000000000009 0.016646892763674263 6 161.50000000000003 48.500000000000007 7 0.011849152855575086 0.74679487943649303 0.024465059861540798 47.500000000000007 8 0.71313562989234935 0.023967944085597995 9 10 433.00000000000006 14.500000000000002 342.00000000000006 10.805664062500002 11 21.901765823364261 12 39.191608428955085 13 44.500000000000007
decision_type=8 8 8 2 8 2 9 9 2 8 10 10 9 2 9 2 2 2 10 2 10 9 2 2 2 2 2 2 10 2 2 10 10 2 2 10 9 8 8 9 2 2 9 10 10 10 2 9 8 10 9 9 2 10 2 2 9 2 9 2 9 10
left_child=-1 4 11 6 -2 8 7 -4 60 10 -5 12 -3 20 -15 18 17 -17 21 -20 25 22 -14 -24 -23 26 -13 34 -8 37 -31 -32 -28 -34 -27 -18 -26 38 42 -40 -41 -42 43 -11 -45 52 48 49 53 -48 -49 -52 54 -47 57 -56 -57 -39 -59 -60 -6 -44
right_child=1 2 3 9 5 -7 28 -9 -10 29 -12 13 15 14 -16 16 35 -19 19 -21 -22 24 23 -25 36 27 32 -29 -30 30 31 -33 33 -35 -36 -37 -38 45 39 40 41 -43 61 44 -46 46 47 50 -50 -51 51 -53 -54 -55 55 56 -58 58 59 -61 -62 -63
leaf_value=0.011301050260085243 0.0030067244138768131 0.021191044798003461 0.0071998214804904429 -0.0087351815876602901 -0.004788395955531227 0.036560777926520592 -0.027358729006540922 -0.013049318277845768 -0.0067474856288081159 0.035552557074897399 0.0041495584561682336 0.018684990361431522 -0.050501848155280915 -0.016586359938651856 0.017782326812524264 -0.049200817909323125 0.0059934928482492447 -0.0030023758721471495 -0.044912983157303014 0.014926525090138129 0.015291239680412523 0.020170696637571893 0.018489856619201796 -0.037218762621384363 0.0088914526175136541 -0.035406211792532213 0.0013443965910114532 -0.061542054950842563 -0.0078554336463670937 -0.021577263970488928 -0.0067853046447854939 0.015948431172593407 -0.051956782526906747 0.002402872977162233 0.0049523070231628817 -0.080088168862255005 -0.025995636198131819 -0.0021401472994549311 0.0070195287144728157 -0.021527411565752125 -0.012038471640016753 0.017815106843801005 -0.035298466240340935 -0.042556359256211124 0.017211681208953885 -0.041963955081239603 -0.0046350088823640537 0.017549741408097549 0.0079366358745549155 -0.031231569232440765 -0.026192881279454922 -0.00010971972766188245 -0.044566138697910422 0.029847870709828608 -0.0027657917765653555 -0.0084923944503523165 0.012121194014935034 0.0053890569381829486 -0.016117968269131977 -0.055237761245091888 -0.025105406286610333 0.010420380879480044
leaf_weight=1080.6583223236958 348.61141105822753 72.057843221817166 316.28605594798864 949.70766059868038 141.32108089133544 13.210647466126828 94.495617886896071 123.07902574651234 895.29183930954605 25.886159685906023 330.75707097072154 115.16886759339832 16.417222713236697 28.864647042937577 413.43024984421209 24.028027085936628 4.9046005718410042 169.94775926653529 33.409398052375764 14.111828548833726 209.9268350333441 166.61224904831033 35.743402092484757 14.157765298616139 58.662282040109858 26.175111394841224 522.7021045323927 10.057730288244782 979.29100646409643 126.88987404003274 406.2426896126708 73.667175686219707 22.690685263369232 27.689513656077906 56.729921045945957 14.948364066425709 28.96686816541478 4300.6708582463907 1798.9742999955197 126.19993222196354 124.36368025245611 125.15149768581614 73.067951539298519 13.571176332654431 13.693737624911591 25.679880005714953 130.41608649108093 97.537814259412698 1456.1614985261112 94.336446482106112 49.658976632519625 1347.620445178065 14.367278352961874 4.8618000345304599 680.88560834876262 104.12068604235537 531.35660809639376 89.85124909854494 189.19377085351152 21.928196499357 237.68095406768771 16.497066098847426
leaf_count=5535 9308 669 37061 53272 21222 217 48133 22534 83889 234 10217 816 833 574 3314 914 48 1818 851 146 1771 3080 462 513 530 296 9218 201 121335 2615 5518 1226 505 370 431 374 417 113328 27332 3557 1877 1267 2634 404 242 2643 8372 3750 47024 8280 3222 50197 1351 26 16067 6643 8117 3277 9175 1961 42904 305
internal_value=-0.000311082 -0.000989331 -0.000409987 -0.00106596 -0.00696958 -0.00967199 -0.00650182 0.00128391 -0.0102923 -0.000447317 -0.00540373 0.00425007 -0.00175187 0.00698487 0.0154058 -0.00502467 -0.0159564 -0.00981758 0.00131996 -0.0274138 0.00316858 0.00593519 -0.0128052 0.000734253 0.0110442 -0.000165535 0.00230021 -0.0176064 -0.00960161 8.0824e-05 -0.00716184 -0.00316716 -0.00112567 -0.0245606 -0.00907897 -0.0618946 -0.00526813 0.000467408 0.0037754 0.00489527 -0.00528025 0.00299126 -0.0128771 0.00923699 -0.0145226 -0.000373049 0.00218151 -0.00208643 0.00710839 -0.0155581 8.73604e-05 -0.00130506 -0.00175439 -0.0279417 -0.00161292 0.00281063 0.00876046 -0.00288001 -0.0132443 -0.0204202 -0.0184691 -0.0242115
internal_weight=19660.6 18580 16943.9 14856.5 1636.12 1287.5 1513.15 439.365 1274.29 13343.3 1280.46 2087.4 653.968 1433.44 442.295 581.91 213.829 193.976 368.081 47.5212 991.141 320.56 66.3184 49.9012 254.241 781.214 688.251 92.9628 1073.79 12062.9 606.8 479.91 573.082 50.3802 82.905 19.853 87.6292 11456.1 2317.41 2174.69 375.715 249.515 142.716 53.1511 27.2649 9138.65 3206.27 1719.57 1486.7 224.753 1494.82 1397.28 5932.37 30.5417 5918.01 1316.36 635.477 4601.64 300.973 211.122 379.002 89.565
internal_count=814422 808887 651347 623196 157540 148232 229063 59595 148015 394133 63489 28151 10655 17496 3888 9986 3154 2732 6832 997 13608 5835 1808 975 4027 11837 10909 928 169468 330644 9359 6744 10093 875 727 422 947 321285 37852 34033 6701 3144 3819 880 646 283433 123514 73821 49693 16652 57169 53419 159919 2669 158568 30827 14760 127741 14413 11136 64126 2939
cat_boundaries=0 1 2 3 4 5 6 7 8 9 10 11 12 13 14
cat_threshold=1642882 1447 29696 166209 70048 262378 33587200 329796 32906 28421 10257 34852 67142145 1968417
is_linear=0
shrinkage=0.05


Tree=78
num_leaves=63
num_cat=7
split_feature=1 33 45 45 45 49 48 18 20 49 13 10 47 1 35 48 34 28 18 22 43 37 34 47 9 20 49 48 48 48 25 18 43 27 49 49 22 34 34 29 48 27 28 29 35 30 21 48 48 29 19 25 17 48 11 22 1 10 7 6 48 37
split_gain=63.5612 20.4143 18.9537 18.5427 17.1561 22.636 17.4771 17.2913 16.3207 16.4356 15.8155 14.9986 14.4861 13.9798 16.0524 32.4324 15.9045 17.9823 23.888 17.5786 16.7563 18.9214 19.4238 18.1697 17.6144 17.0202 16.4808 13.9322 13.3409 13.3117 15.7069 14.8045 17.911 14.2095 13.2747 21.0804 21.4214 20.2106 18.3891 18.2109 16.1696 17.9939 13.9078 15.967 13.2087 16.748 20.627 14.308 17.0188 13.1251 14.5575 13.0907 12.9888 12.9123 14.3078 12.8202 12.2528 12.1331 12.3374 12.0995 16.0826 11.9273
threshold=5.5000000000000009 2.5000000000000004 0 1 2 3.297942161560059 0.23738195002079013 0.31866537034511572 0.0084138019010424631 1.1198005676269533 3.5000000000000004 7.5000000000000009 3 16.500000000000004 0.4724747389554978 1.2173503637313845 0.036015810444951064 10.500000000000002 0.6026315987110139 40.367944717407234 4 24.500000000000004 0.029423819854855541 5 49.500000000000007 0.047354085370898254 19.772559165954593 0.64685022830963146 1.1889796257019045 1.2921565771102907 21.500000000000004 0.19462481886148456 6 91.500000000000014 8.6928329467773455 7.8009901046752939 41.050861358642585 0.045948684215545661 0.034611783921718604 0.50967904925346386 1.7148972153663637 281.50000000000006 258.50000000000006 0.98859956860542308 0.44562648236751562 9.5000000000000018 0.98009902238845836 2.1208029985427861 0.83445709943771373 1.4231615066528323 207.50000000000003 55.500000000000007 0.67204302549362194 2.2780703306198125 30.500000000000004 33.773157119750984 21.500000000000004 5.5000000000000009 0.90523049235343944 15.500000000000002 0.79348760843276989 25.500000000000004
decision_type=8 8 9 9 9 2 8 10 2 2 2 8 9 8 10 10 10 2 10 2 9 2 8 9 2 2 2 8 10 10 2 10 9 2 2 2 2 10 10 2 8 2 2 2 8 2 2 10 10 2 2 2 10 10 10 2 10 8 10 10 10 2
left_child=3 2 -2 8 5 56 -6 34 52 -10 13 -4 -5 14 15 -7 17 18 -15 20 21 -19 57 -22 27 26 -24 -25 -18 30 31 -16 -33 -34 35 36 37 -8 39 -38 42 -42 43 -37 45 47 49 48 -29 50 -47 -32 -1 -36 61 -49 -3 -23 -59 -9 -61 -55
right_child=1 4 11 12 6 10 7 59 9 -11 -12 -13 -14 16 29 -17 28 19 -20 -21 23 22 25 24 -26 -27 -28 44 -30 -31 51 32 33 -35 53 40 38 -39 -40 -41 41 -43 -44 -45 -46 46 -48 55 -50 -51 -52 -53 -54 54 -56 -57 -58 58 -60 60 -62 -63
leaf_value=-0.050848300725472931 -0.018471101074187559 0.0021004239309868364 0.0061762546118525607 0.025849566460577594 -0.028698430658428083 0.0033831437894701784 0.0009880309096646975 0.0040965387593397328 -0.028964296624133551 0.0064958449860062955 0.02894287353664975 -0.0064132637955823524 0.010394348094978882 -0.030080789185487213 0.023345750048518427 -0.068950760897578553 -0.019104006011452922 -0.028253647529006727 0.023393179009220721 0.010652968321971837 0.024350634604352585 0.0090426706398964059 0.021078871569784951 -0.019486998721755133 0.015904221377989324 -0.03083053300716912 -0.031067881387568493 0.013165103044255069 0.0051996398227412239 0.022416073884264379 -0.049144705662821253 0.011194552842823821 -0.048602740685660575 0.014109423902568261 0.0021397333874500638 -0.026962582919718359 0.020747845796670952 -0.031732604823452179 0.011821852241910617 -0.032095394399300918 -0.032357872007627207 0.0010503829321582192 -0.048081894472912938 0.0094780941127926861 -0.0054613480523902453 0.016756300210958849 -0.039664599834978942 0.018947215436935366 -0.010418894619868576 0.037570894738782772 -0.038225617780051541 0.01495927730286745 0.016235587377111355 -0.0031377050665548668 0.024738242125206367 -0.029347130092040204 0.018989931641137409 -0.022312163724316839 0.016459931967865868 -0.013352941744790323 0.032783874043511373 -0.028632844357911011
leaf_weight=18.976823186967525 241.73093053014964 1115.055273012993 302.69699302292429 201.06886928342283 43.906800222815946 57.770951512036845 2339.1192531589259 2545.986521245286 29.633623795874882 600.98685335100163 31.417088221060112 1025.9153081840595 814.40636055718642 117.77802546778548 76.148300218163058 15.966879819869062 309.35605756701261 134.20761736037093 21.294423007217119 206.78884323878447 46.584913144877646 43.178139436990023 112.68541900900891 132.98241637257161 111.0679861495737 19.504624338762369 12.899434211023616 92.506691511895042 66.563013043851242 119.33896903076675 19.617055431706834 63.124759738100693 28.474594379309565 9.7891195933334512 5006.2789081835508 33.367152226332109 15.200765173634862 43.163014939505956 38.81475448756828 123.34484264341881 142.13171003542084 55.088172492571175 10.324527466320431 134.0494853630662 1766.2661993205547 56.271179692004807 9.9757272506831196 110.46798178213066 355.76389556034701 68.41194690624252 10.078243711206595 8.9537118314765376 7.4970634800847611 99.007880921126343 20.923156253760681 11.088154381548518 114.07053442508914 216.88745423880755 19.030698515183758 21.910910125821829 72.330417408200447 82.787673232560337
leaf_count=342 36509 48540 7345 846 6043 782 68930 87336 285 3748 233 112772 4393 38313 797 341 27914 20053 2657 10535 1959 1481 7814 13202 1259 1529 1848 4046 3019 757 329 551 591 60 143714 2987 1904 2642 1479 5149 3550 519 380 3835 57987 2667 1207 2893 17854 1958 1008 65 38 4087 376 1014 2468 27136 2429 1314 1622 5855
internal_value=0.000300291 -0.000562067 -0.00600074 0.00961117 -4.40228e-05 -0.00225787 0.00112527 0.00126099 0.00285224 0.00461479 -0.00390955 -0.00350631 0.0137863 -0.00417367 0.00470963 -0.0156636 -0.00505361 -0.00403924 -0.0213653 -0.00332873 -0.00421168 -0.0120051 -0.00687464 -0.00257019 -0.00316122 0.00778927 0.0147381 -0.00401225 -0.0147889 0.00949285 0.00165645 0.00739987 -0.0051107 -0.0266277 0.000120087 -0.00256688 -0.000933643 0.000329967 -0.01745 -0.0257769 -0.013557 -0.0232309 -0.00248103 0.00164396 -0.00314522 0.00257799 0.0174603 -0.00132113 -0.00546048 0.0229567 0.00631124 -0.0298194 -0.0322897 0.00163486 -0.0105848 0.0135565 0.00373846 -0.0145007 -0.0189079 0.00477315 0.0219248 -0.0152036
internal_weight=19782 18109.4 1570.34 1672.57 16539.1 5711.37 10827.7 10783.8 657.094 630.62 4482.24 1328.61 1015.48 4450.82 399.184 73.7378 4051.64 3675.72 139.072 3536.65 3329.86 558.393 424.186 2771.47 2724.88 145.089 125.585 2613.81 375.919 325.447 206.108 177.537 101.388 38.2637 8143.6 2934.6 2559.64 2382.28 177.36 138.546 374.961 197.22 177.741 167.417 2480.83 714.564 144.737 569.827 448.271 134.761 66.3494 28.5708 26.4739 5209 202.719 121.556 1229.13 279.096 235.918 2640.23 94.2413 181.796
internal_count=815296 805644 156626 9652 649018 307296 341722 335679 4413 4033 256288 120117 5239 256055 4273 1123 251782 220849 40970 179879 169344 62290 42237 107054 105095 11191 9662 103836 30933 3150 2393 1999 1202 651 245407 91375 80104 71572 8532 7053 11271 4069 7202 6822 90634 32647 6840 25807 21900 5633 3675 394 380 154032 10318 3907 51008 31046 29565 90272 2936 9942
cat_boundaries=0 1 2 3 4 5 6 7
cat_threshold=63494 794797 432713 32785 38945 271583280 98368
is_linear=0
shrinkage=0.05


Tree=79
num_leaves=63
num_cat=11
split_feature=1 16 49 19 23 15 45 47 34 27 45 49 19 20 23 25 19 5 17 36 6 32 45 4 20 28 48 48 29 28 20 36 21 46 4 34 5 22 24 20 46 14 49 21 22 46 7 23 48 21 9 45 5 31 36 46 45 46 34 37 28 49
split_gain=59.5516 20.0161 19.611 17.4315 21.7975 22.4142 17.8166 16.6325 18.6883 19.7663 17.8958 25.6244 15.087 14.8748 14.802 17.8894 20.384 17.4677 16.5765 18.3953 18.5038 16.0701 16.0651 14.7774 13.7253 19.2548 15.2538 13.6797 13.6246 13.3048 14.1351 13.2741 14.1912 13.1978 13.1156 12.6406 12.5137 12.3869 17.9003 16.633 16.3579 14.6168 12.2973 12.2918 12.0924 17.1053 17.551 16.7035 16.776 16.5782 15.4127 17.4509 14.2416 16.094 13.1654 12.58 12.2788 13.3485 12.4125 11.9012 16.5482 21.7747
threshold=6.5000000000000009 0.10102041065692903 20.875484466552738 34.500000000000007 42.500000000000007 0.17262665182352069 0 1 0.02324023470282555 162.50000000000003 2 6.4285707473754892 27.500000000000004 0.025039676576852802 3.5000000000000004 9.5000000000000018 105.50000000000001 0.15116354823112491 0.015877015888690952 3.5000000000000004 16.500000000000004 1.5000000000000002 3 9.5000000000000018 0.024634557776153091 81.500000000000014 0.90500062704086315 0.71492642164230358 0.44652128219604498 58.500000000000007 0.012864550575613977 1.0000000180025095e-35 0.99203172326087963 4 1.5000000000000002 0.02083644084632397 0.305376946926117 39.547716140747077 2.5000000000000004 0.024791322648525242 5 1.0000000180025095e-35 6.9166669845581064 0.98443555831909191 29.009433746337894 6 0.81413105130195629 45.500000000000007 2.5823271274566655 0.63680925965309154 57.500000000000007 7 0.056238165125250823 5.5000000000000009 12.500000000000002 8 9 10 0.024391041137278083 30.500000000000004 122.50000000000001 16.002746582031254
decision_type=8 8 2 2 2 10 9 9 10 2 9 2 2 2 2 2 2 10 10 2 10 8 9 8 2 2 10 10 2 2 2 2 2 9 10 10 10 2 2 2 9 2 2 2 2 9 8 2 10 2 2 9 10 10 2 9 9 9 10 2 2 2
left_child=3 2 34 4 -1 -6 -7 8 42 -10 11 23 -8 24 -12 16 17 27 19 36 -21 -18 28 -9 26 -26 -5 -16 -20 30 -29 -25 35 -13 -2 -33 -17 38 -32 -40 -39 -41 -3 59 49 46 -46 48 52 -30 51 -48 53 -47 56 -54 57 58 -49 60 61 -44
right_child=1 7 -4 13 5 6 12 10 9 -11 14 33 -14 -15 15 18 21 -19 22 20 -22 -23 -24 31 25 -27 -28 29 44 -31 37 32 -34 -35 -36 -37 -38 40 39 41 -42 -43 43 -45 45 47 50 54 -50 -51 -52 -53 55 -55 -56 -57 -58 -59 -60 -61 -62 -63
leaf_value=0.0079926299236003657 -0.0033888756006417668 -0.0016298503708354916 -0.024813799146675836 0.0016716081642590159 -0.038342077749220153 0.017730915073704105 -0.03908733209786773 0.034319284275686007 0.0018691104480207104 -0.022067421968075693 0.021845667832559895 0.0085957764871789199 0.009445123369653528 0.016494554270786069 -0.013589225163615904 -0.00054692133513292642 -0.0016832421869929404 0.015223115031652856 -0.023224398936529819 -0.014337098951341243 0.031988325520725891 -0.025420958470618239 0.015360884337267573 0.0076959571915273198 0.0044695695318042964 -0.043860140016132303 0.021085827090134568 0.021427757731812422 0.034804158939858193 0.032595621271863821 -0.01304855368041637 -0.00043089678938567385 0.015674389923259185 -0.021795606251868226 -0.03396747088140236 -0.038687704961891473 0.024416522009765892 0.011411633728893221 -0.014380282513209381 -0.024634121283970932 -0.016986878514740855 0.015855721197303923 0.018699711282468431 -0.010189259409551716 -0.032208800091828527 -0.0040197190365550799 0.0099999325175679776 0.023396242797062761 -0.030842909885604036 -0.0027134808421881897 0.011659456514352549 -0.0090386109468940899 -0.010451886234328826 0.0097850647523158672 -0.021434015557484164 0.020233761944986675 0.0038030181885193499 -0.010631034497881303 -0.013785911650987279 0.019759524590935329 -0.0088253296977527582 -0.029643326956485305
leaf_weight=398.64801955054281 1389.0064542254622 209.3352976640017 120.6846009820365 266.59053707611747 53.682503579417244 55.451622126740403 34.949142690049484 26.386121160321636 632.54377580960499 94.761655881637125 71.444591015191691 37.215590369407437 24.023567140218802 780.47675700811669 291.8666260194077 7284.3876181745291 114.43086774428957 123.21860991016729 47.230310057406314 355.33368884737138 18.282388549821917 187.50215347312042 230.08357371675083 149.9702449660108 56.731423098477535 26.666251827962697 159.01224083255511 54.14467983142822 61.369286526401993 22.949382428952958 461.50616019919107 35.15107905716286 25.983891944109928 281.18112330642907 31.06906211313617 51.448174581360945 45.550841354648583 213.90693695967639 90.704861075653753 20.939404698940052 51.549357699870598 173.53604830952827 227.56435078894719 54.808401848335052 46.887389590905514 298.15831715101376 138.39133388892515 60.756599527900107 22.550466127868276 51.711641374160536 157.89464709255844 587.73837433385779 31.972644467372447 699.6375249432167 60.340327540819999 306.97429763659602 1305.3307940952072 324.26137609931175 30.048439923557453 381.24714682577178 110.87002647144254 21.397626594727626
leaf_count=2516 76412 7008 21004 2211 797 301 407 1515 29093 4853 3725 4452 135 3592 51202 152856 10778 7335 3009 30599 876 21531 6430 12310 340 221 833 3131 1194 764 37397 3620 1787 41052 29970 8486 990 17863 12269 17176 6048 5236 4579 4619 5583 10371 4249 2009 1441 2416 2298 27215 991 24749 5613 6545 44132 13401 1876 6417 2115 1022
internal_value=0.000456393 -0.00042748 -0.00586637 0.00896903 0.00164056 -0.0132185 -0.000319889 8.56785e-05 0.0046965 -0.00137899 -0.00046391 -0.00876105 -0.0174034 0.0121713 -9.60969e-05 -0.000216145 -0.00485215 -0.00244737 0.000473925 -0.000930631 -0.0116777 -0.0165985 0.00289755 0.00188575 0.00544621 -0.0125905 0.0090857 -0.00407311 0.00216114 -0.00147278 -0.00235473 -0.0019542 -0.0145897 -0.0185735 -0.00417472 -0.0240302 -0.000375251 -0.00372606 -0.00701312 0.00281053 0.00547865 0.0109879 0.00912383 0.0119448 0.00248023 0.00202008 -0.00389675 0.003778 0.00795311 0.018259 -0.00226625 -0.00535338 0.00872008 0.00566049 0.000598811 0.0175137 0.00143145 -0.00593261 0.00997384 0.0136391 0.00697247 0.0140429
internal_weight=19779.4 17923.2 1540.76 1856.23 566.755 168.107 114.424 16382.5 1732.53 727.305 14649.9 607.336 58.9727 1289.48 14042.6 13971.1 1806.26 1504.32 12164.9 7703.55 373.616 301.933 4461.34 288.94 509 83.3977 425.603 1381.1 4231.25 1089.24 1066.29 262.553 112.583 318.397 1420.08 86.5993 7329.94 1012.14 746.686 285.18 265.456 194.475 1005.22 795.888 4184.02 4070.94 930.912 3140.03 1359.29 113.081 884.024 726.13 1336.74 997.796 1780.74 338.947 1720.4 415.066 90.805 741.079 359.832 248.962
internal_count=814965 803612 127386 11353 4156 1640 843 676226 59706 33946 616520 73222 542 7197 543298 539573 190730 158421 348843 185321 31475 32309 163522 27718 3605 561 3044 151086 157092 99884 99120 26203 13893 45504 106382 12106 153846 95989 72078 34681 23911 22412 25760 18752 154083 150473 39345 111128 44097 3610 33762 31464 42656 35120 67031 7536 61418 17286 3885 14133 7716 5601
cat_boundaries=0 1 2 3 4 5 6 7 8 9 10 11
cat_threshold=617346 18225552 169984 328170 32865 202083 83040 64 276 72 168196
is_linear=0
shrinkage=0.05


Tree=80
num_leaves=63
num_cat=12
split_feature=1 4 45 47 23 49 5 2 48 37 46 28 48 48 22 21 45 46 29 15 36 21 28 16 46 45 45 37 31 22 16 47 22 49 8 17 11 25 33 20 21 46 48 15 2 28 19 20 17 29 46 10 19 37 46 21 5 48 14 5 25 19
split_gain=57.2703 27.2027 20.8752 25.1845 17.4467 17.9765 17.8072 15.7038 14.0289 14.8699 14.0037 15.0155 15.9036 13.3442 11.9806 11.4713 18.384 13.2327 12.6241 13.5525 11.1675 12.063 11.7957 14.1411 11.3807 12.8738 12.5251 17.3834 12.7617 11.8682 11.631 11.1121 11.8784 10.8995 14.7643 12.2847 10.886 10.7225 13.2406 10.6798 13.1179 14.2216 10.6384 10.5488 10.5232 11.9333 12.0574 10.4535 10.4501 20.3664 17.7548 13.1729 17.5135 12.2877 18.7772 11.5971 11.5715 11.0025 15.0139 13.3362 18.1295 11.7895
threshold=10.500000000000002 2.5000000000000004 0 1 4.5000000000000009 18.947982788085941 0.2896601408720017 2.5000000000000004 0.72590532898902904 21.500000000000004 2 202.00000000000003 1.2461595535278323 1.3777332901954653 30.12060642242432 0.66742426156997692 3 4 1.0546177029609682 0.064725596457719817 3.5000000000000004 0.72356370091438305 217.00000000000003 0.71330726146698009 5 6 7 43.500000000000007 4.5000000000000009 31.737371444702152 0.91366460919380199 8 40.029211044311531 10.535898208618166 4.5000000000000009 0.93019479513168346 23.500000000000004 4.5000000000000009 1.0000000180025095e-35 0.01657909527420998 0.53386643528938305 9 1.5653792619705202 0.10582306981086732 3.5000000000000004 13.500000000000002 39.500000000000007 0.030175417661666874 0.54335841536521923 2.4083334207534794 10 1.5000000000000002 333.50000000000006 23.500000000000004 11 0.12015037611126901 0.16520344465970996 0.49654540419578558 1.0000000180025095e-35 0.25222624838352209 105.50000000000001 40.500000000000007
decision_type=8 8 9 9 2 2 10 8 8 2 9 2 10 10 2 2 9 9 2 10 2 2 2 10 9 9 9 2 10 2 10 9 2 2 8 8 10 2 10 2 2 9 10 10 10 2 2 2 10 2 9 8 2 2 9 2 8 10 2 8 2 2
left_child=15 10 3 33 -5 48 13 39 9 -9 -2 12 -12 36 -11 16 17 -1 19 -19 -17 -22 24 -24 25 -23 -26 28 -28 -27 43 32 -16 35 -35 -3 -7 38 -31 -4 41 -41 -21 -30 45 -39 -47 -40 50 55 -6 52 -52 54 56 -50 -53 -57 59 -59 61 -61
right_child=1 2 7 4 5 6 -8 8 -10 14 11 -13 -14 -15 31 20 -18 18 -20 42 21 22 23 -25 26 29 27 -29 30 37 -32 -33 -34 34 -36 -37 -38 44 47 40 -42 -43 -44 -45 -46 46 -48 -49 49 -51 51 53 -54 -55 -56 57 -58 58 -60 60 -62 -63
leaf_value=0.012450028555284397 0.023197911619558108 -0.017072434456673141 0.026420645820622875 0.017116641181529536 -0.0010523128979978995 -0.0068363747370566545 0.011698369689574894 0.012340855883290763 0.00032085105203889065 -0.035104633284713548 -0.033905809686877113 0.034802078647357307 0.020889751442825965 -0.029325063819152616 -0.040858665024567087 0.017491972458138237 0.0085993218905328055 0.014508881336917454 -0.0027663900777166236 -0.045506865227790828 0.02368842487813709 0.015555361226347772 -0.061339631368567571 0.0076961472562377302 0.0056857954452216959 0.016600398472287638 0.018459534848095791 0.011126434262960521 -0.01551726708548931 0.01329441210947589 -0.0013054968555552401 -0.0042379947965645402 -0.0032408544417279524 0.023281067312653017 -0.037279887993921006 0.019429625802672927 -0.026836758288978208 0.023806926567788579 -0.007324319302391709 0.012696947010229595 0.01088701379439984 -0.041029317131266757 -0.00064757730993151099 -0.070264632914549541 0.012012345870651973 -0.044341570263095764 -0.0049696007469880975 -0.058348282518178467 -0.018284530679246732 0.025910556161317367 0.023804293477793993 -0.037882983733409009 -0.034363785228746703 -0.010535769878163161 -0.021743103765532453 0.021381925518695926 0.0063535422471558871 0.00722749367725625 0.0074301289748601165 0.010278438296690272 0.01883642514869267 -0.023449741138413516
leaf_weight=44.249098428641446 156.47504718584969 105.70743429034337 82.110700258985162 103.03717527662957 3506.1501093864281 449.89815293470747 75.560568662069272 80.818067919681198 8996.3913705719024 39.461101261833392 36.353794455964817 13.482847678940741 15.469127240052329 105.49119430602877 47.925265523896087 340.06742056188523 321.07517922576517 12.672808283939956 91.275142478756607 60.99596567673143 99.480702643049881 426.01264247798827 9.2614172804169375 13.431710352655498 175.81556369981263 127.17637865745928 8.3837315752170962 34.431150599266402 17.61385856079869 17.821335084154271 15.723679931776131 454.14680763756041 36.309506757497729 7.8463320980081335 94.645847929205047 24.656955382961314 76.708239136060001 24.286258508684114 20.758534031920135 15.863600687589495 158.69250946422108 14.073559111449869 16.708137607900426 24.405809488613158 156.00090588722378 18.260416106553748 129.55554621713236 17.983254925580695 71.701612527234829 80.252482746960595 61.199578690808266 10.509207646071443 11.449296081205828 1285.3422624584127 70.104224895469088 62.51748391109868 335.70518586906837 109.57940514845541 356.9525871075457 27.171109714865452 33.178795869811438 181.95942728582304
leaf_count=440 8427 16181 615 6215 177980 40663 3830 5105 266894 6245 3645 43 1265 12702 6683 1540 2361 157 835 969 523 2670 93 67 1388 709 37 254 198 136 126 33749 2907 712 17851 1458 7512 82 249 195 1230 392 123 371 1027 106 604 215 5952 2102 774 1162 229 99859 8951 4437 15799 5263 7961 4732 468 18623
internal_value=-0.000158745 -0.00112525 -0.00135205 -0.00338875 -0.00282819 -0.00314178 -0.0106648 0.00013927 -0.000196499 -0.00721196 0.0160797 -0.00412545 -0.0171505 -0.0134089 -0.0100291 0.00738814 0.00108777 -0.0095043 -0.0153939 -0.0289474 0.00943439 0.00732646 0.00592046 -0.0264664 0.00663181 0.00919249 -0.0023112 -0.0152162 -0.0308897 0.0036045 -0.0389547 -0.00788502 -0.0231404 -0.0190817 -0.0317764 -0.00970582 -0.00997475 -0.000757513 -0.0199194 0.0119049 0.00506703 -0.0229267 -0.0364834 -0.051406 0.0027953 -0.00566269 -0.0111251 -0.0349711 -0.00227573 0.00262119 -0.00313365 -0.00718571 0.0130147 -0.00812583 -0.000648631 0.000264542 0.00436624 0.00209542 0.000256565 -0.00702238 -0.0134824 -0.01893
internal_weight=19618.3 17394.9 17173.1 7247.32 7014.47 6911.43 707.658 9925.79 9655.05 658.661 221.781 65.3058 51.8229 632.098 577.843 2223.45 546.976 225.901 181.652 90.3769 1676.47 1336.4 1236.92 22.6931 1214.23 937.855 276.374 100.558 66.1271 511.843 57.7433 538.382 84.2348 232.857 102.492 130.364 526.606 384.666 56.5631 270.74 188.63 29.9372 77.7041 42.0197 328.103 172.102 147.816 38.7418 6203.77 923.313 5280.46 1774.31 72.6489 1701.66 416.319 843.06 346.214 771.359 708.841 351.889 242.309 209.131
internal_count=814091 798811 785431 461416 425214 418999 64707 324015 321583 54689 13380 4953 4910 60877 49584 15280 4885 2524 2084 1249 10395 8855 8332 160 8172 5798 2374 986 732 3128 695 43339 9590 36202 18563 17639 48175 2419 600 2432 1817 587 1092 569 1819 792 710 464 354292 49538 304754 126774 1003 125771 25912 47436 16961 41484 37047 29086 23823 23355
cat_boundaries=0 1 2 3 4 5 6 7 8 9 10 11 12
cat_threshold=559215 340411570 25303 951369 31232 166599 286025 37575 71336065 75793 156419 65712
is_linear=0
shrinkage=0.05


Tree=81
num_leaves=63
num_cat=7
split_feature=1 24 15 4 33 33 49 47 23 27 31 45 27 5 20 17 20 26 6 45 33 18 33 37 28 18 48 17 48 22 45 41 16 32 30 48 33 20 34 46 30 48 20 23 27 26 49 45 22 20 45 22 14 19 23 37 49 20 20 25 13 37
split_gain=57.3398 27.8514 22.8114 21.388 17.5623 15.6823 15.0286 14.8194 14.9094 15.7307 22.4043 14.927 13.3775 12.9583 12.5987 13.082 12.4804 12.4672 15.226 14.9416 12.8929 12.5124 12.2687 12.0313 17.8922 11.8576 13.9646 12.1633 18.329 17.6132 17.3291 17.8664 12.4385 12.1559 16.5271 12.0499 11.6691 11.5594 12.5839 19.3011 16.0039 15.5886 15.3773 14.974 14.1785 19.4878 16.0769 14.3319 13.9797 24.1237 16.2771 13.4303 16.5597 16.3982 14.7219 12.5385 12.5239 11.778 17.1543 17.7735 11.5259 11.4474
threshold=40.500000000000007 1.0000000180025095e-35 0.043717153370380409 2.5000000000000004 5.5000000000000009 52.500000000000007 5.6923074722290048 0 19.500000000000004 4.5000000000000009 5.5000000000000009 1 277.50000000000006 0.37113590538501745 0.084782555699348464 0.42583334445953375 0.066148281097412123 202.50000000000003 15.500000000000002 2 32.500000000000007 0.15353598445653918 54.500000000000007 20.500000000000004 192.50000000000003 0.76568627357482921 0.77994081377983104 0.069136224687099471 1.20250540971756 35.274013519287116 3 1.0000000180025095e-35 0.79922482371330272 1.5000000000000002 4.5000000000000009 0.92777091264724743 8.5000000000000018 0.016290996223688129 0.017624294385313991 4 37.500000000000007 1.2173503637313845 0.032974472269415862 52.500000000000007 50.500000000000007 103.50000000000001 7.7067823410034189 5 35.930246353149421 0.016592874191701416 6 34.995050430297859 1.5000000000000002 11.500000000000002 36.500000000000007 59.500000000000007 16.938522338867191 0.044864220544695861 0.033310377970337875 4.5000000000000009 1.5000000000000002 23.500000000000004
decision_type=8 2 10 8 8 10 2 9 2 2 10 9 2 8 2 10 2 2 10 9 10 10 10 2 2 10 8 8 10 2 9 2 10 10 2 10 8 2 10 9 2 10 2 2 2 2 2 9 2 2 9 2 2 2 2 2 2 2 2 2 2 2
left_child=7 3 5 -2 -5 -3 13 16 11 10 -10 -9 17 -4 15 -12 -1 19 20 23 21 -19 25 -6 -25 26 -14 28 29 32 31 -29 -28 34 -32 -27 -33 55 41 44 48 -39 43 -43 46 -46 47 -40 49 -41 -50 53 54 -51 -53 61 -48 58 -52 -60 -47 -11
right_child=1 2 6 4 12 -7 -8 8 9 37 14 -13 22 -15 -16 -17 -18 18 -20 -21 -22 -23 -24 24 -26 35 27 30 -30 -31 33 36 -34 -35 -36 -37 -38 38 39 40 -42 42 -44 -45 45 60 56 -49 50 51 57 52 -54 -55 -56 -57 -58 -59 59 -61 -62 -63
leaf_value=0.023124674308871506 0.016437901758037065 -0.025256058851568175 0.019734664647307637 -0.0056364934477698457 -0.044340190553693752 0.02919284707647329 -0.0097583934169702489 0.01879669916934408 0.01632887275007831 -0.0060139552962493355 -0.0479653540190784 0.0027145180613575501 0.016456110328547938 -0.0027519194133043918 0.022447710837153762 0.0017586953039763536 -0.027026855949935119 -0.015021878460671118 0.040292114730817868 -0.00066563177904279801 -0.033389362198632248 0.0053104700936586454 0.037896549891484645 -0.016974891548612727 0.011901640239307084 -0.017781112148082277 -0.052111156778639506 -0.054626947637537532 -0.00037237709762122964 0.00030227967338352686 -0.0040357993595169575 -0.041999213998579872 -0.0078446682140866399 0.015251460723967797 -0.058151612301835111 0.027578148950568312 0.010892412525865805 0.02761291939206531 0.0024704232008796309 -0.041198343270043486 -0.023463527679034393 0.016391491850696258 0.028193149448805483 -0.018445998905590354 0.021984452982617652 -0.050286402624969674 0.0163014916940496 -0.03091810117013695 0.014049991396841877 0.037074892561405837 -0.010474448383380363 0.0044454283686287564 0.0028107502490070471 -0.0028180404045335429 -0.066059165496580308 -0.033642357310055493 -0.014204697172122605 -0.034182503328857208 -0.031242090847244032 0.033993659405485502 0.0026717248352895913 0.014677115908693479
leaf_weight=171.05222696810961 166.65123537866748 234.22456220252207 83.927850916719763 2023.0986992887338 22.238455348066054 9.9392353739967785 651.21082844591001 317.26118911919184 35.08032394759357 75.873778167704586 51.415974533767439 282.33977261083783 144.76117904763669 225.76834767372929 6.9886483233422032 16.828224247670732 9.2364214286208135 206.81253481813474 9.7018100027926248 10094.009866293753 54.491743781021796 114.48725119879236 20.105878110509366 186.42937651270768 70.44662684405921 14.237658561905844 45.644283529720269 5.9568070708774021 357.98372025846038 50.9964766188059 531.65733431722037 5.7923387434566385 26.060878140851855 76.043405652046204 9.5439537963829917 76.250482340576127 615.41013166599441 96.35338089754805 71.369252753793262 40.477155568427406 84.682324552442878 43.379730110056698 38.568367161788046 81.25757474033162 228.16855208971538 9.841945320600642 146.16812658146955 45.510665348148905 231.22788150724955 22.02624102588743 124.76027372037061 9.3633148774970341 29.051242171321064 546.09055136586539 22.087100194185041 11.056296696537173 39.086448029265739 24.783817731309682 8.9162927898578328 46.49830435262993 31.888992703519762 438.58889451331925
leaf_count=1440 2739 106808 4497 167090 1758 2521 87428 1828 520 1548 2978 2233 4426 27026 72 468 94 5867 50 301567 1914 2938 238 21037 4065 523 2791 142 8673 1084 6117 449 924 1781 481 1010 7037 763 853 971 1766 337 215 1160 1989 141 1790 948 2207 167 2060 103 261 6821 546 299 655 381 216 281 201 6093
internal_value=-0.000453543 -0.00170301 -0.00899898 -0.00111126 -0.00131487 -0.0224983 -0.00547015 0.00540518 0.00455984 0.00295494 -0.0151244 0.0116648 -0.000626611 0.00355869 -0.0298943 -0.0364209 0.0188766 -0.001322 -0.0100932 -0.000991334 -0.0119059 -0.00780659 0.00314486 -0.0121018 -0.00897965 0.00269293 0.00181019 0.000537172 -0.00617897 -0.0224419 0.00314581 0.00888558 -0.0375828 -0.00280835 -0.00551371 0.0198838 0.0100678 0.00376604 0.00203654 0.000508358 -0.00312088 0.0122048 0.00255781 -0.00615634 0.0079362 0.0162907 0.000587772 -0.0135995 -0.00149177 -0.00601454 0.00543554 -0.0034418 -0.0248817 -0.00096141 -0.0473383 0.0103372 0.0096609 -0.0048255 -0.000233971 0.0217802 -0.0138621 0.011597
internal_weight=19571.2 16133.9 1205.07 14928.8 14762.2 244.164 960.907 3437.28 3256.99 2657.39 110.313 599.601 12739.1 309.696 75.2328 68.2442 180.289 10758.6 385.493 10373.1 375.792 321.3 1980.44 279.114 256.876 1960.34 1869.85 1725.09 480.685 122.702 1244.4 627.159 71.7052 617.245 541.201 90.4881 621.202 2547.08 2021.56 1762 1189.96 259.559 163.206 124.637 572.034 269.899 302.134 116.88 1105.28 669.096 436.187 628.618 60.5017 568.117 31.4504 525.519 185.255 204.959 180.175 55.4146 41.7309 514.463
internal_count=815386 772981 228280 544701 541962 109329 118951 42405 40871 36810 4038 4061 374872 31523 3518 3446 1534 339196 10769 328427 10719 8805 35676 26860 25102 35438 33905 29479 13472 4799 16007 7628 3715 8379 6598 1533 7486 32772 24832 22357 15780 2475 1712 1497 6577 2331 4246 1801 14014 8869 5145 7898 910 6988 649 7940 2445 2938 2557 497 342 7641
cat_boundaries=0 1 2 3 4 5 6 7
cat_threshold=285350194 491820 566272 108544 166116 688578 595238
is_linear=0
shrinkage=0.05


Tree=82
num_leaves=63
num_cat=12
split_feature=1 33 1 29 35 33 34 16 47 49 46 37 18 16 45 5 49 22 12 33 49 48 18 49 43 27 16 33 35 46 46 35 34 20 19 46 16 16 1 34 45 22 48 20 20 34 23 5 20 48 49 46 1 17 23 46 36 17 29 45 47 49
split_gain=61.737 25.0022 16.3406 18.1968 14.9987 15.639 22.969 15.6383 14.8225 18.9358 15.1374 16.0151 19.1003 14.2951 13.8247 13.7799 13.7292 16.1042 13.6928 12.3976 12.3463 12.2588 11.4577 17.4845 14.1532 17.6935 11.749 14.1828 13.5731 18.0266 12.751 17.6999 16.2295 11.5594 11.4372 12.8513 12.2359 12.6686 12.2056 14.1446 11.2341 14.9276 11.1851 11.2486 16.1445 12.2257 10.9503 23.3447 16.7738 19.0228 16.3016 16.1655 16.0199 15.8135 18.5965 17.2951 16.8667 15.2232 13.6866 14.0216 13.2783 13.0956
threshold=5.5000000000000009 2.5000000000000004 31.500000000000004 3.6264535188674931 0.41522988677024847 20.500000000000004 0.019228813238441948 0.14174107462167743 0 0.5108928680419923 1 29.500000000000004 0.28165064752101904 0.17667067050933841 2 0.69589942693710338 32.233627319335945 34.377330780029304 1.5000000000000002 45.500000000000007 1.6226282119750979 2.3715395927429204 0.5577777922153474 17.878976821899418 3 3.5000000000000004 0.57294833660125744 8.5000000000000018 0.56385868787765514 4 5 0.2469512224197388 0.015675140544772152 0.040414432063698776 103.50000000000001 6 0.82426470518112194 0.5049019753932954 28.500000000000004 0.048323446884751327 7 34.26726150512696 0.23738195002079013 0.0082151698879897612 0.008259033318609001 0.024554699659347538 53.500000000000007 0.3987653255462647 0.050857858732342727 1.977211654186249 6.680164337158204 8 46.500000000000007 0.028778468258678917 13.500000000000002 9 2.5000000000000004 0.28496241569519049 1.5407571792602541 10 11 10.805664062500002
decision_type=8 8 8 2 10 8 10 10 9 2 9 2 8 10 9 10 2 2 8 10 2 10 10 2 9 2 10 10 10 9 9 10 10 2 2 9 10 10 10 10 9 2 8 2 2 8 2 8 2 10 2 9 10 8 2 9 2 10 2 9 9 2
left_child=40 13 22 8 5 6 21 -6 9 -4 -11 12 -12 -2 -15 16 42 19 -7 -18 -9 -5 24 -24 25 -3 30 28 -28 -30 31 -26 -32 -34 35 -27 37 -36 39 -39 41 -1 -10 -44 45 -45 47 60 49 51 -51 57 -53 54 61 -55 58 -48 59 -56 -46 -49
right_child=1 2 3 4 7 18 -8 20 15 10 11 -13 -14 14 -16 -17 17 -19 -20 -21 -22 -23 23 -25 26 34 27 -29 29 -31 32 -33 33 -35 36 -37 -38 38 -40 -41 -42 -43 43 44 46 -47 48 53 -50 50 -52 52 -54 55 56 -57 -58 -59 -60 -61 -62 -63
leaf_value=-0.00079974619544031025 -0.020514690904127955 -0.044898479543933431 0.033660493831010711 0.02308779749240944 -0.01449103165282294 0.027974328716031234 -0.045528925324062844 -0.026722716442278218 -0.024861422128492724 0.01256344781890585 -0.037187520931013754 -0.036308977145088454 0.0051886081919174593 -0.020006964351110084 -0.0035077343858852758 0.017623268417524023 -0.042334220486543464 0.002318313209931238 0.00084366841138791549 0.019236451459768794 0.017197849588504864 -0.032636323358337153 0.016371611341828074 -0.028884567959692499 -0.049928155264315405 0.006472077683486302 -0.036597660635967595 0.0094510645684814307 -0.027118785082064847 0.0094022355321642347 0.013732916643442681 0.0076287466399703359 -0.040082253728870698 -0.0024371899778177324 0.0062310225403519291 0.028422175780914927 0.011143549536940507 -0.067949135344660641 0.018988457367734763 0.022168578866032559 0.014585168161473681 0.011171051161634329 0.0077671594911510704 -0.034319470322878416 0.011185428745449477 -0.0040623724564768171 -0.0035821959300665791 -0.0048126804507359414 -0.034580218915838852 -0.0087911043971096951 0.014547421948866544 -0.0030672128286030938 0.014754000418126448 -0.0080153303153180731 0.014709286027522207 0.0020379738710379135 -0.014908568517126098 -0.024385405406870515 0.0018311264449553583 -0.013282582666942053 -0.017081140646511443 -0.023527631615254434
leaf_weight=469.59106441563927 171.41780199575442 9.7022171707358194 15.374401439752544 28.453528020298108 44.715885711251758 46.22903828183189 37.513953663990833 12.356342747458255 44.527497435963596 32.05366708182919 34.324696938470879 99.606913400653866 79.066528188821394 129.67104548069619 1222.0993404852416 92.001026010955684 54.186142628153902 51.827939173628693 508.39809481712291 6.5378147736773817 385.26344344127574 9.1543589124921692 285.80131662555505 18.520407650154084 9.9976681936532241 187.14146357763093 29.882711462676525 283.37346709356643 32.801641579717398 100.6801980312448 22.613428345182911 117.35539348633029 75.622397538274527 28.202346346573904 24.591832993784919 115.97415767388884 74.222857549437322 18.867239855113446 4.5032615312375119 2.8081222670152775 596.06300128821749 577.92126007622574 347.02485225224518 59.094637556525413 579.17727351636859 72.900075153884245 180.17146119874087 191.05328435280535 36.281203478501993 98.730516967261792 271.66287698947417 4547.3974626612107 124.80569430172909 462.75890238781722 41.36817649177101 4099.0403635762559 221.01264394606551 170.64730748464353 1369.2222676608944 283.67396565310992 32.78922399203293 184.3087508512981
leaf_count=3442 30317 537 659 832 2838 259 2124 586 9375 4184 5600 11090 4104 21106 104791 2244 6133 3421 8932 378 8224 385 2335 318 384 3060 649 3689 801 1102 282 1678 1887 355 376 1289 924 657 66 9 2597 3597 19040 4023 15708 3290 17830 14341 3767 5256 10198 190238 3334 24219 4715 124588 20928 16405 31688 31396 1369 14760
internal_value=-0.000133541 -0.000985076 -0.000414881 -0.000905619 0.00535565 0.000379746 -0.020284 0.0123564 -0.0013909 -0.0128797 -0.0169293 -0.0211597 -0.00866787 -0.00710187 -0.00533166 -0.00115631 -0.00129133 -0.018306 0.00333478 -0.0347461 0.0155181 0.00728555 0.00465769 0.013195 0.00232762 0.00920856 -0.0021082 0.00274527 -0.0088219 -0.00150684 -0.010621 0.00129686 -0.0207386 -0.0304384 0.0111516 0.0163278 -0.00154623 -0.0194337 -0.0406757 -0.0543072 0.00912591 0.0057715 -0.00114184 -0.0010536 -0.00129148 -0.0183668 -0.00110963 0.000133349 -0.00281695 -0.00257145 0.00829217 -0.00337997 -0.00257041 -0.000704898 -0.0040898 0.000997397 -0.00207844 -0.0135219 -0.000365836 -0.00950796 0.00944919 -0.0141905
internal_weight=19564.1 17920.6 16397.4 14954.7 1072.08 629.749 75.1218 442.336 13882.6 260.426 245.052 212.998 113.391 1523.19 1351.77 13622.2 13530.2 112.552 554.627 60.724 397.62 37.6079 1442.66 304.322 1138.34 437.811 700.529 446.738 163.365 133.482 253.791 127.353 126.438 103.825 428.109 303.116 124.993 50.7705 26.1786 21.6754 1643.58 1047.51 13417.6 13373.1 13026.1 131.995 12894.1 7464.4 5429.7 5393.42 370.393 5023.02 4672.2 6852.44 2290.64 4561.8 1915.28 350.819 1694.26 325.042 611.966 375.362
internal_count=814709 805073 648859 628461 24180 12532 3341 11648 604281 25637 24978 20794 9704 156214 125897 578644 576400 9932 9191 6511 8810 1217 20398 2653 17745 6918 10827 6241 2552 1903 4586 2062 2524 2242 6381 4349 2032 1108 732 666 9636 7039 566468 557093 538053 7313 530740 283712 247028 243261 15454 227807 193572 266635 117828 148807 88727 34235 67799 36111 17077 29101
cat_boundaries=0 1 2 3 4 5 6 7 8 9 10 11 12
cat_threshold=335694952 38241 56580 360481 74897 99365 70454 827627 46881 582404 294944 33849473
is_linear=0
shrinkage=0.05


Tree=83
num_leaves=63
num_cat=11
split_feature=2 29 49 15 6 33 27 3 37 46 45 19 33 46 31 9 23 16 21 35 37 37 45 46 31 48 29 46 47 45 37 35 21 21 46 34 12 45 7 31 34 30 37 11 11 49 36 17 11 18 49 48 45 6 16 27 15 30 30 17 37 9
split_gain=35.2186 19.2839 29.4909 20.0934 22.8246 18.6504 18.2751 17.1664 17.1001 16.6155 15.7844 15.5458 18.8096 26.5712 16.5312 15.3573 13.779 14.9792 14.0607 27.548 17.2431 16.9349 23.9398 13.0641 13.7271 13.0167 12.938 12.9088 12.8406 13.7988 12.7842 12.7249 25.6797 20.3693 19.1536 17.8025 16.5912 21.2855 18.5093 15.6904 14.9075 13.7891 14.0399 13.7026 14.1195 14.9838 17.0261 13.6355 12.6023 12.3834 17.3001 20.009 12.3799 15.5776 12.7389 12.3324 12.3016 12.7951 14.6867 12.1404 13.1538 12.1019
threshold=10.500000000000002 1.3298791050910952 14.296585083007814 0.022991543635725979 6.5000000000000009 53.500000000000007 40.500000000000007 0.25818395614624029 24.500000000000004 0 1 76.500000000000014 3.5000000000000004 2 16.500000000000004 17.500000000000004 2.5000000000000004 0.93969696760177623 0.99103119969367992 0.49193547666072851 32.500000000000007 21.500000000000004 3 4 2.5000000000000004 0.73056983947753917 1.6398198008537295 5 6 7 26.500000000000004 0.3647450208663941 0.65033984184265148 0.51243677735328685 8 0.017624294385313991 5.5000000000000009 9 0.6788679063320161 8.5000000000000018 0.033870056271553046 5.5000000000000009 30.500000000000004 19.500000000000004 9.5000000000000018 4.1097259521484384 3.5000000000000004 0.041885966435074813 32.500000000000007 0.29935064911842352 9.1471500396728533 1.5426915884017947 10 2.5000000000000004 0.87253385782241832 272.50000000000006 0.27055180072784429 5.5000000000000009 1.5000000000000002 0.035929432138800628 29.500000000000004 105.50000000000001
decision_type=8 2 2 8 8 10 2 8 2 9 9 2 10 9 10 2 2 10 2 8 2 2 9 9 8 8 2 9 9 9 2 8 2 2 9 8 8 9 10 10 8 2 2 10 10 2 2 8 10 10 2 10 9 8 10 2 10 2 2 10 2 2
left_child=6 2 3 4 -2 -6 11 -3 15 10 30 28 -13 -14 -15 -4 17 -9 31 20 -20 22 -21 25 -25 -10 -23 -26 29 -1 -5 33 35 -18 40 -33 49 39 43 41 -34 42 -38 44 45 46 -39 48 -37 -35 51 -51 54 -54 -29 -7 57 58 -46 60 -28 -12
right_child=1 7 8 9 5 55 -8 16 23 -11 61 12 13 14 -16 -17 18 -19 19 21 -22 26 -24 24 27 -27 59 52 -30 -31 -32 32 34 36 -36 47 37 38 -40 -41 -42 -43 -44 -45 56 -47 -48 -49 -50 50 -52 -53 53 -55 -56 -57 -58 -59 -60 -61 -62 -63
leaf_value=-0.0032513068501670733 0.0089773826647442292 0.015558177165616811 -0.017337075590111078 -0.018217146462811275 -0.012898968107886565 -0.011543275690034988 0.007661167535554749 0.032989567349911909 -0.018372448578612893 -0.0057910327164103909 0.0054605236313467614 -0.042304476781123743 0.013876966974777964 -0.051306682494179384 0.012584416026979767 -0.057636929756846936 0.013026018457994996 -0.019430709137851752 -0.010123754922721134 0.018530101968744314 -0.038762580645965078 0.0065080979888763532 -0.032246065944545044 -0.024480139378392277 -0.019301819378280093 0.013594602130160947 5.4894608987507605e-05 -0.00078250378035641267 0.00034111482745445793 0.028938897588054402 -0.00020304895197668308 -0.033862640947390575 -0.041789945863198563 0.0028020307355434097 0.00055904154530271176 -0.02796010832965248 -0.0035813779217155478 -0.046181982152330769 -0.0457309239193463 0.02272770562190481 -0.0043539656846039764 -0.018208576569574399 0.017343249070485154 0.0050300143943480371 -0.0065035433362807503 -0.0011831645329256238 0.017642049507463776 -0.0032993099270641302 -0.0012985220487348847 0.017143274874582479 0.030025842154817496 -0.049179581823610936 0.014941280418295108 -0.013638136724262931 0.027163041754369704 0.045176843277891066 0.017380039326707387 -0.0086327074080179873 -0.054088368511553714 0.0024150834713282526 -0.018439626896788228 -0.025770539474333432
leaf_weight=56.122535234666429 161.85548309911974 163.38332039437955 239.56876533661853 135.16582862740324 793.57566598266931 13.154535876208682 1758.005350703781 52.682664768130053 37.815131031005876 808.75390958356729 1630.2403323852777 39.011175989056937 75.385832899948582 32.957846555043943 11.500268325675277 22.952892595902085 432.85154911095742 14.188972687290514 146.91755235136952 22.968673911032965 81.661133347923169 416.36151442938717 76.484886756894412 134.40912207065412 154.7386359902157 121.65138823803136 168.67575365869561 158.39022337734059 1298.7713347480749 73.14367981092073 331.61836834085989 61.468096611031797 44.473342058539856 257.64496665168554 6028.1507690813451 119.87518643043586 171.72181143925991 34.112626091926359 24.287578355520964 109.93043531337753 60.354926874279045 66.72954640223179 143.10845480585704 231.63823323545512 24.934932666714303 387.64234051061794 11.224295052117666 638.98416239614016 69.492601139820181 27.07245650398545 115.64542673435062 12.747182695195077 52.386908535961993 295.66146213874163 49.796669976494741 19.044397684046999 14.337359178112818 61.031621720059775 51.08238536719 338.18618065255578 218.47479868619121 26.744644481921569
leaf_count=1109 6538 5709 32122 14896 120207 1609 16202 1155 7141 62429 74391 772 1187 1249 216 1140 12674 360 12142 1049 9500 11223 5608 14477 18332 11301 11494 7553 20360 814 24521 3969 4032 3766 132275 11330 5357 1171 2000 3990 2861 3210 4224 6417 694 9549 320 25389 3138 401 1084 340 1105 36620 2032 243 384 2280 2263 17576 16824 490
internal_value=-0.000506957 -0.00147773 -0.00398548 -0.00183615 -0.00798504 -0.0113438 0.00415742 -0.000283017 -0.0106003 0.000244776 0.00256663 0.000263996 -0.0143263 -0.00388937 -0.0292617 -0.021872 -0.000531196 0.0212889 -0.000677852 -0.00521032 -0.0209659 -0.00223619 -0.0215068 -0.00756182 -0.00996237 0.00536009 -0.000471068 -0.00720515 0.00193134 0.0160782 -0.0054418 4.86192e-05 -0.000987139 0.00338335 0.00016721 -0.00889983 0.000960925 -0.0017609 -0.00654247 0.00640049 -0.0196284 0.00162894 0.0060525 -0.00518435 -0.00924157 -0.00453133 -0.0301979 -0.0068554 -0.0184612 0.00965164 0.0205622 -0.00720604 -0.00329538 -0.00893277 0.00609619 0.0235675 -0.0221377 -0.0267381 -0.0398444 -0.00449441 -0.0104839 0.00485123
internal_weight=19433 16088.1 5187.52 3920.15 987.63 825.775 3344.9 10900.5 1267.37 2932.52 2123.77 1586.89 158.855 119.844 44.4581 262.522 10737.1 66.8716 10670.3 1469.73 228.579 1241.15 99.4536 1004.85 845.383 159.467 1141.7 710.974 1428.04 129.266 466.784 9200.54 7022.8 2177.74 6132.98 889.82 1744.89 1331.78 840.291 491.49 104.828 381.56 314.83 816.004 584.366 432.979 45.3369 828.352 189.368 413.11 155.465 39.8196 556.235 348.048 208.187 32.1989 151.386 137.049 76.0173 725.337 387.151 1656.98
internal_count=814814 772905 437147 305324 128597 122059 41909 335758 131823 176727 114298 25707 3424 2652 1465 33262 330049 1515 328534 85416 21642 63774 6657 98561 80119 18442 57117 65642 22283 1923 39417 243118 182994 60124 139168 43826 47450 41859 25078 16781 6893 12791 9581 23078 16661 11040 1491 39857 14468 5591 1825 741 47310 37725 9585 1852 5621 5237 2957 45894 28318 74881
cat_boundaries=0 1 2 3 4 5 6 7 8 9 10 11
cat_threshold=13782 584512 134338 167968 38177 25156 70529570 65766 33072 135499 198016
is_linear=0
shrinkage=0.05


Tree=84
num_leaves=63
num_cat=14
split_feature=1 33 4 22 21 45 28 34 11 48 49 9 34 45 19 46 26 26 45 34 23 19 19 33 49 11 18 49 41 43 5 23 49 46 18 22 7 46 15 45 30 45 46 18 45 48 27 46 2 45 18 33 9 27 23 19 29 36 49 28 46 32
split_gain=44.4518 18.7034 12.7176 14.0458 12.5443 14.4536 16.076 16.2081 11.7173 16.93 15.3775 19.1731 15.0374 16.35 15.9489 13.104 12.4608 16.7762 18.5126 20.0242 16.8382 13.5343 16.433 12.495 13.4034 12.4532 24.0145 21.7868 16.3521 12.4055 12.095 13.0161 11.6748 11.3172 11.3045 11.9699 11.1363 22.0661 17.0553 16.9674 11.0338 16.4892 15.3001 19.2011 18.4836 23.241 15.077 18.9241 18.9178 15.1458 14.435 14.4346 13.878 16.3652 12.1386 12.0692 11.7875 13.5585 17.9154 11.4114 12.7793 11.3856
threshold=7.5000000000000009 2.5000000000000004 7.5000000000000009 29.243430137634281 0.4552139043807984 0 24.500000000000004 0.02736879047006369 7.5000000000000009 0.39300721883773809 18.491395950317386 36.500000000000007 0.030493007972836498 1 306.50000000000006 2 90.500000000000014 34.500000000000007 3 0.014178436715155842 50.500000000000007 58.500000000000007 45.500000000000007 10.500000000000002 18.650360107421879 15.500000000000002 0.28165064752101904 5.8616199493408212 1.0000000180025095e-35 4 0.37997677922248846 26.500000000000004 19.228693008422855 5 0.35043859481811529 31.675571441650394 0.94016295671463024 6 0.090454548597335829 7 9.5000000000000018 8 9 0.040161289274692542 10 0.49079285562038427 25.500000000000004 11 5.5000000000000009 12 0.30839161574840551 45.500000000000007 54.500000000000007 220.50000000000003 19.500000000000004 22.500000000000004 1.1846503615379336 8.5000000000000018 16.675424575805668 26.500000000000004 13 2.5000000000000004
decision_type=8 8 8 2 2 9 2 10 8 8 2 2 10 9 2 9 2 2 9 10 2 2 2 8 2 8 10 2 2 9 8 2 2 9 10 2 8 9 10 9 2 9 9 10 9 10 2 9 8 9 10 10 2 2 2 2 2 2 2 2 9 10
left_child=4 2 33 -4 5 -1 7 -7 9 -3 25 15 13 -11 -14 -12 17 18 19 -17 -21 22 -22 -18 -25 26 28 -28 -10 -20 31 -13 -33 -2 -19 -36 37 -27 -39 -40 41 55 43 -42 -44 -46 47 48 -43 -50 51 52 54 -54 -47 -38 -52 58 -58 60 -48 -49
right_child=1 8 3 -5 -6 6 -8 -9 10 12 11 30 14 -15 -16 16 23 34 29 20 21 -23 -24 24 -26 36 27 -29 -30 -31 -32 32 -34 -35 35 -37 40 38 39 -41 42 46 44 -45 45 50 59 61 49 -51 56 -53 53 -55 -56 -57 57 -59 -60 -61 -62 -63
leaf_value=0.0065100440340065263 -0.012247994392490911 -0.04391609071124581 0.013695160423659864 -0.0082868259055955979 0.0087638792906676709 -0.069644345372036662 -0.00017210798855027019 -0.0049325759328685695 -0.047233611501724428 -0.013346388691376885 -0.023605825757592191 0.02522343367561522 0.017360407027416373 0.0025644389984184317 -0.0033257796045756956 0.023970038689399033 -0.026402845964865859 0.0012227558067586805 0.020783622652828113 -0.0031235180291265593 -0.034481225583448252 -0.046654919616579707 0.024399803023975458 -0.047921548422413494 -0.0059612806729916184 0.010895767526192394 -0.015813477462985896 0.013373510948724779 -0.00597843687922064 -0.0051995659036434601 0.022326010590287878 0.018273787000469884 -0.053252515737871722 0.021372313765839042 -0.015288041202636778 0.029286054876921808 0.019955681257747663 -0.02519488445248327 0.013229228111887273 -0.011307331557877227 -0.006649607362144417 -0.053657184862413013 0.0010984129831495919 0.016290895767968321 0.011801104728851897 0.0016928103916738959 -0.018817597000290179 -0.0049694197471137104 0.0070626435533074905 -0.027058842209907088 0.0031821226967363851 0.016629453836566558 -0.071832600400381544 -0.0017721634823604363 -0.020039579395019033 0.0048932241702149539 -0.037925595922666214 0.014761693005875702 0.030329904672541333 0.0009490796874699021 0.025298564496405253 0.023201755464375248
leaf_weight=127.59259370027576 27.73559933235083 14.366021137393544 72.396980916018947 1342.1840418825523 1719.4272090612794 19.274566545616835 45.459106905269437 17.450299995951355 19.546376402722672 158.55383696459467 96.512475003670261 10.435424703639002 317.31847749860026 2348.2817278259899 129.06302725686692 21.316930801564013 95.920466699171811 185.24231403664453 59.228498990996741 67.023125903244363 21.694091048993869 74.261961454787524 16.653303367231274 14.794014390092341 615.94788674241863 138.82235094497446 76.270626547222491 301.80058747797739 1487.6435410993872 111.37530767751741 90.169248961727135 5.2112137977965203 14.060321238357572 62.050818849915231 14.944498912198467 81.911861268396024 140.22577680087852 145.03798807278508 84.588280213181861 235.99709848623024 147.40973970279447 34.311925090732984 935.24049200569425 225.25017835410836 114.2200889654705 76.621930612949654 11.276589593908282 166.34779337127111 54.66529589984566 56.2940859001028 214.2547549441515 26.404601225192891 20.339511489728466 12.805960695259271 370.50970981980208 1697.0278496704414 58.951690391870216 20.529400982079096 7.4734080985654137 4534.2226365200768 70.659677940653637 40.369949800297036
leaf_count=1164 4805 1878 8908 137079 10296 503 445 230 483 6814 10338 58 6049 32781 2970 2039 9127 9191 4731 10687 4300 9484 934 602 23709 13991 3179 8028 34410 13477 1153 55 367 5556 1102 2292 15824 24660 6651 31680 14259 1444 45706 10286 8127 4614 782 19152 6397 13882 9593 1155 893 210 25669 58187 2536 898 148 123804 1947 2998
internal_value=0.00016273 -0.000628064 -0.0059499 -0.00711753 0.00735752 -0.00410531 -0.0186246 -0.0431715 -0.000128776 0.00270587 -0.000770634 -0.00536119 0.0030065 0.00149061 0.0114088 -0.00693246 -0.00547572 -0.000494287 -0.00743209 -0.0170606 -0.0233709 -0.0347767 -0.00904573 -0.0099975 -0.00731461 -0.000132605 -0.00384352 0.00735589 -0.00666787 0.00477167 0.0134987 -0.012651 -0.034131 0.0118512 0.00861381 0.0219956 0.000594753 -0.00594771 -0.0110291 -0.00467045 0.00103547 0.00203539 -0.00201374 0.00706165 -0.00386586 -0.00883781 0.000528857 -0.00937093 -0.022128 -0.0123933 -0.0119191 -0.0170348 -0.0190379 -0.0485446 -0.0163379 0.00606099 -0.00317605 -0.0181637 -0.0286606 0.0012942 0.0192394 0.000907295
internal_weight=19523 17593.8 1504.37 1414.58 1929.2 209.777 82.184 36.7249 16089.4 2967.58 13121.8 1596.7 2953.22 2506.84 446.382 1476.83 1380.31 653.652 371.553 200.949 179.632 112.609 38.3474 726.662 630.742 11525.1 1885.26 378.071 1507.19 170.604 119.876 29.707 19.2715 89.7864 282.099 96.8564 9639.86 604.446 465.623 320.585 9035.41 6805.4 2230.01 372.66 1857.35 922.111 4968.15 351.989 145.271 110.959 807.891 506.682 480.277 33.1455 447.132 1837.25 301.209 86.9545 66.4251 4616.16 81.9363 206.718
internal_count=814717 802079 156348 145987 12638 2342 1178 733 645731 50492 595239 103646 48614 39595 9019 102013 91675 58237 45652 27444 25405 14718 5234 33438 24311 491593 46100 11207 34893 18208 1633 480 422 10361 12585 3394 445493 76982 62991 38331 368511 244417 124094 24545 99549 53843 170406 43873 21723 20279 45716 32541 31386 1103 30283 74011 13175 3582 2684 126533 2729 22150
cat_boundaries=0 1 2 3 4 5 6 7 8 9 10 11 12 13 14
cat_threshold=329890 32806 27712 625772 263264 89620 544961 86149 1713702 143328 555462 207106 262280 67649
is_linear=0
shrinkage=0.05


Tree=85
num_leaves=63
num_cat=11
split_feature=1 33 29 6 16 49 45 6 17 20 46 45 6 16 34 45 47 2 6 31 21 46 28 27 46 16 18 45 29 33 49 37 37 37 42 6 45 46 18 37 22 30 48 21 1 35 12 26 37 35 46 34 37 33 25 31 20 22 48 12 49 49
split_gain=42.5288 23.9452 16.5205 19.7062 17.0882 18.7857 17.6273 16.4191 15.988 23.5676 25.1621 22.2322 14.8301 14.7843 14.4256 13.8024 14.089 18.323 13.6933 13.0964 14.8557 15.3978 14.2927 22.3955 16.486 13.9724 12.6333 15.3618 12.9478 14.0776 15.2674 14.2399 12.8923 13.4525 12.1826 16.7301 14.0075 13.9477 16.6121 15.4265 15.2992 14.2696 16.7471 13.7643 13.5599 20.0467 12.693 12.467 22.4061 16.2368 20.4357 14.7317 17.4593 13.7219 12.3647 14.5104 15.548 14.0392 12.0543 11.7819 11.7171 14.265
threshold=1.5000000000000002 1.5000000000000002 1.4598884582519533 15.500000000000002 0.77003204822540294 10.395590782165529 0 3.5000000000000004 0.17702034115791324 0.025039676576852802 1 2 7.5000000000000009 0.17667067050933841 0.02822474762797356 3 4 2.5000000000000004 2.5000000000000004 12.500000000000002 0.40339373052120214 5 26.500000000000004 68.500000000000014 6 0.67799538373947155 0.41763564944267279 7 1.7532555460929873 19.500000000000004 5.7857141494750985 52.500000000000007 22.500000000000004 24.500000000000004 1.0000000180025095e-35 8.5000000000000018 8 9 0.28165064752101904 24.500000000000004 35.967981338500984 13.500000000000002 0.78820699453353893 0.95096188783645641 6.5000000000000009 0.40212766826152807 1.0000000180025095e-35 135.00000000000003 27.500000000000004 0.86515152454376232 10 0.022563491947948936 26.500000000000004 19.500000000000004 74.500000000000014 12.500000000000002 0.032310407608747489 40.797296524047859 1.3968062400817873 3.5000000000000004 16.266088485717777 15.001548767089846
decision_type=8 8 2 10 8 2 9 8 10 2 9 9 8 10 10 9 9 10 8 10 2 9 2 2 9 10 8 9 2 10 2 2 2 2 2 10 9 9 8 2 2 2 10 2 8 10 10 2 2 8 9 8 2 10 2 10 2 2 10 10 2 2
left_child=-1 7 4 8 5 12 14 -2 9 10 60 -10 -3 -9 18 -14 17 -17 -7 22 -21 25 -8 24 -24 -22 27 -12 29 30 -28 59 -30 -34 36 37 -11 38 40 -39 44 46 -43 54 -36 -46 58 48 49 -41 -51 52 -49 -53 -38 56 -56 -57 -42 -32 61 -4
right_child=1 2 3 -5 -6 6 19 13 11 34 26 -13 15 -15 -16 16 -18 -19 -20 20 21 -23 23 -25 -26 -27 28 -29 32 -31 31 -33 33 -35 35 -37 43 39 -40 47 41 42 -44 -45 45 -47 -48 51 -50 50 -52 53 -54 -55 55 57 -58 -59 -60 -61 -62 -63
leaf_value=0.011746827876905853 0.010880449519454346 0.0087402239775177665 -0.017871163914482933 0.019664457967637061 0.00075914968033737506 -0.044379355581518995 -0.033009949695536243 -0.024233514528643908 0.0030946794976034198 0.0037543698657579077 -0.00043771194004161071 0.017390378723233905 0.012644225897698752 -0.0064295340083476982 -0.014915681213767421 -0.031875200210890443 -0.0025948591048799118 0.0078086400362178251 0.0071579399995048212 -0.037300320255164998 0.026741644452838637 -0.0096711463663749168 -0.02445534160238208 -0.019982570796335971 0.010105361762018152 -0.021073313781784654 0.013374351794628448 -0.020040891745411103 0.0097883989560713994 0.025149909369858323 -0.0071055857842023847 0.01731381993893551 -0.037591303088522758 -0.006345052933651796 0.029169248721005514 -0.034389643529732887 0.0067998887113836174 0.01502142418689998 0.0042966791851959119 -0.056310838291103497 -0.030884686364970028 0.032935548328721136 -0.03964659354075261 -0.014944051232548564 -0.002844393818829791 -0.039303912022473027 0.020037282482637069 0.017917684918826809 0.013864227516339523 0.021500994860946872 -0.029329828189193968 -0.0042048414313722721 -0.034434645284444808 0.019331361328445755 0.0072455022961310971 -0.010925683442531356 -0.0050198381261840098 -0.056346509611562762 0.0080568499330778056 -0.048824749274407435 -0.03877687968370705 0.020971501956301819
leaf_weight=795.21813303368981 115.98537368123652 323.83059063769178 183.04292498188443 146.901208759984 4320.7036054528653 8.4887798207346332 107.6767083639279 128.33570981175581 1613.4972008840414 1388.6953581374255 230.51023498919676 316.93640498275636 118.29875015169091 1002.3422352783236 119.02396135461458 93.242739694818738 1403.5134117143898 38.925073215621524 311.45315900439164 22.195436038135085 73.471686500110081 115.0908259126445 30.187614390917588 353.55776000471087 132.72115179469984 15.013296825505675 189.49663268349832 169.52504388790112 101.68012566160178 78.969141658279113 191.31347131408984 51.401432370417751 34.842594443529379 281.82983761769719 9.2214824603870493 22.71892628329806 367.25570670058369 525.78634196834173 1092.864398457401 14.067835913505403 27.4084757892997 6.1338144722394636 30.529377528000623 202.42936529873987 68.668048225925304 80.92573231831193 88.329359677736647 17.847563522402197 404.00655116217968 29.138708781567402 20.89729291270487 217.57335500535555 57.539555598283187 80.896817242377438 337.26893015112728 81.911410164902918 1051.4395364085212 17.80686223343946 47.476299115689471 13.929473249008877 56.298735500779003 22.77341302880086
leaf_count=4005 3443 9935 11823 3158 195159 321 27210 23405 46225 22137 10607 8744 8006 95342 9987 11170 99205 1134 20478 3461 4249 9653 2686 21976 8855 1256 1969 11834 2504 1730 5022 1085 1456 9041 26 718 7195 9037 17593 893 951 47 1018 13499 1995 3832 1116 318 10808 524 917 5132 2645 1560 4473 2699 20432 835 1110 319 5903 907
internal_value=0.00045774 -2.26219e-05 0.000453538 0.00179094 -0.00130418 -0.00403024 -0.00871475 -0.00670433 0.00151383 0.000515051 -0.00488235 0.00558644 -0.000963199 -0.00854814 -0.000403935 -0.00288364 -0.00417194 -0.0189478 0.0051287 -0.0128249 -0.00258182 0.00200689 -0.0166841 -0.0129964 0.00230897 0.0162025 -0.00199375 -0.0093955 0.00115661 0.00635803 0.00278991 -0.00513149 -0.00537013 -0.0103139 0.00189585 0.0043163 -0.000103263 0.00468854 0.00122413 0.00827814 -0.00803402 0.00122031 -0.0250082 -0.00271401 -0.0193628 -0.0232012 0.0076803 0.00410106 0.00949672 -0.0170405 -0.00188668 -0.00269108 -0.0216969 0.00238777 -0.00135789 -0.00338677 -0.00202571 -0.0213397 -0.00723707 -0.0110308 -0.0186026 -0.0131778
internal_weight=19601.1 18805.8 17559.2 9971.78 7587.39 3266.69 1288.88 1246.66 9824.88 7894.45 1605.61 1930.43 1977.81 1130.68 438.966 1653.98 1535.68 132.168 319.942 849.914 225.771 203.576 624.143 516.467 162.909 88.485 1343.5 400.035 943.463 525.11 446.141 256.644 418.353 316.672 6288.84 2842.03 3446.81 2819.31 1451.56 1367.75 358.693 199.877 36.6632 2058.11 158.815 149.594 163.214 841.968 468.11 64.1038 50.036 373.857 75.3871 298.47 1855.68 1488.43 1388.71 99.7183 74.8848 205.243 262.115 205.816
internal_count=814773 810768 688578 253837 434741 239582 110132 122190 250679 195710 64200 54969 129450 118747 30786 119515 111509 12304 20799 79346 18619 15158 60727 33517 11541 5505 45567 22441 23126 10125 8395 6426 13001 10497 131510 60240 71270 59522 27688 31834 10095 4242 1065 49133 5853 5827 3177 22797 13142 2334 1441 9655 2963 6692 35634 28439 24905 3534 2061 5341 18633 12730
cat_boundaries=0 1 2 3 4 5 6 7 8 9 10 11
cat_threshold=1385989 86149 459496 13568 4238960 102752 10548 596129 884832 10242 65600
is_linear=0
shrinkage=0.05


Tree=86
num_leaves=63
num_cat=8
split_feature=1 33 7 23 19 1 35 22 45 22 46 33 4 29 34 19 21 47 35 37 20 17 49 13 29 26 49 49 19 37 16 31 30 22 20 15 45 26 28 36 9 4 3 37 13 46 15 3 49 18 28 46 45 34 46 16 34 37 49 33 17 37
split_gain=49.4 23.8855 17.3065 17.0133 13.4607 13.8831 20.5443 15.5137 16.1464 17.1941 15.8801 26.1413 14.261 13.1991 13.0251 13.9838 14.8493 15.514 12.0327 13.6775 13.1246 11.9921 14.2944 11.965 15.8203 11.907 14.2324 12.594 12.6277 11.8921 11.4563 11.4344 20.7396 11.2303 12.2435 13.0453 12.2593 11.1959 11.147 11.0768 22.8984 13.4248 12.9077 15.8424 12.5108 12.3702 12.0231 11.2025 11.0779 12.698 14.9211 11.0161 24.7642 11.3861 15.7005 14.2585 14.3979 13.6636 10.7562 10.7468 10.6806 13.0259
threshold=2.5000000000000004 2.5000000000000004 0.73678824305534374 3.5000000000000004 3.5000000000000004 22.500000000000004 0.65549451112747203 30.010115623474125 0 34.832666397094734 1 6.5000000000000009 2.5000000000000004 3.5971014499664311 0.017780872061848644 9.5000000000000018 0.75082513689994823 2 0.074175827205181136 53.500000000000007 0.025039676576852802 0.7248140573501588 4.8257417678833017 2.5000000000000004 2.5872211456298833 94.500000000000014 16.825542449951175 4.4688711166381845 162.50000000000003 27.500000000000004 0.36939570307731634 4.5000000000000009 7.5000000000000009 33.026847839355476 0.029471346177160743 0.45049019157886511 3 2.5000000000000004 28.500000000000004 4.5000000000000009 23.500000000000004 8.5000000000000018 0.36518038809299475 31.500000000000004 3.5000000000000004 4 0.11189358308911325 0.34597875177860266 4.4688711166381845 0.11200716719031335 48.500000000000007 5 6 0.028568053618073467 7 0.88762626051902782 0.049935970455408103 25.500000000000004 21.002193450927738 15.500000000000002 0.12537425011396411 58.500000000000007
decision_type=8 8 8 2 2 8 10 2 9 2 9 10 8 2 10 2 2 9 8 2 2 10 2 2 2 2 2 2 2 2 10 10 2 2 2 10 9 2 2 2 2 8 10 2 2 9 10 10 2 10 2 9 9 10 9 10 10 2 2 10 10 2
left_child=-1 23 -3 -4 -5 6 7 -6 9 30 21 -12 -7 39 38 -16 25 -18 29 -20 -21 -10 -23 24 33 26 27 28 -17 -15 -9 -31 -33 34 35 -2 -36 -19 -8 42 41 -41 44 -44 -14 -42 -45 -47 49 50 -43 52 -39 57 55 56 58 -53 -55 -13 -11 -62
right_child=1 2 3 4 5 12 14 8 10 60 11 59 13 18 15 16 17 37 19 20 -22 22 -24 -25 -26 -27 -28 -29 -30 31 -32 32 -34 -35 36 -37 -38 51 -40 40 45 48 43 46 -46 47 -48 -49 -50 -51 -52 53 -54 54 -56 -57 -58 -59 -60 -61 61 -63
leaf_value=0.010451144503681497 -0.018464752095809184 -0.016452116781383284 0.022308934180077008 -0.020654220235875733 -0.04052474223321334 0.013488947110789053 -0.00051213741813778207 -0.0011907650487445812 0.013393884999121248 0.0217863734466619 -0.06508233499863493 0.01304641197623002 -0.00086416671319545059 0.0043970968793288724 0.025427298167440139 -0.030229915195833981 0.013338456333854349 -0.044963560174117345 0.0035430822556907736 -0.015998080097982995 0.024168728458694347 0.021430569881554933 -0.052986142201584013 0.0070357890025194471 0.0039262763774394012 0.031387547707935164 -0.025151268216873995 0.018316587975708471 0.021216361521779779 -0.032997814845334573 -0.064807211873099499 0.018120960543040108 -0.042682691626864576 -0.014358198447683629 -0.018270548013182699 0.012820698345422732 0.007267286171287495 0.016075428049438348 0.027027786222645178 0.023685719882013033 -0.0176529797122803 0.010068220748933276 -0.054375118933977555 0.027709373746916774 0.019529806948157546 0.015396963379748574 -0.025521652712961831 -0.03384834033048819 -0.015869966698576359 0.0073686972120652339 -0.042327079280172764 -0.01590026061702909 -0.038574460806512716 -0.048508675459125621 0.0082202625057198261 -8.9157994888625829e-05 0.020059088765749945 0.013035194826515595 0.01617019590198349 -0.046851707539615282 -0.03155070281389645 0.027365488376923281
leaf_weight=1027.044194379996 184.54578096421028 157.97953394698561 79.427856876456644 74.993459771409107 24.195892961928621 173.17956340147066 49.822782586794347 9.8430271584074962 210.15456439345144 20.626991842873394 16.256392981740646 37.539231330621988 12128.42837604176 114.3223402404692 74.915116814663634 26.647398255299777 141.45754758245312 11.708638707874341 1119.6509826269466 20.044599850312807 142.56641222839244 7.2906198673881617 10.787859268486498 141.01564496313222 229.22666497968021 63.244598797056824 25.032329883426428 154.93719809828326 14.739714343799276 56.312251708935946 22.039720307569951 38.944484986364841 15.603106662863864 707.35455775989976 43.46406956895953 36.69782154931454 230.67912706763309 24.703250169288367 133.02125866361894 22.585168483448797 29.569258652278222 20.2341094375588 20.033968972944422 14.553359778190496 70.675958805484697 182.79405141674215 18.200118521810509 7.6682112577836952 510.05858313929639 123.6188518704439 28.353097384446301 46.807326587615535 44.934285305906087 55.976217680610716 78.398015290498734 50.232644272618927 7.655662906356155 193.90548537136056 4.7962406128644934 4.1024285044986746 33.822883638902567 8.1505557335913164
leaf_count=5406 28969 25823 4476 54260 529 4387 607 113 2075 182 395 386 429375 2929 716 448 1021 358 23389 1202 2140 39 182 3056 18264 312 309 1442 103 2254 552 793 902 80416 6274 2363 18154 174 662 2073 1496 2048 3771 1829 487 3989 1512 214 52122 9814 4243 587 803 907 732 387 47 1691 38 177 482 41
internal_value=-0.00019294 -0.000791354 -0.000238134 -7.91084e-05 -0.000193328 -9.38932e-05 0.0043123 -0.00538342 -0.00265298 -0.0189686 0.0034992 -0.0172144 -0.000571986 -0.00074235 0.00758387 0.00532489 0.00360614 -0.000528592 0.00368211 0.00555486 0.0188879 0.00949136 -0.0248345 -0.00667258 -0.00804232 0.0130465 0.00722868 0.0118794 -0.0115957 -0.00687098 -0.0479911 -0.0181793 -0.00139518 -0.0103302 -0.00449267 -0.0131068 0.00256947 -0.00456588 0.0197096 -0.00124972 -0.00651119 -0.0108903 -0.000850043 -0.024426 -0.000738061 0.00744731 -0.00133217 0.0119859 -0.0121989 -0.00118463 -0.0216036 -0.00329315 -0.0197747 -3.0377e-05 -0.00882305 -0.0190821 -0.034668 0.00719955 -0.0425629 0.00275548 -0.00453693 -0.018415
internal_weight=19377.6 18350.5 16777.5 16619.6 16540.1 16465.1 1607.75 404.81 380.614 94.4832 286.131 57.8981 14857.4 14684.2 1202.94 1020.09 945.177 660.575 1507.44 1282.26 162.611 228.233 18.0785 1572.98 1431.97 284.601 221.357 196.324 41.3871 225.182 31.8827 110.86 54.5476 1202.74 495.387 221.244 274.143 519.118 182.844 13176.8 924.881 704.85 12251.9 52.7874 12199.1 220.032 32.7535 190.462 682.265 172.206 48.5872 507.409 69.6375 437.772 197.059 118.661 68.4281 240.713 60.7725 41.6417 62.6004 41.9734
internal_count=814927 809521 652025 626202 621726 567466 16497 5153 4624 1370 3254 958 550969 546582 11344 10075 9359 6745 33609 26731 3342 2296 221 157496 154440 2614 2302 1993 551 6878 665 3949 1695 136176 55760 31332 24428 5724 1269 512973 75999 70300 436974 7112 429862 5699 3341 4203 68227 16105 6291 5366 977 4389 2111 1379 992 2278 945 563 705 523
cat_boundaries=0 1 2 3 4 5 6 7 8
cat_threshold=235526 208518 49296 706059 7444 13168 590850 33795
is_linear=0
shrinkage=0.05


Tree=87
num_leaves=63
num_cat=3
split_feature=1 28 23 31 31 49 29 37 22 43 37 30 49 1 5 48 48 48 21 21 16 33 37 21 48 49 49 15 15 40 48 37 37 29 12 22 15 19 22 37 49 19 31 12 31 29 47 23 23 43 16 20 5 18 21 10 24 18 26 17 48 19
split_gain=37.3917 18.271 15.5789 14.7085 14.5852 14.2621 22.1302 16.5204 14.6288 18.8332 16.1627 17.4132 14.5355 13.8975 13.7214 12.8341 12.3972 11.6561 16.3856 14.6104 11.6179 20.2907 15.2589 15.6227 14.7917 13.2388 16.738 17.3528 16.287 15.4377 28.046 24.482 20.0251 14.0918 12.0806 12.0326 11.8924 12.8062 11.5093 24.7033 15.5522 14.0025 23.2681 13.5627 13.1741 13.1373 12.8256 12.666 13.4463 12.2973 16.1089 15.0998 13.3781 13.3506 12.333 17.7004 16.3483 12.1353 14.4429 11.8822 15.8179 13.1231
threshold=16.500000000000004 1.5000000000000002 3.5000000000000004 2.5000000000000004 26.500000000000004 14.411239624023439 0.87979057431221019 29.500000000000004 38.593172073364265 0 23.500000000000004 13.500000000000002 31.264814376831058 27.500000000000004 0.21410506218671801 1.2173503637313845 1.1444187760353091 0.94447326660156261 0.9987146556377412 0.46485051512718206 0.2522727251052857 33.500000000000007 31.500000000000004 0.80292361974716198 1.6821274757385256 13.167148590087892 13.675438880920412 0.43649193644523626 0.29459981620311743 1.0000000180025095e-35 1.3777332901954653 55.500000000000007 22.500000000000004 1.3579783439636233 4.5000000000000009 30.484740257263187 0.12922201305627826 640.00000000000011 33.773157119750984 31.500000000000004 0.5108928680419923 111.50000000000001 1.5000000000000002 1.5000000000000002 13.500000000000002 3.6264535188674931 1 53.500000000000007 9.5000000000000018 2 0.8760964870452882 0.016592874191701416 0.39523150026798254 0.2522727251052857 0.39096467196941381 4.5000000000000009 1.0000000180025095e-35 0.045804196968674667 37.500000000000007 0.015877015888690952 1.2386317253112795 119.50000000000001
decision_type=8 2 2 10 10 2 2 2 2 9 2 2 2 10 8 10 10 10 2 2 8 10 2 2 10 2 2 10 10 2 10 2 2 2 8 2 10 2 2 2 2 2 10 8 8 2 9 2 2 9 10 2 8 8 2 8 2 10 2 8 10 2
left_child=4 13 3 -3 -1 20 7 -7 9 -8 11 -10 -11 -2 -14 -12 -6 19 -19 -9 21 -4 -23 24 -24 38 35 28 29 30 31 32 33 -28 -35 -27 37 -34 -22 41 47 42 -40 44 -42 -44 49 48 -41 51 53 54 -52 57 -45 -56 -57 -51 -59 -43 61 -61
right_child=1 2 5 -5 16 6 8 17 10 12 15 -13 14 -15 -16 -17 -18 18 -20 -21 25 22 23 -25 -26 26 27 -29 -30 -31 -32 -33 36 34 -36 -37 -38 -39 39 40 43 59 45 46 -46 -47 -48 -49 -50 50 52 -53 -54 -55 55 56 -58 58 -60 60 -62 -63
leaf_value=0.0068952268816397898 -0.035595074888686525 -0.03058631849239489 -0.0075093068948462217 0.02746968092778871 -0.01479914262513783 -0.02863435547843008 -0.025016411099677217 0.00031095840035719186 -0.010789408407957479 -0.0024488614637561607 0.0090908091980595462 0.020048434140715461 0.021180411532522397 0.0069064787986317065 -0.027358307675298441 -0.0034042322453764436 0.0046288123772930722 -0.0064269803907364212 0.025900347595375125 -0.025668578003123884 0.0015968013532574516 0.0091652622897206836 0.016735026083713866 -0.029445960997820639 -0.035670227407430741 -0.032435366783914898 0.021241735449118716 0.022739043507040094 -0.04181928981210279 0.0090583840691929908 0.020689091053539777 0.029058703151098472 -0.053991017433859034 0.022625078196467877 -0.03179639460974934 0.016296790513146791 0.0022593220726162683 0.018355490365812927 -0.0339920893119992 0.0063325186600706107 0.0017794203540820543 -0.011041530557933979 -0.011909391909663397 0.024898697641013556 -0.036318124858588277 0.0088715485727576208 -0.022946807909550868 0.00071780953364043666 -0.051474381669289186 -0.012056908326821596 0.00042157141700489549 0.0021358908031714106 -0.038665763636547362 -0.01545532533405458 -0.033238459669263809 0.012999896738767423 -0.026517461428002237 0.03564200697551799 -0.020280133351771326 0.031028566232289313 0.014170313403055933 -0.0043959546286348149
leaf_weight=2267.847878872999 60.298631594603648 8.4206993610714544 1181.1867884737367 74.401182075962424 148.37686762365047 118.72409107334533 90.451178047514986 85.624322757401387 327.71101098910731 2257.4545352616406 707.35234296720591 48.385793789755553 13.238671101746148 25.235030118958093 95.525938233884517 285.74047922855243 172.91757860244252 210.67119451171311 42.906645382507122 141.52227971696993 5209.7700142742106 390.93485076987417 55.256384772525053 54.661783311559702 12.420047943043754 8.6220236336812359 26.239784034492914 72.2431471759337 20.339264552952955 212.48547500481072 55.028871423157398 19.517218024586327 67.526039749587653 9.1765541606582683 41.572390297427773 346.9545872213057 12.921456184005363 4.305967991356737 100.4859007592604 12.466918994847218 45.285834542475641 356.63668733698432 381.85636333978618 131.87311004166258 39.605220594734419 90.764467560686171 32.95283592728083 43.734905770077603 31.733337134006433 27.851910834855516 35.028303069761023 1636.9774281448772 52.896819318921189 58.362792606203584 20.552993934135884 325.60442079810309 23.792747862025863 53.5140014749486 10.908071847865356 22.09690014377702 151.22820580081316 773.01041076338151
leaf_count=16983 75876 383 82521 1700 2593 19403 7614 8484 15665 87006 17382 2273 393 2122 6978 9069 1635 17878 3753 18954 183521 11565 1842 3200 563 520 858 2750 1612 6604 1651 246 3066 56 1008 11839 680 30 4039 367 1315 17886 32896 5608 1022 1171 3382 2098 1860 2978 2102 48887 5538 4909 547 10869 3347 2262 968 1002 5068 24684
internal_value=-0.000104657 -0.00096452 -0.000843318 0.0201617 0.0054837 -0.000953587 -0.00338501 -0.0122772 -0.00197755 -0.00428261 0.00215884 -0.00661106 -0.00331946 -0.0233669 -0.020779 0.00549659 -0.0044325 -0.00798427 -0.000561981 -0.0160797 -7.49601e-05 -0.00391205 0.00435883 -0.010757 0.00532518 0.000541955 0.00633546 0.000769212 -0.00281826 -0.000609338 -0.00931072 -0.0187293 -0.0251943 -0.00605573 -0.0208092 0.0146817 -0.0412736 -0.0487419 1.53034e-06 -0.00186195 0.00130971 -0.00622083 -0.0127024 0.00205381 -0.0170261 -0.00786742 0.00275966 -0.018779 -0.0361831 0.00324609 -0.00723372 0.00445724 -0.023909 0.00249012 0.0120218 0.00716087 0.00997275 0.0140515 0.0253945 -0.00333229 -0.000384216 -0.00322372
internal_weight=19443.2 16854 16768.5 82.8219 2589.14 16685.7 4425.31 599.449 3825.86 2456.67 1369.19 376.097 2366.22 85.5337 108.765 993.093 321.294 480.724 253.578 227.147 12260.4 1694.46 513.273 122.338 67.6764 10565.9 896.933 541.356 469.113 448.774 236.288 181.259 161.742 76.9887 50.7489 355.577 84.7535 71.832 9668.99 4459.22 2583.14 1876.08 573.107 2495.21 84.8911 472.621 2410.32 87.9352 44.2003 2377.36 238.562 2138.8 87.9251 150.637 501.823 369.95 349.397 92.274 64.4221 1302.97 946.336 795.107
internal_count=815081 793870 715872 2083 21211 713789 214852 68472 146380 101991 44389 17938 94377 77998 7371 26451 4228 49069 21631 27438 498937 99691 17170 5605 2405 399246 30920 18561 15811 14199 7595 5944 5698 1922 1064 12359 3776 3096 368326 184805 98059 86746 38106 93734 2337 34067 91397 4325 2227 88015 18757 69258 7640 11117 20371 14763 14216 6208 3230 48640 30754 25686
cat_boundaries=0 1 2 3
cat_threshold=8224 35701489 327873
is_linear=0
shrinkage=0.05


Tree=88
num_leaves=63
num_cat=13
split_feature=1 28 18 6 49 49 35 45 10 25 45 23 5 29 29 49 33 46 14 46 34 11 45 45 1 34 46 29 47 49 36 34 15 19 33 48 15 18 26 28 12 12 6 27 45 26 46 47 37 47 23 48 16 18 34 48 45 25 33 23 34 11
split_gain=30.123 22.1825 19.7494 15.8756 16.3645 15.5493 14.5577 18.8796 14.3817 16.6191 15.3493 17.1497 18.3569 14.5639 13.7948 18.9903 16.3723 14.9742 13.758 13.02 15.4929 15.7824 12.9826 12.6649 15.7356 14.4051 14.9951 12.639 12.3958 15.0983 15.8068 14.6693 14.9023 15.985 14.5745 16.5014 14.0971 12.4539 15.821 14.3317 16.9194 12.2269 13.1696 12.156 12.7294 14.5812 14.5865 12.172 12.0673 11.8421 14.5936 16.3892 18.2079 13.9454 13.5084 11.9379 11.7899 11.6081 16.5825 12.3346 11.6016 11.274
threshold=54.500000000000007 1.5000000000000002 0.15410428494215014 2.5000000000000004 21.901765823364261 25.155297279357914 0.91366460919380199 0 7.5000000000000009 24.500000000000004 1 17.500000000000004 0.2126225680112839 2.6963362693786626 3.614962220191956 9.1471500396728533 34.500000000000007 2 1.5000000000000002 3 0.0084597459062933939 26.500000000000004 4 5 2.5000000000000004 0.019121041521430019 6 1.1926450729370119 7 2.1174163818359379 11.500000000000002 0.028100835159420971 0.15405073761940005 578.00000000000011 50.500000000000007 1.8400288820266726 0.077524039894342436 0.35043859481811529 110.50000000000001 228.50000000000003 1.5000000000000002 10.500000000000002 8.5000000000000018 55.500000000000007 8 47.500000000000007 9 10 60.500000000000007 11 54.500000000000007 1.0568711757659914 0.96396103501319896 0.26726190745830541 0.022010896354913715 1.3687025904655459 12 5.5000000000000009 26.500000000000004 8.5000000000000018 0.0245618149638176 27.500000000000004
decision_type=8 2 8 8 2 2 10 9 8 2 9 2 10 2 2 2 10 9 2 9 10 10 9 9 10 10 9 2 9 2 2 10 10 2 10 10 8 8 2 2 10 8 10 2 9 2 9 9 2 9 2 10 10 10 10 8 9 2 10 2 10 8
left_child=23 -2 3 27 6 8 19 -8 13 10 49 -12 -13 56 17 16 -16 -9 -6 -5 -21 22 -22 25 -25 -1 -27 -3 29 31 48 32 33 37 36 -36 61 38 -11 40 -39 -7 -43 -26 45 46 -45 -46 -31 50 55 52 53 -52 -53 57 -4 -10 59 -59 -56 -30
right_child=1 2 5 4 18 41 7 14 9 28 11 12 -14 -15 15 -17 -18 -19 -20 20 21 -23 -24 24 43 26 -28 -29 34 30 -32 -33 -34 -35 35 -37 -38 39 -40 -41 -42 42 -44 44 47 -47 -48 -49 -50 -51 51 54 -54 -55 60 -57 -58 58 -60 -61 -62 -63
leaf_value=0.027184706756485141 -0.030916826644613721 -0.00046503835412969625 -0.0099662698550827041 -0.0035277456579544115 -0.017612842195813851 0.0097836712580668811 -0.001473926532878403 -0.018808873573695227 0.025871174557442339 0.00061442985605570104 0.0096441188040606446 -0.021650917980497342 0.00065867786704952049 0.029164882991799826 -0.0049297075907059514 0.016538231257276711 -0.068915430291271229 -0.0039549129940390912 0.016536836010518596 -0.037526747278934076 0.010940384797729711 -0.018404435124588073 -0.0021060185995515953 0.008531838423899693 -0.0024764095563946198 0.013615843785005327 -0.0087498195144879078 0.020544343036726104 0.016027584260281832 0.00064567601630109034 -0.022175061315814835 -0.03017727304742647 0.021358110249046644 -0.045828331585498594 -0.06548439632275653 0.0091267254461442956 0.0023101648628686151 -0.00044945658435668195 -0.057088287726326528 0.017551757939064907 -0.030046043777221712 -0.018776656060587621 0.015078216214512514 -0.027700782017945676 0.010941346851807414 -0.012659173562755574 0.01239497713320991 -0.011490027098963081 0.020614692148953284 -0.019229319597737386 0.012587804247138543 -0.039623755826516227 0.020077358112283738 -0.026745268503230425 0.025478999531031433 0.024284566582253142 0.0077401521731983143 0.02094768117038125 0.017376722533099073 -0.024927365969497343 -0.025351541483881846 -0.00025775544471520561
leaf_weight=114.3929067349527 56.361255488198367 181.78146890812786 98.998213526094332 1533.896429724562 312.79216402454767 58.245142858941108 962.7599054689781 534.15030112185923 36.796733320821659 22.693863200489432 76.683031793101691 325.00500276065577 127.55621172740939 64.827006401959807 45.332689997099806 89.11595923738787 8.1662086094729585 278.72863319744647 28.601701952284202 17.047075352456886 570.47778347662825 62.538699436379829 282.27602020281483 915.68452805269044 1265.7430566889234 215.73898982873652 100.52474514779169 112.85960758605506 398.46572310809279 5885.8128066449717 70.136128057056339 61.988916791044176 43.352902787970379 21.288914370699786 10.765995090827348 11.968155764508991 1447.7686129427166 211.20562676235568 19.686546260782052 69.188714821822941 57.660959754721262 234.85473015859316 28.85998355812626 12.371898420155047 606.94767225388205 180.33221949788276 150.38726656034123 56.72476557851769 71.6492919496377 54.261787083290983 32.414413222752046 47.172501500172075 78.212506243769894 54.645724814225105 17.784209891280625 97.013047494983766 594.56304028513841 13.963183374376966 51.860207336314488 74.158152724296087 17.129237851069774 144.06341810786398
leaf_count=842 75779 4763 3137 76100 29652 851 58492 41713 7100 955 6156 56259 9629 401 1422 1600 222 23118 842 1180 26047 6884 21147 5000 31649 1971 1359 1265 8974 153028 8936 4608 1362 760 445 214 22477 4672 1692 1181 1299 17647 1772 449 5823 2478 2481 1039 1215 7923 3608 7776 7376 10018 1482 8050 10256 646 2431 8418 2508 7408
internal_value=3.05452e-05 -0.000911666 -0.000794539 -0.00338133 -0.00408538 0.000416516 -0.00325457 -0.00651536 0.000753357 0.000230737 -0.00552631 -0.0115203 -0.0154244 0.00735991 -0.0114267 0.00271674 -0.0197522 -0.0140492 -0.0145544 -0.00071025 0.00391509 0.00492916 0.00673769 0.00414234 0.00300784 0.0120643 0.00663282 0.00779095 0.00097754 -8.33824e-05 0.000616237 -0.00832633 -0.00498157 -0.00805169 0.00439181 -0.031642 0.00490368 -0.00537066 -0.0293855 -0.00197562 -0.00722939 -0.0103204 -0.0148601 0.000781355 0.00486914 -0.00294451 0.00770002 0.00881254 0.000902925 0.000232957 0.00274065 -0.00594927 0.00320904 -0.0122124 -0.0235143 0.0106558 0.00512764 0.00271432 -0.00405517 -0.0169238 0.000488772 0.0117403
internal_weight=19428.4 15809.6 15753.2 5020.52 4725.88 10732.7 4384.49 1918.25 10410.7 9652.35 1104.66 529.244 452.561 758.388 955.494 142.615 53.4989 812.879 341.394 2466.24 932.34 915.293 852.754 3618.85 3188.19 430.657 316.264 294.641 8547.7 6534.66 6027.6 507.066 445.078 401.725 2013.03 22.7342 1990.3 380.436 42.3804 338.055 268.867 321.96 263.715 2272.51 1006.76 343.091 162.759 663.672 5957.46 575.412 521.15 247.359 165.273 87.0601 82.0859 273.791 693.561 176.778 139.982 88.1213 34.9134 542.529
internal_count=815987 762896 687117 294447 288419 392670 257925 126567 372400 358606 139380 72044 65888 13794 68075 3244 1644 64831 30494 131358 55258 54078 47194 53091 48919 4172 3330 6028 219226 179708 163179 16529 11921 10559 39518 659 38859 9799 2647 7152 5971 20270 19419 43919 12270 5408 2930 6862 154243 67336 59413 32768 21002 13626 11766 26645 13393 18595 11495 9064 3990 16382
cat_boundaries=0 1 2 3 4 5 6 7 8 9 10 11 12 13
cat_threshold=1925443 1885381 72982 119331 922827 159744 66005 304087424 36288 2353 33588112 175120577 826369
is_linear=0
shrinkage=0.05


Tree=89
num_leaves=63
num_cat=11
split_feature=1 16 12 45 16 6 6 23 25 45 20 47 19 20 45 14 25 5 6 20 28 47 20 46 33 49 20 46 10 17 17 37 20 26 21 26 2 46 45 22 29 29 14 3 22 33 35 48 34 45 37 21 2 22 47 21 9 22 49 26 49 5
split_gain=33.4379 21.2733 18.7663 17.3559 22.8869 14.6035 13.383 16.7199 20.373 17.4212 15.9735 14.9108 17.9658 19.387 15.4147 13.6051 15.7368 15.9427 15.3982 12.6784 16.0165 12.2241 11.9679 11.508 13.4353 11.2431 16.0567 11.1573 17.4578 14.9566 12.1817 12.4658 15.6921 14.2941 13.4862 11.2302 13.3542 11.0863 12.4068 17.0621 12.8464 12.1142 13.5538 12.1237 12.028 12.5885 11.7142 11.6665 11.1647 11.0676 13.7965 10.9167 10.8769 11.9993 10.8199 10.6366 10.5653 12.0988 10.8331 15.922 10.5302 10.4462
threshold=3.5000000000000004 0.61986863613128673 4.5000000000000009 0 0.59280791878700267 12.500000000000002 16.500000000000004 40.500000000000007 38.500000000000007 1 0.01145271258428693 2 148.50000000000003 0.016932365484535698 3 1.0000000180025095e-35 19.500000000000004 0.33454073965549475 4.5000000000000009 0.065329361706972136 1.5000000000000002 4 0.0049244987312704333 5 14.500000000000002 4.8871574401855478 0.016370626166462902 6 2.5000000000000004 0.19890110194683078 0.045715779066085822 58.500000000000007 0.01688212621957064 3.5000000000000004 0.44667470455169683 4.5000000000000009 1.5000000000000002 7 8 35.349924087524421 0.94413232803344738 0.7427366077899934 5.5000000000000009 0.14911509305238727 37.542263031005866 32.500000000000007 0.45643940567970281 1.2537786364555361 0.025833333842456344 9 30.500000000000004 0.99069747328758251 11.500000000000002 31.407337188720707 10 0.7550019919872285 18.500000000000004 38.487613677978523 10.71123790740967 15.500000000000002 9.4674625396728533 0.15274555236101153
decision_type=8 8 8 9 10 10 10 2 2 9 2 9 2 2 9 2 2 10 10 2 2 9 2 9 10 2 2 9 8 10 10 2 2 2 2 2 8 9 9 2 2 2 2 10 2 10 10 10 10 9 2 2 10 2 9 2 2 2 2 2 2 8
left_child=-1 3 49 4 60 19 11 -8 9 -9 -11 12 -4 -14 22 -16 17 27 21 20 -5 -18 -13 24 -23 26 -24 56 29 -29 -30 32 35 -34 -35 36 -32 54 39 52 41 43 -43 48 -42 46 -46 -41 -40 50 -3 -50 53 -39 -22 -20 58 -58 -17 -60 -2 -56
right_child=1 2 6 5 -6 -7 7 8 -10 10 -12 14 13 -15 15 16 18 -19 55 -21 37 23 25 -25 -26 -27 -28 28 30 -31 31 -33 33 34 -36 -37 -38 38 40 47 44 42 -44 -45 45 -47 -48 -49 51 -51 -52 -53 -54 -55 61 -57 57 -59 59 -61 -62 -63
leaf_value=0.0079271493532046874 -0.013255005871500775 -0.022510713643848101 0.012412903764324305 -0.032789697667769062 0.018466716388259582 -0.01468749572565232 0.027468613736688054 0.010659231345743869 0.026717432143051497 0.016673783349169437 -0.037206925064143082 0.02615471397439241 0.013157012327080853 -0.019798394086328983 -0.0014943188063177 0.016945498101890166 -0.019729164596862216 -0.022656925788891395 -0.032034680689455204 0.017457552342961886 0.013062264352798718 0.0048576597635363525 -0.026284829884235635 0.013969559700629353 -0.037520263875681775 -0.016882498638371764 0.0088098884083904743 -0.045556186184636284 0.029433354299961818 0.017710335623840553 0.019842344245190033 0.01338033673112056 0.0039669338062400111 -0.034576532789515481 -0.011804036337421341 0.0062397317560078883 -0.042341768766424481 0.0034189483127239719 -0.0064739912723706236 0.033362657612163109 -0.0023676702447335014 -0.035614373982818914 0.03221341757094319 0.014711432512347132 0.0077309466464934576 -0.047778620755290574 -0.02147063352117945 -0.0030165332062606636 -0.043581125321292165 0.0071777156157821157 0.015415292701709944 0.00053587517842106189 0.034617346834318004 -0.017831898170349535 -0.021209159701174079 0.0055252659320310302 0.0020337399841806633 -0.045055984280260676 0.0088214908593714208 -0.027301262989852255 -0.038666032866955927 -0.00048515859222237907
leaf_weight=1225.6755894429225 101.158550346212 67.27794196351897 445.8042940749001 37.879863974187174 33.00387215243245 234.14339674479561 91.725288663234096 59.092188246257138 52.17484541493468 14.486149596516041 57.331581196456682 17.674257712380495 71.426517254614737 103.30020857142517 7505.1841367933521 243.4107109537581 20.670097486348823 69.794767894316465 33.149422536836937 77.133968560730864 130.18439676889102 82.744197620544583 39.271197334470344 641.69354035053402 18.852369825355709 303.62341582297086 118.5586746121262 5.26054280437529 20.76005990523845 138.70458662533201 9.181204916909337 75.062071215012111 105.62981371500064 78.838432173593901 343.49670065334067 238.57426716585178 21.782190416532103 151.41137508992688 149.11809852223087 59.448979451117339 903.29226155145443 86.922929663880495 4.1924326126463702 38.529282292300195 52.520900079776766 23.170233482087497 84.079849052242935 32.312299665252795 44.502047459056485 1305.2002138262324 31.665024832822382 19.396160884018173 12.822679457953198 111.5582196584437 57.114326552284183 34.787229784531519 47.75621701660566 13.875001053092999 122.40996203711256 35.108524216688238 74.322458425991499 2906.1460810859789
leaf_count=6903 14016 1354 16705 40961 2524 18701 2379 5144 1352 911 6709 1740 2012 4087 291188 5737 413 2503 957 4822 6929 1378 5512 6490 401 40862 8778 269 452 1636 123 1704 3992 3189 7384 5834 2115 8094 10649 2170 41090 6279 18 5335 2505 1641 6285 1482 5258 19429 1228 1286 251 8160 3258 609 1242 583 4050 916 13360 141180
internal_value=-4.81253e-05 -0.000589936 0.000530844 -0.00320905 -0.0168799 -0.00260963 -0.000148643 0.01065 0.00171769 -0.00886244 -0.0229706 -0.00042298 0.00701329 -0.00633532 -0.000876347 -0.000445723 0.00282574 -0.000126202 0.00836303 -0.00203305 -0.00235704 0.0104053 -0.00949637 0.0114798 -0.00401998 -0.0113312 -0.000461357 0.00099405 -0.00189999 0.0139471 -0.00453841 -0.00550976 -0.00736001 -0.0123341 -0.0164099 0.00243034 -0.0237079 -0.00208676 -0.00521887 0.00290395 -0.00735097 -0.0157605 -0.03098 -0.00975134 -0.00464802 -0.0170773 -0.0103665 0.0210584 -0.014412 0.00597114 -0.00931893 -0.0311225 -0.00330037 -0.0057607 -0.000268084 -0.0137416 0.00731894 -0.011153 0.0104412 0.000178026 -0.0247905 -0.000916562
internal_weight=19335.4 18109.7 12685.3 5424.36 208.485 5215.88 11281.2 274.81 183.085 130.91 71.8177 11006.4 620.531 174.727 10385.9 9906.73 2401.54 1569.65 831.897 4981.74 4904.6 763.96 479.128 743.29 101.597 461.453 157.83 1499.85 1037.29 143.965 893.325 872.565 797.503 527.965 422.335 269.538 30.9634 4866.72 1773.28 367.554 1405.72 342.661 91.1154 251.546 1063.06 159.771 136.601 91.7613 213.016 1404.14 98.943 63.8982 275.792 262.97 3093.44 67.9367 462.56 61.6312 400.929 157.518 175.481 2963.26
internal_count=814524 807621 461367 346254 29900 316354 439356 16495 14116 12764 7620 422861 22804 6099 400057 343165 51977 41729 10248 297653 292831 8682 56892 8269 1779 55152 14290 39226 26698 1905 24793 24341 22637 14565 10573 8072 2238 251870 100503 20157 80346 28825 6297 22528 51521 10431 8790 3652 17193 22011 2582 6544 16505 16254 151367 1566 12528 1825 10703 4966 27376 144438
cat_boundaries=0 1 2 3 4 5 6 7 8 9 10 11
cat_threshold=38404 966786 23472210 563201 67109376 5505 22369 142979 665601 393226 336986912
is_linear=0
shrinkage=0.05


Tree=90
num_leaves=63
num_cat=14
split_feature=1 35 18 29 20 43 49 1 46 46 6 30 19 14 18 3 34 48 46 1 19 46 15 37 45 6 7 46 45 46 26 34 45 22 37 22 5 49 19 5 17 21 46 18 48 34 1 33 26 16 10 29 45 11 45 37 49 35 17 46 48 5
split_gain=43.3129 23.1541 21.438 17.0891 16.5484 15.3781 20.4721 20.7002 14.6341 14.4792 14.1719 17.4805 20.3548 14.1128 13.828 14.0282 13.2891 12.9977 16.0994 12.4435 11.8233 12.9962 14.2313 15.5363 14.9201 12.2935 17.2808 11.8219 13.5266 11.7677 15.987 12.9942 15.4746 11.4816 15.9012 11.4645 11.4248 11.424 11.3583 11.0912 10.6398 11.3516 14.0158 16.5059 13.2985 12.7304 11.0626 10.5431 12.2063 11.89 13.4793 15.8941 17.3962 12.1161 19.1377 13.7643 24.8065 12.4487 14.0796 11.2103 13.0078 11.2007
threshold=9.5000000000000018 0.25403225421905523 0.11822947114706041 1.944699287414551 0.033251110464334495 0 4.373310089111329 34.500000000000007 1 2 12.500000000000002 6.5000000000000009 105.50000000000001 2.5000000000000004 0.098099362105131163 0.6684151589870454 0.01294592395424843 0.47526620328426367 3 3.5000000000000004 542.50000000000011 4 0.15047170221805575 22.500000000000004 5 19.500000000000004 0.88427153229713451 6 7 8 95.500000000000014 0.028464145958423618 9 32.076339721679695 50.500000000000007 33.858572006225593 0.22360349446535113 12.510421752929689 127.50000000000001 0.13637774437665942 0.87083333730697643 0.5858980417251588 10 0.35805861651897436 0.27789303660392767 0.028100835159420971 27.500000000000004 38.500000000000007 20.500000000000004 0.71330726146698009 5.5000000000000009 1.5407571792602541 11 29.500000000000004 12 40.500000000000007 16.513512611389164 0.54692083597183239 0.36939570307731634 13 1.1067461967468264 0.23764638602733615
decision_type=8 10 8 2 2 9 2 10 9 9 8 2 2 2 10 8 10 10 9 10 2 9 8 2 9 10 10 9 9 9 2 10 9 2 2 2 10 2 2 8 10 2 9 10 10 10 8 10 2 10 8 2 9 8 9 2 2 10 10 9 10 10
left_child=1 3 10 9 -5 6 8 40 -4 19 11 -2 -13 14 15 16 -14 18 37 -1 21 22 38 24 -24 -23 -27 28 -3 47 31 -31 -33 -17 -35 -16 -25 -12 -7 -22 41 44 43 -43 -8 -44 -47 49 -49 -19 -51 52 -52 54 -53 -56 61 -55 -59 60 -54 -57
right_child=2 27 5 4 -6 20 7 -9 -10 -11 17 12 13 -15 35 33 -18 29 -20 -21 39 25 23 36 -26 26 -28 -29 -30 30 -32 32 -34 34 -36 -37 -38 -39 -40 -41 -42 42 45 -45 -46 46 -48 48 -50 50 51 53 59 57 55 56 -58 58 -60 -61 -62 -63
leaf_value=0.029876990444868964 0.0074768542362906448 0.014714386843456244 0.018158741509883947 0.029527776360288322 -0.031556067954891 0.02419890805624525 0.0096459490814906346 -0.049775166021590822 -0.0037241839562752255 -0.020943894196772148 0.014365390394326039 0.018160619959790483 0.016743270349511324 0.015555054529113986 -0.022131064920567878 -6.2998704653233735e-05 -0.076602752082334802 -0.0075641169377967839 -0.026679816342448322 -0.026274697770253548 -0.041740539187331172 4.7231403362929858e-05 0.014763841326338427 0.0071094389490554471 -0.031554148506784063 -0.046718027499686628 0.030709983151754758 0.011056302267108221 -0.0043425406758055242 -0.011402846454380734 -0.024377615092548537 -0.023555213682617648 0.0095966595369069707 -0.042199660443132711 0.0027516874364370953 0.024161283258070338 -0.033242363728062489 -0.025896396295959676 -0.0035015588799721278 0.0058341809754180836 0.009665560690875357 0.016413193412231949 -0.020682067569715714 -0.032130060300121208 -0.034278238008217596 -0.030306996041558117 0.0056132735466480092 -0.02207498260135634 0.0052562860690140408 0.012501470168147684 -0.026096692543579131 0.014456295025616354 0.00047060259489100308 0.025578731081560682 -0.001260355754145376 -0.04951277207617185 0.00029754443157538682 -0.016948107737285747 0.023764946786500311 0.0062766866124644802 -0.038901746709054878 0.024860933941262334
leaf_weight=27.691001215949655 567.73892916890327 117.3116826711921 111.30325805110624 43.201669609523378 9.9618431900162232 157.07832742812025 19.218812118488131 27.417877063970082 186.58728236271418 145.78515226277523 55.686057086997607 57.667374305892736 2.7462715785950449 31.324481269577518 18.055205635202583 53.197483646072214 15.690576274413614 1200.3798400861997 123.62184453067312 9.7025814711814728 7.4295688749989495 9474.9548298297887 17.786226697760867 455.41959518153453 42.583302551545785 24.247841739386789 5.7256979648955157 1430.9851253593806 300.7050415079575 384.40222343051937 144.72086260252399 28.42214246540243 180.28034431867127 62.007919722702354 27.023231024868437 27.195598359045107 13.339981033874208 19.872258627605333 46.454488999035675 1336.7594510541821 67.278864833133412 95.42319368958124 192.9465868488187 16.411948681379727 80.499899346214079 21.077495993580669 115.47424842416513 39.106503109629557 562.16467834252398 165.95640788704623 113.05654033744213 117.2082099308609 45.507637743292435 88.132267102249898 266.69689221747103 53.119218195904978 63.932562898145989 49.930414831644157 29.630941187497228 136.54596070048865 33.731747878104215 2.5753801874816409
leaf_count=148 19634 756 5053 196 94 9579 1352 2956 15039 1655 8669 2204 22 667 905 3226 668 88434 24241 193 260 332565 669 12829 2073 2347 57 8683 2692 44368 14007 4242 16494 5482 1619 900 734 5572 2470 24397 4449 6503 25196 2584 12421 728 13474 7625 14844 3352 14906 2687 4577 2175 8247 2591 2451 2969 1070 9819 4276 16
internal_value=0.000252175 0.00705016 -0.000569874 -0.00756566 0.0163531 0.000517198 -0.005605 -0.010706 0.00509346 -0.0147576 -0.00342126 0.00236793 -0.00742814 -0.0138946 -0.0186371 -0.0253433 -0.0620927 -0.00470164 -0.0169984 0.0112686 0.00101689 0.000437722 0.00678471 0.00249138 -0.0203909 -6.18979e-05 -0.0296514 0.00893374 0.00133003 -0.00401864 -0.00961565 -0.00600074 0.00398321 -0.0186327 -0.029135 0.0053263 0.00562239 0.00251415 0.0179442 0.00541751 -0.00855375 -0.010887 -0.00727645 0.00757123 -0.0257564 -0.0122149 -0.000805894 -0.00257228 0.00331127 -0.00408188 -0.000480056 -0.00268575 -0.0116031 0.00173647 -0.00216308 -0.00750326 -0.0214143 0.0131692 -0.00127675 -0.00230412 -0.0157361 -0.0443089
internal_weight=19368.1 2085.34 17282.7 236.342 53.1635 12515.4 933.639 635.749 297.891 183.179 4767.33 862.647 294.908 237.241 205.916 160.665 18.4368 3904.68 199.18 37.3936 11581.8 10237.6 732.662 529.129 60.3695 9504.93 29.9735 1849 418.017 3705.5 737.826 593.105 208.702 142.229 89.0312 45.2508 468.76 75.5583 203.533 1344.19 608.331 541.052 441.333 111.835 99.7187 329.498 136.552 2967.68 601.271 2366.4 1166.02 1000.07 328.842 671.226 503.532 386.324 119.627 167.694 79.5614 215.785 79.2394 55.6946
internal_count=815111 14417 800694 2286 290 477735 89755 69663 20092 1996 322959 35327 15693 13489 12822 11017 690 287632 38482 341 387980 363323 28354 16305 2742 334969 2404 12131 3448 249150 79111 65104 20736 10327 7101 1805 13563 14241 12049 24657 66707 62258 48485 9087 13773 39398 14202 170039 22469 147570 59136 55784 33578 22206 15992 13305 5058 6214 4039 18672 8853 2607
cat_boundaries=0 1 2 3 4 5 6 7 8 9 10 11 12 13 14
cat_threshold=35873 242736 37056 170881 15344 460800 70145 168228 69191 728068 70672 100649 198664 1031
is_linear=0
shrinkage=0.05


Tree=91
num_leaves=63
num_cat=10
split_feature=1 16 48 45 49 29 0 22 20 15 28 49 21 45 46 22 16 27 33 48 36 36 49 11 7 30 33 34 23 29 34 48 21 21 33 33 34 45 46 45 27 46 19 3 10 21 46 5 1 29 35 46 34 3 17 49 16 33 16 15 45 15
split_gain=38.94 17.9945 18.1603 16.3458 15.2934 16.0005 14.5919 13.9001 14.3815 13.4764 12.8838 18.4349 15.2076 17.6985 16.0567 17.2927 14.6674 14.4692 13.1418 13.0853 16.4103 14.7178 13.0832 17.2776 12.7952 12.7624 12.3312 12.329 15.3286 21.6277 21.535 14.2771 14.1078 20.1804 19.7437 17.5696 15.3329 18.0814 15.1851 14.0361 14.804 14.4184 17.7213 14.1796 13.8556 13.738 13.0265 12.7065 16.8162 16.5765 13.7358 13.5154 12.1607 12.045 11.9237 16.6057 13.0042 14.1218 12.1945 13.3115 12.1312 11.8826
threshold=2.5000000000000004 0.20106383413076404 0.64685022830963146 0 27.324561119079593 1.482375502586365 1.5000000000000002 34.26726150512696 0.033198673278093345 0.48661632835865026 179.50000000000003 5.0015487670898446 0.68952456116676342 1 2 36.11980056762696 0.36417113244533544 218.50000000000003 17.500000000000004 0.50204056501388561 9.5000000000000018 10.500000000000002 9.0856018066406268 15.500000000000002 0.95331859588623058 16.500000000000004 38.500000000000007 0.018771264702081684 40.500000000000007 0.66899767518043529 0.038139831274747855 3.0850265026092534 0.96130812168121349 0.38266237080097204 43.500000000000007 46.500000000000007 0.042262990027666099 3 4 5 74.500000000000014 6 119.50000000000001 0.48038777709007269 11.500000000000002 0.81503424048423778 7 0.12368685007095338 9.5000000000000018 1.1846503615379336 0.93142634630203258 8 0.040722155943512924 0.22362905740737918 0.43614129722118383 8.8439521789550799 0.87253385782241832 47.500000000000007 0.5049019753932954 0.22749775648117068 9 0.50167784094810497
decision_type=8 8 10 9 2 2 2 2 2 10 2 2 2 9 9 2 8 2 8 8 2 2 2 10 10 2 10 8 2 2 8 10 2 2 10 10 8 9 9 9 2 9 2 8 10 2 9 10 8 2 10 9 10 10 10 2 8 10 8 10 9 10
left_child=-1 2 26 -4 5 6 10 -6 -9 -8 11 12 13 14 15 -3 22 27 -15 21 -21 -14 23 -12 -7 -19 -2 31 29 30 46 -13 33 35 39 38 53 -38 -30 -35 41 42 61 -42 -43 -45 -29 48 49 50 -31 -49 -11 -34 55 58 57 -57 59 -18 -58 -41
right_child=1 4 3 -5 7 24 9 8 -10 52 16 17 19 18 -16 -17 54 25 -20 20 -22 -23 -24 -25 -26 -27 -28 28 32 47 -32 -33 36 34 -36 -37 37 -39 -40 40 43 44 -44 45 -46 -47 -48 51 -50 -51 -52 -53 -54 -55 -56 56 60 -59 -60 -61 -62 -63
leaf_value=0.0095700282888191365 -0.024489513577242342 -0.037575621426498479 -0.031207914460996491 -0.002310938576410721 -0.019696233305387556 0.0019729009170429295 0.0010481013478526268 0.0072739506693895286 -0.025884174659934228 0.024536474866412607 -0.028153571804256695 0.0014876322408845059 -0.033370753147414993 -0.0043050497919302124 0.014687233247296786 0.021492796960472973 0.023672311932632393 -0.034896344866348523 -0.025981896746186457 0.009879384061622927 -0.012844331622122798 0.026771137860517564 -0.038376609972441939 0.019368298656317048 -0.022333128269827161 0.015012578899575531 0.0033780157369026282 -0.0078332525497231478 0.0048599068959459665 -0.016078807931767022 -0.022217626060813862 -0.037941243449308631 -0.025781443470488125 0.0049878517165653146 -0.02849691576758806 0.018028534090744185 -0.028192436621209724 0.020099437072752177 -0.025612796892889336 0.021372173888778937 0.028349337845753136 -0.024871007061828279 -0.044219212791251038 -0.0069811136148278585 0.031559870941710144 0.019825945329536493 0.027835342117560211 -0.014134102991765788 -0.014386722186055759 -0.026381266036575882 0.039180566785656991 0.0204114684903559 -0.024652923378009756 0.0036859525190506962 0.015199096630500081 -0.010339929527049409 0.01115391280403618 0.029902592403807354 -0.0065148063177533954 -0.031296447187523307 -0.0061816215705801794 -0.025792866675797929
leaf_weight=1031.687621516583 170.03493325808449 32.242093535169261 35.625775038210122 1771.3975322681799 177.88508966254449 8731.0327525510947 255.13228799111675 142.12685676800174 37.047027599677676 127.7106446637772 30.212854807032272 858.4185863808525 35.115305395360338 174.80936228386417 140.9388697909817 14.630569471206398 59.757773300691042 63.195836045459146 114.35256394975295 703.2570674549861 85.151093822227267 9.4709244257974188 36.585489688470261 36.929280405980535 49.511407683894504 12.769857776525894 49.896266127267154 29.923280758157489 49.961145202272746 11.965732494369147 29.002534241190006 18.58676641715283 263.7747399711443 438.7563187165797 69.691974184112041 27.811988682457013 14.456541916224522 43.745648963886197 246.02543091195548 63.883196452152333 34.548781745601445 201.58086071232538 11.452274643059352 323.16464419280237 7.3280003563268101 51.03119671906461 122.57230167896341 31.619085898972116 315.39708229726966 16.180477726389654 39.204341341741383 69.272267852327786 9.8857077162247133 38.48432422229962 164.85046272532782 178.35898195739719 641.3047850812145 19.866676521603949 656.42360749223735 8.7790728814434242 112.67427773447707 12.096933316846842
leaf_count=5535 33982 3370 8966 111947 15545 213018 4421 7335 2519 1047 1957 57390 5573 11826 8282 717 2496 4303 7689 38709 7098 893 2673 1198 2452 838 4440 4573 3760 141 3890 3355 28691 23148 5796 2188 2076 3008 28528 5071 474 21320 1575 15665 225 2952 10622 1600 19639 193 177 1722 165 8206 3573 10521 11716 332 18960 403 4079 1231
internal_value=0.000142482 -0.000390636 -0.0048275 -0.00315017 0.000162346 0.000392961 -0.00135999 -0.00999922 -9.85976e-05 0.00794994 -0.0019054 -0.00328927 0.00176862 -0.00531619 0.00647316 -0.0157982 0.00152653 -0.00517359 -0.0127402 0.0058329 0.00735966 -0.0191843 -0.0163268 -0.00248494 0.00182321 -0.0260976 -0.0182326 -0.00467431 -0.00642238 0.000110654 0.0145954 0.00044165 -0.00870634 -0.00657936 -0.00358564 -0.0175741 -0.0175636 0.00554257 -0.0211634 -0.00195043 -0.00625482 -0.0147511 0.00296486 -0.000142362 -0.0212086 -0.00311207 0.0220798 -0.00541886 -0.00956568 0.0124449 0.0259776 0.0100216 0.0202619 -0.0220307 0.00257337 0.00129088 0.00561927 -0.00567025 -0.00439382 0.014982 0.00860515 0.012734
internal_weight=19360.6 18328.9 2026.95 1807.02 16301.9 15944.9 7164.34 357.059 179.174 392.729 6771.61 4825.87 1309.97 476.973 187.812 46.8727 1945.74 3515.9 289.162 832.994 788.408 44.5862 103.728 67.1421 8780.54 75.9657 219.931 3439.94 2562.93 665.137 181.498 877.005 1897.79 1537.33 1213.53 323.799 360.461 58.2022 295.987 1143.84 705.086 296.341 87.4324 408.745 208.909 374.196 152.496 483.639 382.748 67.3506 51.1701 100.891 137.596 302.259 1842.02 1677.17 952.205 198.226 724.96 68.5368 753.979 75.9801
internal_count=815794 810259 159335 120913 650924 625525 410055 25399 9854 5633 404422 346514 84157 31884 12369 4087 57908 262357 19515 52273 45807 6466 5828 3155 215470 5141 38422 257216 196471 42557 19085 60745 153914 111933 77457 34476 41981 5084 32288 71661 48513 29422 7877 19091 21545 18617 15195 23472 20150 511 318 3322 1212 36897 52080 48507 26648 10853 21859 2899 15795 6302
cat_boundaries=0 1 2 3 4 5 6 7 8 9 10
cat_threshold=38660 319491 95296 215052 4688 198596 167329 82065 69844 75936
is_linear=0
shrinkage=0.05


Tree=92
num_leaves=63
num_cat=7
split_feature=1 23 6 48 5 16 45 9 11 1 46 1 19 5 11 6 3 37 34 26 23 49 33 49 36 2 43 49 17 30 36 22 20 48 33 45 22 33 34 49 17 11 49 25 37 17 15 14 46 46 1 19 21 45 22 25 48 17 17 49 21 23
split_gain=20.7787 15.2631 15.0199 15.4261 20.1771 19.6985 13.9155 15.8933 13.0618 12.8442 17.0401 12.9241 12.7851 15.4928 14.3923 12.2788 11.7183 11.6804 12.0025 13.3742 11.2034 11.0786 14.1978 16.624 10.8519 25.6048 15.2366 12.1816 11.2068 17.1618 12.5282 10.6965 12.9744 12.3384 12.2639 10.6854 20.3639 13.2141 12.0963 11.2197 11.1432 10.4395 10.4145 9.86425 16.1914 9.79463 11.8597 9.70061 19.8996 14.4192 14.4418 12.8849 11.104 11.0177 11.9345 13.3445 11.2989 11.4466 18.509 10.9179 9.69132 9.62179
threshold=6.5000000000000009 3.5000000000000004 8.5000000000000018 0.6195618510246278 0.019893504679203037 0.18301435559988025 0 35.500000000000007 28.500000000000004 11.500000000000002 1 48.500000000000007 108.50000000000001 0.046269530430436141 31.500000000000004 9.5000000000000018 0.31387756764888769 24.500000000000004 0.022392606362700466 21.500000000000004 46.500000000000007 13.985881805419924 19.500000000000004 20.074350357055668 5.5000000000000009 1.5000000000000002 2 23.322660446166996 0.058444023132324226 11.500000000000002 16.500000000000004 30.125880241394047 0.01145271258428693 0.56326717138290416 19.500000000000004 3 30.63950347900391 22.500000000000004 0.018029189668595794 3.849573135375977 0.5847701132297517 7.5000000000000009 33.50450515747071 93.500000000000014 42.500000000000007 0.63762626051902782 0.49647887051105505 1.5000000000000002 4 5 5.5000000000000009 130.50000000000003 0.36854232847690588 6 31.339668273925785 83.500000000000014 1.7148972153663637 0.17883795499801639 0.11803405731916429 11.899152755737306 0.76552855968475353 54.500000000000007
decision_type=8 2 8 8 8 10 9 2 10 10 9 10 2 10 10 8 10 2 10 2 2 2 10 2 2 10 9 2 10 2 2 2 2 10 10 9 2 10 10 2 10 8 2 2 2 10 10 2 9 9 10 2 2 9 2 2 10 10 10 2 2 2
left_child=8 -2 12 5 -5 -4 7 17 24 10 -8 -11 16 60 21 20 -3 -7 19 -19 -6 31 -23 -24 -1 26 -26 47 -28 -30 -31 33 34 -15 -33 38 37 -37 45 -38 41 -41 61 -12 -45 46 -34 49 -49 52 -51 -52 -27 54 -54 -56 57 58 -55 -59 -14 -17
right_child=1 2 3 4 15 6 9 -9 -10 11 43 -13 13 14 -16 42 -18 18 -20 -21 -22 22 23 -25 25 27 28 -29 29 30 -32 32 35 -35 -36 36 39 -39 -40 40 -42 -43 -44 44 -46 -47 -48 48 -50 50 51 -53 53 56 55 -57 -58 59 -60 -61 -62 -63
leaf_value=0.010172339935968205 0.018956396116364238 0.018413160681537057 -0.023554185992733422 0.034558840987827952 0.002327240305249831 -0.045422958233416716 0.014959928891553176 0.024408703380985275 -0.03876576240516813 0.014872963832504969 -0.0098958223771241187 -0.030612576396459534 -0.046350597695442405 -0.015107754001113345 0.027633423586363261 9.4240947447352065e-05 -0.016312460458172542 -0.021038942415004178 -0.01975252033357737 0.033960633557864876 -0.034823480401689012 0.00089782655695675232 -0.039901062909305798 0.00029103098829307163 0.0033829111246294705 -0.047202715914479422 0.014460890571627947 -0.026940698640928615 -0.0044888162647219324 -0.063467514670089445 -0.010277567272688784 -0.0012827512471465042 -0.016897462535718021 0.0223784378276419 0.029262011323721693 0.038745392170254002 0.0028549093317646289 -0.036757762595870019 0.0061326240149071794 0.016478043030262689 -0.0038023963807002018 -0.044540625051320587 -0.017484956906932313 0.027816309623200138 -0.026805537871776416 -0.042082428137004087 0.026568915395343253 -0.0074706412508179915 0.020713830547750754 0.015747460178338033 -0.053372459579366142 0.020452957819322624 0.016991893977795391 -0.00067045100563976824 -0.035684692100507377 0.022513538244504631 0.023791073458926972 0.015017001386821167 -0.058377792311487597 -0.022771056998937677 0.00057501878591932219 -0.0026369800616674113
leaf_weight=687.1263793547696 92.030319973819132 203.27916350180749 148.99558578398864 34.899379944195971 32.748195282416418 31.594181674263382 84.584190839923394 18.811156749783549 12.028223158791659 159.84183279710123 504.43474980158499 12.585339383222161 21.585175112588331 22.671492061228491 50.903879859601147 9545.6967988035467 23.604901716811582 14.916709440389239 149.38437461748981 20.793613668531179 45.937035511014983 215.25086435748381 51.491048547031824 47.110777668189257 74.18205981515348 9.6657981883035955 10.962708611041306 22.955288310535252 34.105193988420069 39.915161776123568 17.628528962610289 56.405203280388378 46.159743201220408 127.06491437653312 72.402885639166925 23.257769818650562 40.484242651902605 3.0827808699104926 453.83981465245597 5.2836922518908969 34.562570992042311 61.87112087814603 89.474638919651625 39.37857660363079 14.988565275067229 18.195198861183599 17.710523016052321 80.144980774959549 224.82840765779838 213.17097862006631 10.419857352389956 6.1641453942283979 15.568664357066153 43.014703937515151 57.863669621292502 8.1656448650173825 48.566083504701965 85.232195186428726 15.609193601878358 19.536916679120623 18.565268999780528 4864.4272461468427
leaf_count=3583 6360 5480 31774 1245 991 7837 8024 838 138 4007 60882 809 1411 1072 654 374311 540 3343 24644 834 4009 8649 2432 1693 300 285 49 247 205 410 110 2259 1782 3003 1271 446 1594 182 13797 53 1213 4770 7871 1986 1244 744 269 742 1227 1626 268 42 96 379 491 30 186 506 227 140 756 208566
internal_value=-0.000302864 -0.000820447 -0.000930286 -0.00139961 -0.000950835 -0.00683667 -0.00436713 -0.0146649 0.00490556 -0.00113083 -0.00439994 0.0107839 0.00365595 0.00183315 0.00278845 -0.00104766 0.0145265 -0.0191925 -0.0136381 0.0112242 -0.0201464 0.00171085 -0.00640151 -0.0216105 0.00532127 0.0020757 -0.0149963 0.00564791 -0.0257451 -0.0337175 -0.0492971 0.00432028 0.00206506 0.0163979 0.0163383 -0.00064155 -0.0110702 0.0254544 0.00286203 -0.0192227 -0.0277317 -0.0389305 -0.00093711 -0.00756817 0.0117682 -0.0142098 -0.00379084 0.00669516 0.0137333 0.00257766 0.0116075 -0.0275508 -0.00456995 -0.00255226 -0.0165362 -0.0274093 0.0036807 -0.00260715 -0.0194158 0.00725419 -0.0269917 -0.000828333
internal_weight=19257.2 17520.3 17428.3 15813.5 14613.2 1200.31 1051.31 235.5 1736.85 815.813 643.386 172.427 1614.78 1387.9 1347.75 14578.3 226.884 216.689 185.095 35.7103 78.6852 1296.84 313.853 98.6018 1724.83 1037.7 176.794 860.907 102.612 91.6489 57.5437 982.992 833.256 149.736 128.808 704.447 168.542 26.3406 535.905 142.202 101.717 67.1548 14499.6 558.802 54.3671 82.0655 63.8703 837.951 304.973 532.978 229.755 16.584 303.223 293.557 81.598 66.0293 211.959 163.393 58.6239 104.769 40.1504 14410.1
internal_count=814932 803645 797285 743215 596993 146222 114448 37496 11287 76952 72136 4816 54070 48050 45883 595748 6020 36658 28821 4177 5000 45229 12774 4125 11149 7566 1074 6492 774 725 520 32455 28380 4075 3530 24850 8258 628 16592 7630 6036 4823 590748 64112 3230 2795 2051 6245 1969 4276 1936 310 2340 2055 617 521 1438 1252 606 646 2167 582877
cat_boundaries=0 1 2 3 4 5 6 7
cat_threshold=642880 36881 64 106725 113760 51990 66570
is_linear=0
shrinkage=0.05


Tree=93
num_leaves=63
num_cat=13
split_feature=14 12 45 6 29 45 34 45 49 17 23 18 37 33 33 7 31 28 34 34 18 46 47 46 18 49 34 45 43 37 29 45 16 16 29 27 3 33 9 45 21 45 2 1 49 16 17 47 17 28 1 45 10 18 28 19 27 36 19 23 1 10
split_gain=37.4211 30.2602 22.7072 16.8464 23.2854 15.2458 15.4477 18.0763 15.073 14.675 14.0159 12.9755 15.5604 17.9788 12.0262 12.4575 15.8214 12.4217 18.708 23.1013 12.1897 11.9362 13.023 14.104 13.95 20.6063 18.4084 15.0997 14.852 14.5736 14.107 13.7719 13.5784 13.8609 13.0918 12.1051 16.3108 19.1118 15.4007 13.8071 13.442 16.915 15.3932 13.0653 12.547 12.3701 12.318 11.7571 11.7358 11.6329 11.6109 11.1828 11.4789 11.0053 12.2583 12.6234 13.9402 11.3116 14.0292 10.991 14.3686 10.9758
threshold=1.0000000180025095e-35 4.5000000000000009 0 10.500000000000002 0.87979057431221019 1 0.016903954558074478 2 26.002746582031254 0.59729731082916271 8.5000000000000018 0.45867486298084265 17.500000000000004 38.500000000000007 2.5000000000000004 0.88852220773696911 10.500000000000002 42.500000000000007 0.01862853113561869 0.024817796424031261 0.44217914342880255 3 4 5 0.091507177799940123 3.1122274398803715 0.022876513190567497 6 7 31.500000000000004 1.2392171025276186 8 0.82426470518112194 0.14354395866394046 0.51880124211311351 53.500000000000007 0.37796592712402349 19.500000000000004 122.50000000000001 9 0.98752593994140636 10 1.5000000000000002 47.500000000000007 11.899152755737306 0.64852941036224376 0.055250305682420738 11 0.45156249403953558 21.500000000000004 34.500000000000007 12 4.5000000000000009 0.19462481886148456 5.5000000000000009 64.500000000000014 35.500000000000007 5.5000000000000009 92.500000000000014 24.500000000000004 13.500000000000002 5.5000000000000009
decision_type=2 8 9 8 2 9 8 9 2 10 2 10 2 10 8 8 10 2 10 10 10 9 9 9 10 2 10 9 9 2 2 9 10 10 2 2 8 10 2 9 2 9 8 10 2 10 10 9 10 2 8 9 10 10 2 2 2 2 2 2 10 10
left_child=1 5 3 -3 -5 -1 7 11 14 -10 -2 12 -7 -14 -4 16 17 -16 -19 20 -20 22 24 31 28 26 34 -27 29 -12 48 -24 33 -29 -26 40 37 -37 39 50 41 42 -23 -41 -39 -40 -43 -48 -31 -49 -38 52 -42 54 -17 -56 -57 -55 -59 -53 -61 -28
right_child=10 2 8 4 -6 6 -8 -9 9 -11 21 -13 13 -15 15 53 -18 18 19 -21 -22 35 23 -25 25 27 61 32 -30 30 -32 -33 -34 -35 -36 36 38 44 45 43 51 46 -44 -45 -46 -47 47 49 -50 -51 -52 59 -54 57 55 56 -58 58 -60 60 -62 -63
leaf_value=-0.0075169735528122852 0.012173148709417138 0.0054579722517027907 -0.0079810600408832654 -0.024111089262411383 -0.0069491708564646858 0.029257338388972733 0.0078588764340381378 0.012391181395370151 -0.017397505512700688 0.012929367958934649 0.011005951952154433 0.010981652634470911 -0.063075412352735533 -0.002109827282144663 -0.027074241804803795 -0.032779264842840071 0.0083513759360824783 -0.038992528441821703 0.045731926001825761 -0.016413870201272766 -0.0056949993055333374 0.0096765613596327925 0.016053945951024166 -0.017528616094194975 0.027624450354419364 -0.0006627433176333462 -0.048874858655797812 -0.036537019594584913 -0.0211491698101864 -0.047593507682745465 0.010399489856054153 -0.016018152873584702 6.8408206948558347e-05 0.022099633039225595 -0.017885883037363295 0.028535443109285869 0.031792057514285953 0.0083562064596962114 -0.038759137748655345 0.0038911141874769361 0.014722370449586209 -0.030533583543273235 -0.044396978856648485 0.026818259923363043 -0.042109097282026858 5.2899910890115361e-06 0.0024179278215675712 0.0017888502495602321 -0.0033084698645472117 -0.024684736312060744 -0.0038387812598039469 -0.023442022485464845 -0.012027907236582055 0.0030964047206081418 0.018159573617231892 -0.036924950370094405 -0.0014973120145912911 0.013441100110556409 -0.017657012294380492 0.013986544734484675 -0.025097982762035339 0.01557745172578324
leaf_weight=215.75302660954185 409.319173384225 200.1612345862959 605.83596027043677 235.9274992495848 1149.215158021645 4.6394425337202838 1419.8693476159242 47.478723470936529 245.51557036951272 43.664820472899009 133.34008169133449 15.756819802103562 35.484795636381023 17.750488661346026 126.31902485527098 26.293933623506746 83.620563150354428 25.716097351978533 30.863000348850619 53.128840242774459 15.487674237287136 16.455232158885337 72.674886980268639 203.51798618200701 24.109852287685499 312.91183889540844 35.829202288179658 6.0846803658641866 107.67021515016677 30.238061883952469 33.813961574458517 40.184671468217857 118.29001506790519 274.86032690946013 29.671110826544464 155.70884016237687 91.551968364743516 41.234081667615101 29.233133462956175 1464.3564390264801 385.75430494555621 27.244567967136391 39.687139577232301 60.128148687188514 11.894633385119958 51.59844096750021 1230.8322862030473 78.088123901688959 27.388780875713564 82.049610635323916 28.64933935762383 44.674953582580201 40.938455116993282 2576.417784210651 76.426466159406118 22.907978472299874 5948.7171466520522 44.872451826253382 134.56284652103204 90.371637753036339 26.322625605622306 5.4343744020443401
leaf_count=6540 3673 15981 84016 92136 82330 15 24355 728 25281 2857 4011 339 1753 355 21477 32479 11707 2839 1527 4738 1306 113 1723 8551 431 6554 1140 321 5245 1899 696 1213 2109 4202 554 1362 503 395 589 22853 6032 1174 1369 832 219 645 33564 2826 836 2936 832 660 2183 102605 6206 4126 148391 4205 11216 1502 1411 166
internal_value=-2.72557e-05 -0.00148464 -0.00240768 -0.0079423 -0.00994852 0.00462378 0.00634997 -0.0104467 -0.00152262 -0.0126764 0.00330315 -0.0235991 -0.0368919 -0.0446739 -0.00118776 -0.000734616 -0.0101244 -0.0163101 -0.00482667 0.0054488 0.0296667 0.00262677 -0.00124894 -0.00997879 0.00127272 0.00482886 -0.0164823 0.00776817 -0.00726749 0.000591996 -0.0143157 0.00409489 0.0139733 0.020213 0.00313061 0.00403153 0.00687793 0.0199255 0.00524579 0.00630694 0.0013712 -0.00118209 -0.0249691 0.00484841 -0.00559235 -0.0154552 1.92755e-05 0.000725064 -0.0284903 -0.0114205 0.0217484 0.00772869 0.0117735 -0.000372714 -0.00156138 -0.0013987 -0.00166399 0.00224539 -0.00972657 -0.00349662 0.00450132 -0.0396204
internal_weight=19264.5 13402.4 11645.7 1585.3 1385.14 1756.73 1540.98 121.11 10060.4 289.18 5862.11 73.6315 57.8747 53.2353 9771.17 9165.33 335.135 251.515 125.196 99.4795 46.3507 5452.79 1456.02 316.378 1139.64 807.191 95.0445 712.147 332.451 224.781 91.4408 112.86 399.235 280.945 53.781 3996.77 1934.36 208.838 1725.52 1644.69 2062.42 1474.36 56.1424 1524.48 53.1287 80.8316 1418.21 1390.97 57.6268 160.138 120.201 588.062 426.693 8830.2 6074.35 6048.05 5971.63 2755.85 179.435 161.369 116.694 41.2636
internal_count=814832 689508 655423 190447 174466 34085 27545 3190 464976 28138 125324 2462 2123 2108 436838 352822 43594 31887 10410 7571 2833 121651 39651 11487 28164 15477 2291 13186 12687 7442 3431 2936 6632 4523 985 82000 28230 1976 26254 25020 53770 41982 1482 23685 614 1234 40500 39326 2735 5762 1335 11788 8215 309228 191202 158723 152517 118026 15421 3573 2913 1306
cat_boundaries=0 1 2 3 4 5 6 7 8 9 10 11 12 13
cat_threshold=39435 8266 164000 600337 301998768 1 854031 4256 101446 525570 528640 119692163 496741
is_linear=0
shrinkage=0.05


Tree=94
num_leaves=63
num_cat=12
split_feature=1 4 33 49 45 5 21 35 48 21 46 47 46 46 34 43 48 46 5 31 48 45 21 8 34 23 35 1 33 10 21 48 2 14 34 49 17 21 37 49 47 19 11 11 45 18 20 15 17 44 35 42 13 11 49 21 12 49 11 27 46 27
split_gain=34.8235 18.7455 17.6682 18.5013 25.9427 20.929 17.989 25.3822 26.0432 19.6574 19.1564 17.5048 17.1785 17.1132 16.7928 14.4641 17.6298 22.7186 16.4518 14.8148 14.3408 14.098 13.968 13.8545 14.3077 15.9969 13.8161 13.794 13.7707 12.8828 12.5374 12.1121 12.0837 13.5984 13.5202 12.0801 22.287 17.8075 13.8103 12.9708 13.7976 13.9362 17.688 16.9609 14.9945 14.5841 13.546 14.7623 12.5071 12.2758 18.7678 26.6395 16.755 19.0372 14.2922 22.8306 13.7179 12.6618 20.9618 12.0904 12.0008 13.1633
threshold=10.500000000000002 3.5000000000000004 1.5000000000000002 10.395590782165529 0 0.69589942693710338 0.66322249174118053 0.84292763471603405 2.2780703306198125 0.040875999256968505 1 2 3 4 0.02540772128850222 5 0.50844356417655956 6 0.30086509883403784 4.5000000000000009 1.0197232961654665 7 0.1353641748428345 1.5000000000000002 0.013509778305888178 40.500000000000007 0.33974359929561621 19.500000000000004 44.500000000000007 1.5000000000000002 0.88088020682334911 1.731389105319977 17.500000000000004 3.5000000000000004 0.015806606039404873 13.559743881225588 0.10053191706538202 0.84154680371284496 45.500000000000007 15.6890926361084 8 335.50000000000006 3.5000000000000004 19.500000000000004 9 0.33161512017250067 0.021384518593549732 0.047247024253010757 0.038585608825087554 10 0.78019323945045482 1.0000000180025095e-35 1.5000000000000002 18.500000000000004 11.081796646118166 0.75082513689994823 6.5000000000000009 11.081796646118166 3.5000000000000004 338.50000000000006 11 102.50000000000001
decision_type=8 8 8 2 9 8 2 10 10 2 9 9 9 9 8 9 10 9 8 10 8 9 2 10 10 2 10 8 8 10 2 8 10 2 10 2 8 2 2 2 9 2 8 10 9 10 2 8 8 1 10 2 2 10 2 2 10 2 8 2 9 2
left_child=21 13 -3 6 5 23 7 8 15 -9 14 -7 -6 -2 26 16 17 -4 19 22 30 60 -18 24 -5 -26 -8 -11 -17 35 -13 -22 33 -12 -35 36 37 38 -14 40 -37 42 -42 -43 48 -46 47 -41 -44 56 51 54 53 -53 55 -51 -38 -54 -59 -48 -1 -62
right_child=1 2 3 4 12 11 10 9 -10 27 32 20 29 -15 -16 28 18 -19 -20 -21 31 -23 -24 -25 25 -27 -28 -29 -30 -31 -32 -33 -34 34 -36 39 49 -39 -40 46 41 43 44 -45 45 -47 59 -49 -50 50 -52 52 57 -55 -56 -57 -58 58 -60 -61 61 -63
leaf_value=0.015629381725932839 -0.013414598670986972 -0.0072316135276499563 0.00428366995581756 0.032597601492443604 -0.011979347399583076 -0.018332896697588221 -0.0043702243221861578 -0.037409464888800772 -0.041822106687861946 0.018031051536665645 0.0026851587476198788 -0.036621833286093301 -0.0096737178189483398 0.016981315858646463 -0.0016314502359257408 -0.029470452717489649 -0.037590747813731812 -0.019439877241290492 0.010632950956332134 -0.029373561815942997 0.011559638067968774 0.0029192921328259833 0.011669709622453409 0.029363730139121538 0.015633454472954753 -0.013028824594839231 -0.054301661021349583 -0.011556567286886315 0.017989421774675485 0.0078739100510119443 0.005846578222556395 -0.0068630013426097189 0.035833903998909983 0.022769911391462758 -0.045044327071952855 0.021984663864085787 0.0032667116293954388 0.011788510262559925 0.0095604033800560789 -0.025503584981003382 -0.036614876290142505 0.017320518493826927 -0.043043105379164864 -0.017118946788407915 -0.0008720078603980145 0.016680010175745111 0.0011436345965051219 -0.0033052294147089124 -0.0056157739285596121 -0.0066096956185186352 0.0029527405219885302 -0.032787250102145032 -0.015849244769658148 0.0055037854632154866 -0.0035056944754327003 -0.064120289193469571 -0.025266715483658247 -0.0045699520007756655 -0.08050713949424744 -0.01576817654712865 0.0056219709598165565 -0.032628258711270897
leaf_weight=524.80313863058109 47.16037534752104 1045.0314406898542 239.41224558294925 22.721858463541139 319.96712121013115 530.94758312278282 23.098686476121657 65.477076975104865 30.613564237995888 39.136127963196486 6484.4642527181422 52.714456226021866 309.84759860952181 236.32422931135807 85.780790085627814 63.449792497332965 12.281519913231021 155.86522287941625 651.77298633775354 47.123813939950196 125.78493552200962 1378.7666672908235 81.983170650782995 37.358516348176636 62.124421330983751 174.43221726658521 33.540730365755735 402.83526327699656 16.006789493127144 436.89251953503117 23.098060891657951 275.87228513487207 22.368009753874503 6.5075327905360636 22.831134739215486 97.00761383518693 292.05231616058882 294.31094646331621 128.07500080855243 106.01183332666551 27.500157289789058 245.01435883180238 25.280421487448621 37.601937742321752 359.26877287125535 171.15170689881052 1942.7457002885203 235.85786528405151 92.435081354327849 49.312080889532808 151.69967510100105 85.162899754272075 24.484641635790467 48.731518879532814 300.21746987930965 22.709434495773166 44.088292859494686 12.43189482949674 36.588342984439805 106.74569511768641 212.02257837174693 20.104973500361666
leaf_count=2773 6299 116721 7686 1227 21658 54540 2547 8417 2269 439 219814 6775 11873 13885 7344 7232 887 8889 26169 3056 7228 10979 2658 1127 1910 17316 5521 31125 976 12090 3970 8788 568 91 809 1316 8637 11770 3455 16931 875 3812 2498 880 12103 5771 66995 13269 4448 1051 7260 3883 237 1171 6116 618 437 159 655 2771 1386 166
internal_value=1.66712e-05 -0.00073486 -0.000951111 -0.000533364 -0.00237651 -0.00872302 0.00105471 -0.00336651 0.000350787 -0.0127893 0.00225187 -0.0122101 -0.000974564 0.0119034 -0.0150154 0.00152934 0.00297982 -0.00557558 0.00728902 -0.0079625 -0.00480259 0.00602914 0.0036815 0.00284801 -0.00145581 -0.00533376 -0.0359449 -0.00876422 -0.0173556 -0.000325088 -0.0241217 -0.00102248 0.0026582 0.00252096 -0.0288773 -0.00101533 -0.00432956 0.00238043 -0.00400408 0.000719013 0.00532282 0.00326854 -0.00061701 0.0125204 0.00117897 0.00480467 -0.00131942 -0.0104572 -0.0139436 -0.0089219 -0.012459 -0.0166963 -0.0308645 -0.0191546 -0.00849786 -0.0277289 -0.000768683 -0.0496164 -0.0634544 0.000226569 0.0114489 0.00162249
internal_weight=19257 17121.3 16837.8 15792.8 7308.25 1305.05 8484.55 1805.96 1298.51 507.448 6678.59 1008.42 6003.19 283.485 142.42 1267.9 1188.44 395.277 793.161 141.389 477.47 2135.7 94.2647 296.637 259.278 236.557 56.6394 441.971 79.4566 5683.23 75.8125 401.657 6536.17 6513.8 29.3387 5246.33 1799.71 732.234 437.923 3446.62 1055.26 958.252 675.636 282.616 648.136 530.42 2391.36 341.87 117.716 1067.48 731.338 579.638 207.399 133.894 372.239 72.0215 336.141 73.5049 49.0202 2049.49 756.931 232.128
internal_count=814326 799022 778838 662117 325620 102881 336497 99803 59822 39981 236694 81301 222739 20184 15412 57553 49345 16575 32770 6601 26761 15304 3545 21580 20453 19226 8068 31564 8208 201081 10745 16016 221282 220714 900 188991 57322 27098 15328 131669 31703 30387 25695 4692 24820 17874 99966 30200 6946 30224 21150 13890 6105 5054 7785 1669 9074 1051 814 69766 4325 1552
cat_boundaries=0 1 2 3 4 5 6 7 8 9 10 11 12
cat_threshold=559180 18992 104874640 157697 169252 73921 34978 73484 16 339968 10 47299
is_linear=0
shrinkage=0.05


Tree=95
num_leaves=63
num_cat=12
split_feature=1 33 16 22 46 45 17 46 49 44 26 4 46 2 45 7 0 18 26 29 45 49 17 12 31 28 22 47 12 2 15 14 46 21 2 6 26 12 34 37 33 20 29 27 25 27 21 35 3 8 36 11 26 17 46 18 45 45 32 5 28 37
split_gain=29.8938 15.3007 10.4496 10.3975 11.2004 10.232 21.9002 17.9597 14.5172 10.7542 15.9959 15.4593 14.7774 12.6634 12.1364 11.6011 10.4369 10.4089 10.3792 10.3268 14.6116 10.9317 13.0251 13.7088 13.9122 12.2298 12.3574 12.0911 20.8462 11.3486 11.0859 14.3527 12.4481 13.3327 14.2715 15.7558 13.9987 18.3958 10.936 14.4698 10.7281 11.5349 10.5521 12.4914 20.956 11.3635 11.3329 11.151 10.4519 12.3988 12.086 12.0924 13.3095 13.146 12.2822 11.9629 17.0184 11.5263 11.4137 14.6336 10.8963 10.1671
threshold=5.5000000000000009 1.5000000000000002 0.20106383413076404 33.623346328735359 0 1 0.39566099643707281 2 5.4535388946533212 3 1.5000000000000002 6.5000000000000009 4 16.500000000000004 5 0.73385214805603038 1.5000000000000002 0.74537035822868358 17.500000000000004 3.6264535188674931 6 15.6890926361084 0.035929432138800628 6.5000000000000009 1.5000000000000002 115.50000000000001 35.048002243041999 7 4.5000000000000009 12.500000000000002 0.12922201305627826 1.5000000000000002 8 0.5858980417251588 2.5000000000000004 3.5000000000000004 176.50000000000003 9.5000000000000018 0.022876513190567497 64.500000000000014 38.500000000000007 0.037618318572640426 0.498062014579773 100.50000000000001 69.500000000000014 147.50000000000003 0.9112517535686494 0.7245689630508424 0.13334980607032779 7.5000000000000009 8.5000000000000018 28.500000000000004 149.50000000000003 0.19890110194683078 9 0.32037734985351568 10 11 2.5000000000000004 0.036375572904944427 71.500000000000014 39.500000000000007
decision_type=8 8 10 2 9 9 10 9 2 1 2 10 9 10 9 8 2 10 2 2 9 2 8 10 10 2 2 9 8 10 8 2 9 2 10 8 2 8 10 2 10 2 2 2 2 2 2 8 10 8 2 10 2 10 9 8 9 9 10 8 2 2
left_child=-1 2 -2 4 61 6 7 -3 16 11 12 14 -11 15 18 -12 -9 -14 -7 21 -21 29 23 25 -25 26 -23 30 -29 48 31 -24 -32 34 35 -34 42 -38 39 -28 -40 -42 45 46 -45 -35 -44 -48 49 58 -51 52 53 55 -55 56 -52 60 59 -17 -50 -4
right_child=1 5 3 -5 -6 9 -8 8 -10 10 13 -13 17 -15 -16 19 -18 -19 -20 20 -22 22 27 24 -26 -27 38 28 -30 -31 32 -33 33 36 -36 -37 37 -39 40 -41 41 -43 43 44 -46 -47 47 -49 57 50 51 -53 -54 54 -56 -57 -58 -59 -60 -61 -62 -63
leaf_value=0.0068874962218776958 -0.018819774886745314 0.010708446863006529 0.010911701954880823 -0.0085096380113708348 -0.013424082479127755 -0.048366073442805385 0.025570049321750821 -0.045863433883116346 -0.0026657341962844057 0.016811132498939743 -0.014714119700647083 -0.0362022782002114 -0.031152336099685592 0.02357774417840967 0.015159082590460655 0.03833565473815595 0.015760608348837808 0.015646618792307578 0.01323458649024277 -0.006699821387361575 0.007483778319478919 -0.03878275959889077 0.0086409870675365329 -0.031989332159205873 0.011482216074347816 -0.0066915958107418051 -0.03707495914120007 0.017570660145856141 -0.024190358567537477 -0.023481045218010997 -0.017523865263216386 -0.045805613609247904 0.016259469405243712 -0.026805726957913212 0.016044039059149164 -0.020468235099364445 0.0036602118542130458 -0.02419638509377477 0.0057846944314102903 0.025762574650733706 -0.0566445105414939 0.018853529194485828 0.020621723583100979 -0.017500061622990726 0.0056429375188033828 0.028080958480106135 -0.025377253089324939 0.0083623971803692305 0.025860671252289774 0.00054591548464317542 0.020437639530572649 -0.04115767577263299 -0.028323795690932435 -0.030548200338878607 -0.0021104869303741401 0.022467254389125824 -0.01432684840609626 0.0016993473423510695 0.0071994464295817824 -0.023711830499911751 -0.0037578082737190349 -0.0091758976377817082
leaf_weight=1554.2687725925061 134.35494695853413 221.90779132604803 254.96956075476919 567.87432866004383 80.578178089155699 11.719286769555767 116.5870698204526 32.122565001351177 152.35394477632508 18.739844177544001 133.31315062344947 12.678677738491386 95.125887074016646 50.73630617611343 250.16700239558122 5.784593915566802 5.8112053928198284 10.419584420851605 8.6441083103418332 218.98719682369847 848.6763905097032 63.453343570290599 414.63794129701273 16.481465644901618 127.50746401509969 502.28767835511826 54.056444974004989 35.046193068381399 122.59941566354246 45.403103368123993 103.45809435975389 7.553764045238494 30.245360766188242 43.491138873941964 38.484142945613712 199.31175770238042 124.39305470546242 106.27137693099212 82.370828163577244 7.1910488140420048 10.488737757579655 4.5534305901383041 194.71984861197416 119.03523271740414 457.85451519128401 7.3954779924824825 24.284841061860789 145.94793322970509 121.80623350363749 10192.892333336014 39.031525963568129 20.872807468927931 51.621739697468001 45.243661919026636 123.95518972363789 69.277340934568201 87.102853973250603 344.77341965377855 50.658304867276456 131.92824980147998 39.586257272108924 78.927741760242498
leaf_count=9579 25358 8899 20077 57182 9137 2195 2988 4316 13427 5160 22984 6100 57455 1662 10999 23 64 2231 460 12356 12831 9208 22907 509 3210 24726 4013 146 4882 2301 5425 372 595 4413 767 11191 1288 3647 5245 271 796 175 4610 3123 9409 261 2133 5440 6804 317833 1986 2687 4816 3343 5929 2898 6303 13335 6347 15744 955 9313
internal_value=0.000250284 -0.000333736 -0.00598556 -0.00414382 0.00186792 4.81334e-05 0.00679364 0.00140288 -0.00950686 -0.000179953 -0.000357286 0.00922711 -0.0178728 -0.000212886 0.0123094 -0.000297715 -0.035687 -0.0238739 -0.0177605 -0.000168856 0.00456424 -0.000520926 -0.00317997 -0.00833801 0.00559976 -0.0111278 -0.0207917 -0.00110592 -0.0138031 0.000191842 -1.35633e-05 0.00714212 -0.00192426 -0.000665659 -0.010662 -0.0153857 0.00155357 -0.00941491 -0.0126314 -0.0283096 -0.00187303 -0.0347885 0.00413655 0.00536406 0.000758279 -0.0170303 0.0125359 0.00296245 0.000297074 -3.30232e-05 0.000195134 -0.00789842 -0.00576183 -0.00222755 -0.0122481 0.0065379 -0.00273411 0.0072836 -0.0125803 -0.0198537 0.017641 0.00592323
internal_weight=19272 17717.8 1116.7 982.35 414.475 16601 528.783 412.196 190.288 16072.3 15789.1 283.209 124.285 15664.8 270.53 15614 37.9338 105.545 20.3634 15480.7 1067.66 14413.1 3043.12 868.39 143.989 724.402 222.114 2174.73 157.646 11369.9 2017.08 422.192 1594.89 1491.43 268.041 229.557 1223.39 230.664 158.66 61.2475 97.413 15.0422 992.729 941.842 576.89 50.8866 364.953 170.233 11324.5 10818.4 10630 437.105 416.232 364.611 169.199 195.412 126.134 506.166 188.371 137.713 161.392 333.897
internal_count=814839 805260 121067 95709 38527 684193 29694 26706 17807 654499 634745 19754 64846 569899 13654 568237 4380 59686 2655 545253 25187 520066 128762 48153 3719 44434 19708 80609 5028 391304 75581 23279 52302 46877 12553 11786 34324 4935 10500 4284 6216 971 29389 24715 12532 4674 12183 7573 389003 367909 345795 27962 25275 20459 9272 11187 8289 21094 22114 15767 7759 29390
cat_boundaries=0 1 2 3 4 5 6 7 8 9 10 11 12
cat_threshold=202979 1074432 199328 8 34576 2116 65546 103121283 143168 230692 561221 753670
is_linear=0
shrinkage=0.05


Tree=96
num_leaves=63
num_cat=8
split_feature=14 24 49 6 11 20 15 45 23 34 16 34 20 34 1 47 35 4 21 33 6 46 20 36 46 27 45 35 33 22 45 30 45 29 15 34 21 35 34 33 34 37 22 6 17 5 28 20 30 20 49 34 17 45 28 7 17 15 19 37 26 5
split_gain=42.5697 28.4172 17.9942 15.492 14.9578 14.2665 18.6611 14.0526 19.7158 20.5415 13.9477 17.5472 12.1844 12.0106 11.9376 11.7807 20.5126 16.0866 13.2431 11.684 11.5377 13.3314 11.3848 14.1659 11.3287 11.8031 10.8518 12.0401 10.822 15.6094 13.5064 12.911 10.932 10.5509 14.4874 14.0679 14.0855 17.6098 15.2403 17.1245 14.6945 13.5461 14.9159 12.2332 16.8333 12.1885 16.5559 12.3555 11.7461 11.6914 22.0179 14.341 15.3783 12.8707 13.8573 11.4663 10.5273 10.8943 10.3985 10.2477 11.4406 10.153
threshold=1.0000000180025095e-35 1.0000000180025095e-35 8.5304069519042987 16.500000000000004 12.500000000000002 0.032778425142169006 0.27055180072784429 0 43.500000000000007 0.018915254622697834 0.45080643892288214 0.017624294385313991 0.032919444143772132 0.028347606770694259 1.5000000000000002 1 0.41101056337356573 3.5000000000000004 0.82490876317024242 47.500000000000007 14.500000000000002 2 0.03318998962640763 6.5000000000000009 3 33.500000000000007 4 0.54006412625312816 8.5000000000000018 33.150342941284187 5 39.500000000000007 6 3.6113295555114751 0.28708791732788091 0.036015810444951064 0.51243677735328685 0.54692083597183239 0.017151129432022575 1.0000000180025095e-35 0.018331793136894706 42.500000000000007 36.234313964843757 3.5000000000000004 0.062114197760820396 0.18579053878784182 43.500000000000007 0.024246995337307457 4.5000000000000009 0.024481002241373066 9.4674625396728533 0.011849152855575086 0.39566099643707281 7 98.500000000000014 0.98080119490623485 0.15821565687656405 0.027212143875658516 183.50000000000003 27.500000000000004 26.500000000000004 0.067841153591871275
decision_type=2 2 2 10 10 2 10 9 2 10 10 10 2 10 8 9 8 8 2 10 8 9 2 2 9 2 9 10 10 2 9 2 9 2 10 10 2 10 8 8 8 2 2 10 10 10 2 2 2 2 2 10 10 9 2 10 10 10 2 2 2 10
left_child=1 3 20 5 14 15 12 22 -9 59 13 -12 -7 -8 24 16 18 -18 -1 -11 21 58 23 -5 25 26 -2 -28 29 32 -30 -31 -13 35 -35 36 37 43 41 -40 -41 42 49 44 -17 46 -42 -47 -39 53 51 -51 -53 54 -38 56 -49 -58 -3 -10 -61 -45
right_child=4 2 -4 7 -6 6 10 8 9 19 11 28 -14 -15 -16 33 17 -19 -20 -21 -22 -23 -24 -25 -26 -27 27 -29 30 31 -32 -33 -34 34 -36 -37 38 48 39 40 45 -43 -44 61 -46 47 -48 55 -50 50 -52 52 -54 -55 -56 -57 57 -59 -60 60 -62 -63
leaf_value=0.010135077428784601 0.0051504308966765213 0.029253116870002926 -0.021814084509880705 0.038912121242553589 0.015229773916138648 0.02837261282510178 -0.041917294756998361 0.022689494443209477 -0.016548555409011772 -0.031349823970026038 -0.045243849557449867 0.019368113577378915 0.00063465612545839415 -0.0093350370857905648 0.0019992903758216142 0.003670257309188281 0.036009787910819338 -0.019919628387755347 -0.032353492920288426 0.017937570154095705 -0.011502300643865974 -0.020271500301917766 -0.0094990426534623858 -0.03048516089686365 0.012311704105348965 0.0088966688267844794 0.0030915256233971771 -0.050957431842120565 -0.018029410381677997 -0.03585727735770796 0.008727207913691748 0.030651812630574704 -0.019789375665441145 0.0034265391459603911 -0.04669826389942465 -0.01422285009058155 -0.037619156364121005 0.0042600736595262735 -0.030997024187558255 0.014178053433340857 -0.027180168202279517 -0.029938852381679627 -0.030917053224002511 0.018150035921516976 0.021811991865150676 0.016402727695694796 -0.0037013201554528573 0.011046726496115556 -0.017897554440737869 -0.0015719732510554923 0.0093959361123980931 -0.065086860509769431 -0.0013184852650590915 0.016423628528386712 0.0030963259394134676 0.042586149828509563 -0.056133606654998003 -0.0094048850355599317 -0.01515359809471486 -0.029402187607239977 0.037728880827070099 -0.01887551524210861
leaf_weight=129.74404959607637 39.349783222773112 61.335313681862317 272.99482056416309 77.037589471437968 252.78126748069189 34.845381686725887 47.873384557722602 67.456483326619491 14.945008154958485 72.304683600639692 19.767237204301637 33.864454822440166 6299.2599649967888 69.098055520735215 4859.448230887996 565.42656847715261 8.9354059131292143 318.31659400401986 16.300834407156799 10.874680380336939 148.66730373516839 16.875506812823005 16.32060271280352 4.4340076768421559 546.2895294521004 104.86368209577631 14.079646662692538 28.564903559628874 44.445816757506691 60.721078778762603 223.99243564205244 4.3893048235331653 14.374540417396927 813.75967942862189 9.6870942017412727 286.21142993000103 24.997710199852008 93.932024388108402 48.860094489835319 120.8462143613433 73.091189941085759 89.981515841966029 56.397783837339375 19.643644296505954 161.34380952970241 142.48786867538001 2079.1255565471947 32.185934771550819 152.1919710910006 24.870415747864172 49.51031183579471 31.496135411318392 13.043374690518247 88.208710841223365 66.70435675769113 6.1058278770651659 12.942922311951405 50.227258446684573 13.119025703112127 3.7977778126369222 32.325394177518319 76.451644527900498
leaf_count=5718 197 3940 114915 2106 2094 1566 3432 2274 1239 7924 1676 1715 163414 4262 118940 12400 129 23237 2404 429 68177 2727 872 487 2724 497 116 339 3096 6231 7205 276 1524 13749 431 30815 3372 5816 9264 6705 13167 7247 4322 734 8532 7295 90908 1435 16135 1101 1981 2713 697 3849 3548 48 1019 2925 1827 553 991 5313
internal_value=-0.000108514 -0.00166869 -0.0131507 -0.00120412 0.00344726 -0.00147467 6.02635e-05 0.00994072 0.00149871 -0.00947395 -0.00901252 -0.00445271 0.000809508 -0.0238418 0.00290157 -0.00333046 -0.0107763 -0.0178736 0.0044787 -0.0242544 -0.00305206 0.0105864 0.0239567 0.0335909 0.00882802 -0.00195212 -0.0157651 -0.0286479 -0.00178317 -0.0143953 0.0037082 -0.0295075 0.00685791 -0.00261591 0.00255858 -0.00359957 -0.00283786 0.00208554 -0.00458632 -0.00309057 -0.00248847 -0.0130767 -0.00844917 0.0055948 0.00781926 -0.00335679 -0.00455983 0.00713531 -0.00952475 -0.00376985 -0.0156067 -0.0328742 -0.0484302 0.00426472 -0.00849532 -0.00603849 -0.0111186 -0.0223941 0.0186234 0.0146163 0.0279543 -0.0107835
internal_weight=19173.5 13328.1 512.992 12815.2 5845.38 12515.7 6852.63 299.496 201.704 134.248 518.526 401.555 6334.11 116.971 5592.6 5663.03 473.297 327.252 146.045 83.1794 239.997 91.3298 97.7922 81.4716 733.148 186.858 81.9943 42.6446 381.788 113.349 268.438 65.1104 48.239 5189.73 823.447 4366.28 4080.07 1068.99 3011.08 2565.87 2517.01 445.21 355.229 822.866 726.77 2396.17 2152.22 243.95 246.124 298.831 118.92 69.4099 44.5395 179.911 91.7021 101.462 95.3561 63.1702 74.4543 51.0682 36.1232 96.0953
internal_count=814774 689867 191586 498281 124907 481406 194397 16875 13410 11136 29417 21723 164980 7694 122813 287009 31488 23366 8122 8353 76671 8494 3465 2593 3873 1149 652 455 20047 9746 10301 6507 3239 255521 14180 241341 210526 48930 161596 132766 123502 28830 21583 26979 20932 116797 104075 12722 21951 17261 6492 4511 3410 10769 6920 5427 5379 3944 5767 2783 1544 6047
cat_boundaries=0 1 2 3 4 5 6 7 8
cat_threshold=14726 33168 168054 56417 643336 36876 65548 41125
is_linear=0
shrinkage=0.05


Tree=97
num_leaves=63
num_cat=11
split_feature=1 33 4 21 35 1 46 15 29 31 28 45 15 45 18 33 10 47 49 26 34 47 18 34 12 29 19 47 28 26 47 31 15 42 31 10 8 18 45 29 46 49 33 11 18 49 29 6 33 33 48 28 5 29 29 9 48 46 6 46 34 33
split_gain=32.294 14.9941 12.3768 10.5912 22.364 23.0476 21.9582 22.4447 16.4867 13.7375 22.0578 13.5059 15.184 13.4917 14.8819 21.5163 17.9576 15.6476 14.9964 18.4808 19.2038 14.6009 13.5292 13.1082 14.0128 13.0571 13.029 14.8569 12.7777 13.5191 12.7176 12.183 12.1704 11.8407 13.411 12.3568 11.1731 11.1376 11.1104 14.4803 13.0755 12.6088 12.0592 12.555 10.8929 10.765 10.7491 10.61 11.8245 11.0136 10.584 10.5341 10.9034 13.0097 11.3443 10.4977 10.4036 10.3865 10.3814 11.2113 10.7234 11.0977
threshold=2.5000000000000004 2.5000000000000004 7.5000000000000009 0.66322249174118053 0.43303571641445165 9.5000000000000018 0 0.21466974169015887 1.7532555460929873 7.5000000000000009 67.500000000000014 1 0.34549072384834295 2 0.059114735573530204 8.5000000000000018 8.5000000000000018 3 2.9978065490722661 110.50000000000001 0.030080258846282962 4 0.06274606287479402 0.020045197568833831 11.500000000000002 1.0860621929168703 37.500000000000007 5 110.50000000000001 112.50000000000001 6 3.5000000000000004 0.56904762983322155 1.0000000180025095e-35 11.500000000000002 2.5000000000000004 15.500000000000002 0.63245612382888805 7 1.1926450729370119 8 7.8616199493408212 11.500000000000002 26.500000000000004 0.96428570151329052 1.8109169006347658 0.59417229890823375 8.5000000000000018 49.500000000000007 23.500000000000004 1.2234279513359072 1.5000000000000002 0.26933594048023229 0.80696189403533947 0.52885684370994579 117.50000000000001 0.56958433985710155 9 2.5000000000000004 10 0.02343767695128918 10.500000000000002
decision_type=8 8 8 2 8 8 9 8 2 8 2 9 8 9 8 10 8 9 2 2 10 9 8 10 10 2 2 9 2 2 9 10 10 2 8 8 10 10 9 2 9 2 10 10 10 2 2 8 10 10 8 2 8 2 2 2 10 9 8 9 10 10
left_child=-1 2 -2 4 5 8 9 47 44 10 32 26 -13 -5 15 45 17 58 19 20 21 -18 -20 24 38 37 -9 46 29 36 -14 50 -6 35 -35 -32 -24 -22 39 -17 -40 -41 -43 -44 -3 -15 -28 49 56 -8 -29 -7 53 54 -53 -25 -49 -55 60 -60 -16 -62
right_child=1 3 -4 13 6 51 7 11 -10 -11 -12 12 30 14 16 23 18 -19 22 -21 25 -23 28 55 -26 -27 27 31 -30 -31 33 -33 -34 34 -36 -37 -38 -39 40 41 -42 42 43 -45 -46 -47 -48 48 -50 -51 -52 52 -54 57 -56 -57 -58 -59 59 -61 61 -63
leaf_value=0.0087611946524383429 0.012930705927920753 -0.039754590292139014 -0.0061638348527826362 0.0072478524430299677 -0.047637443515389566 -0.038212139757477698 0.010894547925841077 -0.044825992056485874 0.012610350174675523 0.015286948891744024 0.014926762559010013 0.01364958392875512 0.00011415252985650775 0.010783651848444783 0.013227924722719856 0.026595508374570861 -0.022792940381308555 -0.014570818502381566 0.032099057936957609 -0.00089551693101698601 -0.038118406974521041 0.01594390462365592 -0.0021740163217175566 0.0011004607927479289 0.027753082827473099 0.0073745145892967533 -0.021208461909543196 0.016088419487100453 0.0011932340511812091 -0.034129056961215626 0.02181821566374521 -0.030402848875640338 0.002042465279368647 -0.043645074831737969 0.0093047785871186815 -0.037856492685901438 -0.024540751627653401 0.0086014573394484258 -0.028372904296218422 0.0090886319680186286 -0.0072784613460012484 0.023299613887086328 -0.053130721805901886 0.0057429184691468963 0.013155465542841594 -0.015771297923002851 0.029012206890130024 -0.0070754826464693972 0.0091355053719545734 -0.025143819438021991 -0.016331789368382969 -0.013175078275702171 0.0058883164137253675 0.0084396135866163079 0.0152083152282604 0.031704475712517319 -0.022814442965126618 -0.019293393039155074 0.022799789602358247 0.00056774843893202113 -0.00021961528592750681 -0.056201789884699899
leaf_weight=1019.1860002581088 85.483935330012173 62.559037013386842 1458.8348297586781 739.23335752714775 29.741276403219672 10.081597141208475 70.503556295589078 25.093494853565062 24.117151569924317 182.63464685312647 50.720521028939402 156.18814982562617 562.67255093154381 38.803253577782016 43.34123728889972 43.579481371816655 14.151777826642501 44.172290008864366 27.570421060117951 583.08325676707318 36.791074306020164 583.3247165274297 2420.4109827712018 1404.825215120698 23.317000136361457 69.452621401986107 10.453188767423852 36.112697718766867 5318.4572198296082 29.73481538973283 6.6506503438577056 77.693523004214512 18.492747385142138 10.024758767627644 53.696128905576188 62.958277602796443 52.227037325530546 16.077911140047945 86.054621111346933 55.726551848580129 397.63394981885358 7.061313008889555 25.22845240496099 11.641202246071769 8.8945997811388207 386.52956422463467 34.990538763871882 146.58239124999091 37.41443438778515 24.481608076195698 60.424645056307781 47.428447029931704 1277.154229196778 38.139423980843276 104.32504980952945 23.605202205479145 425.79924382347235 132.41351056535495 247.62041019997559 83.980893008061685 22.257038260111589 9.7425160962156934
leaf_count=5575 10347 1004 147152 31554 4938 12878 2640 2526 134 9431 2232 5725 14588 3249 375 3381 770 1229 1001 13866 2968 15307 114220 69173 694 2014 1511 1442 106888 2860 54 5540 1211 764 1104 2535 9387 674 7538 1522 17727 167 1145 568 50 35893 1019 18449 2248 1213 3174 6956 53789 1073 4609 139 33564 5239 3571 2262 243 228
internal_value=0.000122636 -0.000363968 -0.00506856 7.42014e-05 -0.00224726 0.00199629 -0.00571689 -0.00772364 -0.0212369 0.00705719 -0.00745783 -0.00326659 -0.00018678 0.000759458 0.000354162 -0.00307469 0.0012498 0.0109328 0.000766769 0.00572367 0.0110548 0.0147312 -5.92271e-05 -0.00096553 -0.00682223 -0.00677541 -0.0132336 -0.00929659 -0.000193029 -0.00313585 -0.00336964 -0.0154371 -0.0301875 -0.0163694 -0.00159489 -0.0310749 -0.00269502 -0.0243949 -0.0083176 0.0038831 -0.011772 -0.00647393 -0.0251266 -0.036076 -0.0327387 -0.0132515 0.0137727 -0.0146978 -0.0171008 0.000813089 -0.004009 0.00343732 0.00381811 -0.00434984 0.00620019 0.00171503 -0.01888 -0.0136462 0.0138616 0.0179556 -0.00242825 -0.0225555
internal_weight=19197.6 18178.4 1544.32 16634.1 3788.44 1705.11 2083.33 1801.74 95.5708 281.589 98.9545 1096.96 852.191 12845.6 12106.4 2504.01 9602.4 451.114 9151.28 1302.88 719.798 597.476 7848.4 2078.67 650.243 122.322 244.768 219.675 7820.83 2502.37 696.002 174.231 48.234 133.33 63.7209 69.6089 2472.64 52.869 626.926 143.237 483.689 99.6575 43.931 36.8697 71.4536 425.333 45.4437 704.781 609.796 94.9852 96.5373 1609.54 1599.46 322.306 151.753 1428.43 572.382 170.553 406.942 331.601 75.3408 31.9996
internal_count=815327 809752 157499 652253 201640 85732 115908 98096 1188 17812 8381 39982 24770 450613 419059 141196 277863 7908 269955 35599 21733 16077 234356 102054 32742 5656 15212 12686 233355 126467 19045 10156 6149 4457 1868 2589 123607 3642 32048 6783 25265 3402 1880 1713 1054 39142 2530 58114 54261 3853 4616 84544 71666 17877 11565 69312 52013 6312 6679 5833 846 471
cat_boundaries=0 1 2 3 4 5 6 7 8 9 10 11
cat_threshold=182321 198985 673536 33866369 4276352 342097939 100663312 10308 14657 33236 4230
is_linear=0
shrinkage=0.05


Tree=98
num_leaves=63
num_cat=11
split_feature=1 19 35 17 45 37 28 11 33 29 49 44 18 46 45 30 49 28 43 35 49 45 16 8 29 46 45 46 11 34 34 16 35 23 34 20 48 22 33 26 19 30 11 31 48 26 25 33 34 48 18 46 45 29 14 29 5 34 48 11 49 20
split_gain=29.1026 20.922 20.2928 18.5755 19.0584 23.767 28.2939 18.3953 17.9606 19.8388 16.9672 13.8559 24.0951 17.5674 13.4476 13.2697 13.1988 15.7422 15.624 15.5679 15.6785 14.939 14.4119 17.7708 16.9873 15.847 14.5748 13.8055 12.7716 21.3939 16.4799 13.0161 13.6825 12.7499 18.9165 14.9759 19.7969 14.5005 14.0543 12.7411 12.4292 20.3951 12.4436 12.2453 11.9965 11.9501 11.9244 11.922 11.9118 11.874 17.8949 12.6465 11.6585 18.1468 11.3794 14.2169 11.3373 11.0834 14.0359 15.3798 11.0745 10.9685
threshold=8.5000000000000018 5.5000000000000009 0.3178947269916535 0.059114735573530204 0 25.500000000000004 112.50000000000001 21.500000000000004 21.500000000000004 3.6113295555114751 11.407768249511721 1 0.3483316451311112 2 3 11.500000000000002 0.92101192474365245 180.50000000000003 4 0.3647450208663941 8.9136657714843768 5 0.79922482371330272 9.5000000000000018 2.2394030094146733 6 7 8 32.500000000000007 0.029423819854855541 0.013362411409616472 0.80099010467529308 0.82404541969299328 26.500000000000004 0.021313559263944629 0.033169465139508254 0.73498219251632702 45.421360015869148 24.500000000000004 171.50000000000003 301.50000000000006 17.500000000000004 2.5000000000000004 12.500000000000002 3.259108424186707 23.500000000000004 1.5000000000000002 47.500000000000007 0.024391041137278083 1.0389061570167544 0.28165064752101904 9 10 0.32345247268676763 2.5000000000000004 0.59417229890823375 0.59652441740036022 0.019121041521430019 1.8400288820266726 25.500000000000004 6.1618576049804696 0.033310377970337875
decision_type=8 2 10 8 9 2 2 8 10 2 2 1 10 9 9 2 2 2 9 8 2 9 10 10 2 9 9 9 8 10 10 10 10 2 10 2 10 2 10 2 2 2 10 10 10 2 2 10 10 10 10 9 9 2 2 2 10 10 10 8 2 2
left_child=2 46 14 4 5 6 61 48 9 28 44 12 13 -5 15 60 21 18 27 20 -19 -13 52 24 25 -24 -27 -18 29 30 -7 32 -30 34 37 36 -36 57 -38 -23 42 56 -21 49 -8 -25 -2 -26 -6 50 51 -12 -20 -54 -55 -56 -42 58 -10 -60 -1 -3
right_child=1 3 -4 11 7 8 10 -9 33 -11 43 16 -14 -15 -16 -17 17 19 22 40 -22 39 23 45 47 26 -28 -29 31 -31 -32 -33 -34 -35 35 -37 38 -39 -40 -41 41 -43 -44 -45 -46 -47 -48 -49 -50 -51 -52 -53 53 54 55 -57 -58 -59 59 -61 -62 -63
leaf_value=-0.053390419470907981 -0.030070750748211268 -0.015901779905038767 0.0073955417662954067 -0.011430223520872239 0.001149601585108354 0.0055695311206624487 0.014309403555025291 -0.014985898560958397 0.0063174314243942611 0.0050123404064653793 0.013929526524064026 -0.0079584432820061501 0.031617440382542529 0.01745347708957368 0.0021807775757775312 -0.051288542054417685 0.006339578911844862 0.022856601916690592 0.012064170899663853 0.0079039490276429751 0.0024816190339189853 0.01492190759725312 0.0051119044477285318 -0.024448629686940237 0.01577023146457222 0.0035790809958048857 -0.010342617202915357 -0.023061656889987101 0.00057408514266593799 -0.0043239842746603903 -0.028907241626094368 0.0061731617686723791 -0.027345196662730845 0.0052090274802642118 -0.045019541671779018 0.014330808627118597 0.026537184342694156 0.021537481857737233 -0.0075465106532226021 -0.016717586962142726 0.0034145644985592925 -0.021464373211117639 -0.0089927770372120099 0.021523305664132311 -0.025687916966616365 -0.0013772326912546654 0.00051069284711950473 -0.027162506545948973 -0.010204395095029758 0.0029786643737535669 -0.040512094331719699 -0.02038256143001195 -0.019988088070676452 -0.0028290920724611084 -0.028376295677530028 0.018290052996250031 0.028376370892088221 -0.052906653474037085 -0.049393647305346879 -0.0057388664777853369 -0.001145196205292796 0.0095394887454925172
leaf_weight=7.308115287218242 90.858134676571353 202.17727338861732 1725.6424887099711 109.65414753324876 544.52365383412689 37.602698588045314 590.14013261355285 578.16508657416853 41.027250492130406 199.38492197412415 46.984467991627753 110.61044796834176 92.229387180923368 76.187838666490279 139.31433817686047 25.313906864263117 51.737334623147035 174.80939911713358 118.28904251499625 138.29531836562091 201.71150587208103 375.58594277557859 1179.4294704693602 93.013759000095888 317.60154782881727 331.01436209082021 407.43627452178043 137.58333037838747 85.45543286013708 206.3121742682124 290.69485523310141 151.00112893943151 84.770056226785528 566.48612924519693 24.666876658797264 126.56852223037276 32.511829757131636 15.376879050279966 151.23391093994724 30.622058841167018 2158.5650656588259 76.951481816067826 457.57569964963477 53.55890648838249 14.92630917415954 132.8275788743922 47.509453941835091 12.584648318588732 395.07299364297069 263.11469986184966 40.953884880495025 32.460400950105395 146.99799214304949 4970.8126611828047 14.406598268426022 111.91539589327294 41.595300045795739 24.2467345938785 38.499400776461698 40.409398092306219 58.994111237465404 49.658973004050495
leaf_count=153 83215 14652 11319 6675 19433 1598 14118 68499 1271 6883 2143 4302 2966 3355 1220 473 6307 3365 7003 3282 5171 11871 45058 17356 8297 16566 21911 22096 6732 14947 21488 9611 10814 20959 1818 2038 546 288 4022 881 32023 4897 10796 2016 387 9299 5148 384 18613 7983 2542 2177 18233 185346 752 2111 307 1102 1592 976 439 3028
internal_value=-0.000237682 -0.000897805 0.00553147 -0.000737158 -0.00332227 -0.00122581 0.00409903 -0.00795298 -0.00448944 -0.00909201 0.00773307 0.000319236 0.0110583 0.000873603 -0.00825943 -0.0214337 5.19969e-05 -0.000307617 -0.00149631 0.00262601 0.0121168 0.00782627 -0.00113619 0.00201656 0.00336652 0.00154722 -0.00415513 -0.0151514 -0.0123879 -0.0170941 -0.024934 -0.00441359 -0.0137129 0.000109115 -0.00572639 0.00107751 -0.00711838 -0.0196093 -0.000972539 0.012069 0.0013633 0.00304578 -0.00503809 0.000211202 0.0131203 -0.011203 -0.0199188 0.0137531 -0.00365317 -0.00300379 -0.0156751 -0.00123098 -0.00259332 -0.00295248 -0.00244786 0.0120901 0.00394975 -0.0245723 -0.016956 -0.028712 -0.010244 -0.010797
internal_weight=19093 17136.4 1956.57 16998 4927.98 3410.22 1293.98 1517.76 2116.25 1055.22 1042.14 12070 278.071 185.842 230.93 91.6161 11792 11275.2 8025.65 3249.5 376.521 516.818 7836.33 2473.91 2248.07 1917.88 738.451 189.321 855.836 534.61 328.298 321.227 170.225 1061.03 494.541 334.981 208.413 159.56 183.746 406.208 2872.98 2277.11 595.871 437.072 605.066 225.841 138.368 330.186 939.597 383.513 120.399 79.4449 5362.42 5244.13 5097.13 126.322 2200.16 144.183 119.936 78.9088 66.3022 251.836
internal_count=814853 801249 13604 712886 262276 155731 49046 106545 106685 72073 31366 450610 12996 10030 2285 1065 437614 420560 360719 59841 8536 17054 332316 118871 92216 83535 38477 28403 65190 38033 23086 27157 17546 34612 13653 8424 6386 5229 4568 12752 51305 37227 14078 16861 14505 26655 88363 8681 38046 14845 6862 4320 213445 206442 188209 2863 32330 4941 3839 2568 592 17680
cat_boundaries=0 1 2 3 4 5 6 7 8 9 10 11
cat_threshold=1205218 9 147702 504961 32768 595236 54722 28904 140385 65572 525569
is_linear=0
shrinkage=0.05


Tree=99
num_leaves=63
num_cat=5
split_feature=1 33 45 27 47 1 18 17 21 49 29 35 21 35 49 21 22 12 37 34 20 34 48 34 34 45 19 13 32 22 32 47 25 26 10 45 33 48 11 5 34 3 27 30 20 49 33 35 27 20 34 16 22 34 21 5 37 5 19 49 49 25
split_gain=23.0079 17.7066 14.984 20.1934 16.9279 14.5475 11.6722 11.2425 11.2232 10.8901 10.5326 10.3113 18.989 16.5488 18.2031 14.8379 22.6924 12.6107 11.7143 20.6451 18.9782 11.2586 10.2254 10.131 10.0455 12.4117 11.4022 9.82545 18.0922 15.3477 18.2014 11.6565 13.8621 15.1838 13.4049 12.1834 11.9078 12.996 11.5539 11.5139 12.163 14.6096 17.1545 12.5792 11.1856 10.4212 10.1518 10.135 14.2271 10.4174 9.8875 9.82586 9.54183 9.30032 14.9959 9.29447 11.8631 12.983 12.496 12.2021 14.2711 11.4833
threshold=5.5000000000000009 1.5000000000000002 0 5.5000000000000009 1 54.500000000000007 0.125657893717289 0.31881313025951391 0.94986033439636242 24.214871406555179 3.8117517232894902 0.59586465358734142 0.96130812168121349 0.30217391252517706 5.6203536987304696 0.75082513689994823 34.377330780029304 1.0000000180025095e-35 20.500000000000004 0.017272553406655792 0.030175417661666874 0.021892856806516651 1.859467148780823 0.043618759140372283 0.02083644084632397 2 28.500000000000004 1.5000000000000002 2.5000000000000004 41.676120758056648 1.5000000000000002 3 100.00000000000001 154.50000000000003 9.5000000000000018 4 48.500000000000007 2.5823271274566655 4.5000000000000009 0.13194649666547778 0.019121041521430019 0.14746949821710589 264.00000000000006 4.5000000000000009 0.033088864758610732 4.1097259521484384 37.500000000000007 0.31009615957736975 137.50000000000003 0.016060969792306427 0.011849152855575086 0.32071428000926977 29.676223754882816 0.031634308397769935 0.73132818937301647 0.17880320549011233 24.500000000000004 0.079897150397300734 303.50000000000006 2.3186883926391606 20.266510009765629 69.500000000000014
decision_type=8 8 9 2 9 10 8 10 2 2 2 10 2 10 2 2 2 10 2 10 2 10 10 10 10 9 2 2 10 2 10 9 2 2 8 9 10 10 10 8 10 8 2 2 2 2 10 10 2 2 10 10 2 10 2 10 2 10 2 2 2 2
left_child=2 7 3 -1 -4 6 11 8 -2 -6 -8 12 27 14 17 16 18 22 20 -20 -13 -15 -14 -16 25 -21 -27 31 29 39 -31 32 33 35 -33 -3 55 44 45 46 41 -41 -43 -44 -38 -34 -29 48 49 -30 -40 -49 -42 54 -18 56 61 58 59 -58 -61 -37
right_child=1 5 4 -5 9 -7 10 -9 -10 -11 -12 15 13 21 23 -17 53 -19 19 24 -22 -23 -24 -25 -26 26 -28 28 47 30 -32 34 38 -35 -36 36 37 -39 50 40 52 42 43 -45 -46 -47 -48 51 -50 -51 -52 -53 -54 -55 -56 -57 57 -59 -60 60 -62 -63
leaf_value=-0.034900296679725523 -0.006502108406740037 -0.012280089663743915 0.019712955249580971 0.0021112339883188037 0.0061088068537195617 -0.053125903315360157 0.00072243289727362504 0.00054233446884703932 -0.020493890612022923 -0.031141791468958058 -0.021779908402372004 0.023933029242555075 -0.033380829697185498 -0.018239427032391727 -0.033554124243140297 -0.0018841466927039371 -0.0048081205185795456 0.029482569564408076 -0.056147649634836178 0.018699573010651671 -0.051369305527385868 0.020911911146947175 0.012481968096163955 0.013121451561011016 -0.022881817511013886 0.02348750475021882 -0.044679076168395261 0.0026911676083286717 0.026062220989618121 -0.046780671603401519 0.015762564945207919 -0.051849523104333932 -0.045650512766255029 0.024860575659129927 -0.0078119357031449319 0.0019167066504506313 -0.05474965224443297 0.023924522472511551 0.012520267353880865 -0.05447225441946682 -0.02256019301886324 0.017909868496410887 -0.0027253238267833163 -0.059825165336874819 0.0033294952549983502 0.013136967030336351 -0.049771469360410936 -0.040795791826835237 -0.044629415876866411 -0.022722286830145242 -0.04219155331698405 0.015378858562686192 0.022637142819302635 0.0065589949670160248 -0.04520587772957349 0.023417918124629265 -0.013917998281999359 -0.024149024297327584 -0.014124367858762869 0.019173406512318542 -0.014362688582171252 -0.026829194953439862
leaf_weight=34.171572225051932 544.10446136013343 123.82238069651066 287.10490649845451 617.71256282378454 572.79253377977875 7.991717882687225 11884.599663825706 352.64254283013724 193.89576878560183 15.401194254402069 47.234211730828974 29.047903251092066 22.246262755375938 23.226710907583765 122.63616245414596 1682.9518140554355 283.63937890598754 22.139001834439114 38.153423995012417 30.302176847762894 6.1435291330999453 49.177317237918032 18.266396414037445 10.184138586075276 190.76925144261259 4.915397426797429 17.072764311044011 31.859230584232137 15.646533551160244 19.845301442313939 18.29252901324071 15.211286483332513 4.240838802419602 69.761032316309866 140.28952694413601 93.189901816127531 19.102130125262196 8.6079239854443568 7.7679547499865285 5.0055186464451253 8.3136436061467958 121.75625265971757 47.373596750665456 7.2864094718825063 11.805174688226542 36.188904448412359 7.7177688984666011 4.434205225436016 31.769210625905544 18.284271333832294 38.91786158940522 41.5864359207917 292.57049791736063 159.24127323628636 20.196714054880431 61.579173980397172 34.484822670390713 25.282153490465134 44.063589150551707 303.8037373609186 31.725379514238739 49.82596510235453
leaf_count=481 56499 13138 1346 4071 3580 904 396076 29523 35297 127 5946 1467 3636 3086 18193 109582 18640 926 3726 1500 450 4263 1365 645 19595 430 1572 612 281 492 256 1046 207 2476 9990 7461 1827 215 198 210 188 1888 726 272 362 606 250 235 1078 529 1982 876 4029 9979 1032 3980 2052 2274 3010 12611 3019 2116
internal_value=-0.000134425 -0.000647181 0.00574166 -7.85857e-05 0.00994012 -0.000237461 -0.000195641 -0.00680196 -0.0102914 0.00479828 0.000624268 -0.0023575 0.000254059 -0.012036 -0.0194663 -0.00453759 -0.010218 0.00267599 -0.0204299 -0.0237889 0.00603198 0.00798553 -0.0136026 -0.029629 -0.0176801 0.00163777 -0.0203661 0.00212022 0.00687688 0.0105381 -0.0184323 -0.000751405 0.00136632 0.00330106 -0.0128031 0.00129647 0.00394843 -0.021073 -0.0170857 0.01281 0.0149458 0.00454557 0.00767526 -0.0147129 -0.0351915 0.00262489 -0.0119745 -0.0111411 -0.023083 0.000231761 -0.0327576 0.00649875 0.02104 -0.00309691 -0.00818186 0.0056952 0.00363785 0.00769538 0.00990462 0.0129163 0.0158381 -0.0086662
internal_weight=19079.4 17552.2 1527.18 651.884 875.299 16461.5 16453.6 1090.64 738 588.194 11931.8 4521.72 2059.29 267.876 195.472 2462.43 779.482 62.6517 316.404 281.213 35.1914 72.404 40.5127 132.82 243.06 52.2903 21.9882 1791.41 671.741 560.021 38.1378 1119.67 964.169 877.053 155.501 807.292 683.47 39.5152 87.1156 521.883 482.306 181.422 176.416 54.66 30.9073 40.4297 39.577 111.721 65.7 33.9308 46.6858 46.0206 300.884 463.077 303.836 643.955 582.376 439.36 414.078 370.014 335.529 143.016
internal_count=814429 804824 9605 4552 5053 683505 682601 121319 91796 3707 402022 280579 112606 32114 24765 167973 58391 5927 28740 26823 1917 7349 5001 18838 23097 3502 2002 80492 11922 8923 748 68570 57534 54541 11036 52065 38927 2404 2993 8175 7313 3096 2886 998 2189 813 862 2999 1888 810 2180 1111 4217 29651 19672 36523 32543 22966 20692 17682 15630 9577
cat_boundaries=0 1 2 3 4 5
cat_threshold=402089 4227761 41152 304106161 403969
is_linear=0
shrinkage=0.05


Tree=100
num_leaves=63
num_cat=11
split_feature=1 49 22 21 4 17 48 29 45 46 29 36 0 18 45 36 22 22 21 15 15 25 17 46 34 36 48 45 6 46 1 2 6 3 21 16 1 35 3 35 37 17 23 49 2 29 21 1 5 49 34 29 23 45 2 45 1 47 46 16 33 46
split_gain=23.781 14.6063 14.2556 14.7791 13.2318 14.5182 12.3079 11.1607 13.2781 13.1243 14.0927 11.99 11.0114 12.2749 10.7259 12.5013 10.6496 16.901 16.0785 11.0414 13.0551 10.5474 10.8264 10.5175 10.2194 11.7057 10.131 21.467 18.6846 11.8779 13.5889 12.5808 11.0237 13.7263 11.7705 12.7871 10.3667 10.4537 10.2694 10.1255 10.0446 10.744 9.90832 11.1963 14.4407 10.7836 10.026 9.88522 10.4025 14.8606 12.1734 13.4587 14.8184 9.88332 15.435 17.6021 16.4371 14.2961 16.2616 13.1547 17.8193 13.2115
threshold=6.5000000000000009 27.324561119079593 34.26726150512696 0.98843890428543102 2.5000000000000004 0.47722567617893225 0.35118059813976293 0.48834688961505895 0 1 0.53555715084075939 7.5000000000000009 1.5000000000000002 0.42558647692203527 2 1.5000000000000002 35.274013519287116 37.13258361816407 0.94879078865051281 0.30094340443611151 0.071796759963035597 15.500000000000002 0.063164893537759795 3 0.030080258846282962 5.5000000000000009 0.64194935560226452 4 14.500000000000002 5 48.500000000000007 11.500000000000002 8.5000000000000018 0.38667364418506628 0.20473174005746844 0.71330726146698009 11.500000000000002 0.64495798945426952 0.30618821084499365 0.27178031206130987 62.500000000000007 0.59729731082916271 54.500000000000007 4.652266502380372 8.5000000000000018 1.5205633640289309 0.28176638484001165 13.500000000000002 0.29354569315910345 9.9927511215209979 0.022392606362700466 0.71610370278358471 54.500000000000007 6 2.5000000000000004 7 31.500000000000004 8 9 0.23108709603548053 48.500000000000007 10
decision_type=8 2 2 2 8 10 10 2 9 9 2 2 2 10 9 2 2 2 2 10 10 2 10 9 10 2 8 9 10 9 10 10 8 10 2 10 8 10 8 10 2 10 2 2 10 2 2 10 10 2 10 2 2 9 8 9 10 9 9 8 10 9
left_child=6 4 40 -4 5 14 -1 -8 16 10 -10 12 13 24 -2 -16 42 19 -19 20 -18 22 -12 -20 25 -11 27 28 36 31 47 38 33 34 35 -28 -6 -38 -29 -17 41 -3 43 45 -45 -9 -44 48 -31 50 -50 -52 -53 59 55 56 -55 58 -56 60 -34 -61
right_child=1 2 3 -5 26 -7 7 8 9 11 21 -13 -14 -15 15 39 17 18 23 -21 -22 -23 -24 -25 -26 -27 32 29 -30 30 -32 -33 53 -35 -36 -37 37 -39 -40 -41 -42 -43 46 44 -46 -47 -48 -49 49 -51 51 52 -54 54 57 -57 -58 -59 -60 61 -62 -63
leaf_value=-0.029795833102266252 0.011142446470476559 -0.016590964639162358 0.0059844427601451105 -0.032075282855340073 0.015152522687027416 0.02143146143545005 0.017678971845630134 -0.00057867012571358764 -0.033708535858819118 0.007286314424395199 -0.029367995063384118 -0.012391299736596062 0.033694618006910468 -0.025898728033019791 -0.061311427924002432 0.02465682156304351 0.033645585108042296 -0.017957193395191057 0.01689759437062768 0.036423347103474307 -0.012903205293444926 0.01964548463658445 0.0088586786162598869 -0.014147243652316186 0.027309962699313718 -0.044905899294149391 -0.047036863436679059 0.015743196146541846 0.018660407239132523 -0.0034280301945830401 -0.047107051854678846 0.031482446570159014 -0.024753484541175281 -0.029477371719848034 0.0067182086537853269 -0.00036563496480810921 -0.0081177484157203793 -0.028175233528280927 -0.02668941221842281 -0.029578815779304775 -0.030738847236823682 0.018013751019337505 0.012380287803960804 0.0070436519940219825 -0.047817154723763106 -0.037250454541122101 -0.03155290741067239 0.012941245302883207 0.013031925173406154 0.023852481385921831 0.011556573767171285 0.01443667860928094 -0.055556557394422272 -0.0017514810499957357 0.0098832942457353842 0.013609093155226237 -0.057999794880788151 -0.00025659578507264115 -0.029620348070722002 -0.016110331413417587 0.025478445950024166 -0.0015058248530828919
leaf_weight=19.630866713705473 40.337731979172531 86.80446644219046 156.93470579783752 25.275619816355174 17.195556237827986 133.97923218634969 175.200325432932 41.913175171473995 11.393427826173136 43.548829732229933 15.125067881308494 119.84341698256321 28.774407744873315 26.510070963267935 10.661733820197695 11.982878256763799 18.971167004667222 90.958603665814735 86.507417779648677 53.213838853524067 35.868876391439699 335.16773955320241 249.45662392000668 26.125623062194791 40.662327407859266 8.8567661039996874 16.141853352775797 13.174903130031451 32.12457016191911 761.80521167273764 9.8338482317049039 8.1250318181700987 124.19782876557656 24.060854576062411 1021.2107572750829 48.248655201343354 103.88307532522595 195.78242043512728 98.396969873283524 12.514128701579464 94.481471270504699 25.176230743454653 13.488616673974319 192.00056008156389 7.7991646336158729 33.708396443165839 57.431192721473053 146.31792277720524 50.482168660673779 88.7891570009524 18.717520273290575 7.9304560016025816 23.271567500894889 79.705142483464442 32.755268281631288 362.58247155940626 10.596627865219487 11263.490543611744 72.275412345297809 154.02652480312099 16.310335465546814 1958.2739542412637
leaf_count=367 3405 10996 7612 4808 264 2557 1138 355 113 274 165 1071 87 165 3163 660 103 806 401 166 292 1470 1468 263 175 95 1173 2681 3810 81172 805 287 19567 805 32183 1839 14726 33599 13025 2595 9979 1156 120 1218 161 351 559 3720 1412 3200 1164 309 1509 875 2582 2811 425 371618 8058 21572 1211 130584
internal_value=-0.000181643 -0.000739651 -0.0102611 -1.07371e-05 -0.000518609 0.0118222 0.00539616 0.00588514 0.0044881 0.00843839 0.0124465 -0.00087042 0.00848029 0.00130406 -0.00550271 -0.0211239 -0.000928195 0.00571553 -0.0028272 0.0212246 0.00466551 0.0138006 0.00616925 0.00963519 0.00997806 -0.00467739 -0.000676334 -0.00448568 -0.0151432 -0.00127165 0.000428705 -0.0152956 -0.000279642 0.00450697 0.00539187 -0.0146117 -0.0192774 -0.0214694 -0.0212184 -0.00336656 -0.0190932 -0.0083735 -0.00692905 -0.00247295 0.00378704 -0.0182216 -0.022932 0.00107034 -0.000814222 0.00952794 -0.00367039 -0.0202097 -0.0382299 -0.000658502 -7.78587e-05 0.00892277 -0.00999946 -0.000440247 -0.0176051 -0.0036818 -0.0182474 -0.0026895
internal_weight=19090 17357.9 388.672 182.21 16969.2 209.476 1732.16 1712.53 1537.33 879.339 611.143 268.196 148.352 119.578 75.4965 35.1587 657.987 311.646 203.592 108.054 54.84 599.749 264.582 112.633 93.0679 52.4056 16759.7 1575.83 348.986 1226.84 1107.15 119.697 15183.9 1109.66 1085.6 64.3905 316.861 299.665 111.572 24.497 206.462 111.981 346.341 275.421 199.8 75.6216 70.9198 1097.31 950.996 189.191 100.402 49.9195 31.202 14074.2 11821.4 452.884 90.3018 11368.5 105.031 2252.81 140.508 2112.3
internal_count=815300 803917 34551 12420 769366 12380 11383 11016 9878 5083 3216 1867 796 709 9823 6418 4795 2031 1470 561 395 3103 1633 664 544 369 756986 161683 52399 109284 93291 15993 595303 36000 35195 3012 48589 48325 15706 3255 22131 12152 2764 2085 1379 706 679 92486 88766 7594 4394 2982 1818 559303 386369 4111 1300 382258 10640 172934 20778 152156
cat_boundaries=0 1 2 3 4 5 6 7 8 9 10 11
cat_threshold=393925 135411 698668 70 624704 150752 35599 5184 270542632 214288 17236
is_linear=0
shrinkage=0.05


Tree=101
num_leaves=63
num_cat=10
split_feature=1 33 16 18 46 45 6 45 48 46 48 11 10 3 45 27 28 14 23 42 46 45 5 6 21 20 34 37 30 34 46 5 35 21 26 19 27 48 40 19 14 46 7 30 19 27 33 10 22 22 30 34 48 7 30 28 22 19 29 11 48 43
split_gain=23.3642 20.7891 13.847 12.0069 20.3838 14.9034 14.3824 11.95 18.8946 14.7387 13.761 12.7374 15.6311 11.8482 11.6055 13.2627 16.0228 15.7939 17.9706 15.7932 12.2055 11.5502 15.3636 15.6845 12.6356 20.6519 29.8626 15.5439 13.5026 12.3216 11.6966 12.1244 11.3601 11.2343 11.0868 11.0435 14.7505 16.8654 10.7493 10.7083 10.704 11.3047 11.8599 11.1387 10.8889 10.6005 10.4882 10.0668 10.0008 11.7185 19.7768 11.4582 9.95548 11.8798 10.8198 9.93135 10.8945 15.0309 9.91562 9.905 9.89217 10.1589
threshold=6.5000000000000009 2.5000000000000004 0.22295321524143222 0.61721614003181469 0 1 6.5000000000000009 2 0.93895986676216137 3 0.64685022830963146 27.500000000000004 6.5000000000000009 0.13736579567193988 4 86.500000000000014 7.5000000000000009 1.5000000000000002 53.500000000000007 1.0000000180025095e-35 5 6 0.11841176077723505 8.5000000000000018 0.98894992470741283 0.041438465937972076 0.024277777411043647 23.500000000000004 5.5000000000000009 0.010153389535844328 7 0.41137719154357916 0.40212766826152807 0.55653467774391185 22.500000000000004 86.500000000000014 68.500000000000014 0.79892820119857799 1.0000000180025095e-35 5.5000000000000009 2.5000000000000004 8 0.83766883611679088 55.500000000000007 655.00000000000011 38.500000000000007 4.5000000000000009 8.5000000000000018 38.337652206420906 37.167671203613288 10.500000000000002 0.020719046704471115 0.98440763354301464 0.8114164173603059 1.5000000000000002 140.50000000000003 34.318105697631843 78.500000000000014 0.48834688961505895 26.500000000000004 1.4650902152061465 9
decision_type=8 8 8 10 9 9 10 9 10 9 10 8 10 10 9 2 2 2 2 2 9 9 10 10 2 2 8 2 2 10 9 8 10 2 2 2 2 10 2 2 2 9 8 2 2 2 8 8 2 2 2 10 8 10 2 2 2 2 2 10 8 9
left_child=14 13 7 21 -5 -6 -7 8 -3 10 -9 32 -13 -2 15 16 19 18 -17 -1 -18 22 23 52 40 28 -27 -28 -26 -24 47 -32 38 34 -12 45 37 -37 -11 -15 41 42 -23 -43 -45 -31 -29 -30 49 -16 -51 -52 53 54 -4 56 57 -8 60 -40 61 -54
right_child=1 2 3 4 5 6 55 9 -10 11 33 12 -14 39 48 17 20 -19 -20 -21 -22 24 29 -25 25 26 27 46 30 35 31 -33 -34 -35 -36 36 -38 -39 59 -41 -42 43 -44 44 -46 -47 -48 -49 -50 50 51 -53 58 -55 -56 -57 -58 -59 -60 -61 -62 -63
leaf_value=0.0019669337332393374 -0.0077620910347511382 -0.0057369711654715475 -0.037439408351257225 -0.012922499166112576 0.016105857535003654 0.00051841534892908315 0.032921991420736464 -0.024029716773580394 0.021354486002708797 0.013824930997174606 -0.02866089551720807 -0.031208339807606678 0.021713921958144877 -0.029274654745524993 0.0076648682659116868 -0.056433887489841739 -0.024848842847464608 0.0045276466199748238 -0.0064640359241255087 -0.047300664554336909 0.0089648975141797642 -0.026806098142437031 -0.030286594557411853 -0.030509821898400541 -0.014946841450247618 -0.036024617044667286 -0.02673561381618568 -0.029215861956695163 0.032861746451661275 -0.0042711381911883237 0.017402436344520929 -0.012319875954358947 -0.016936611664310833 -0.0026851137329628716 0.022109362274841962 0.0061660765200933238 0.007096487089617836 -0.027896452769096816 -0.021671178818568382 0.011529408288982268 0.015428160680600881 0.0013870349284192179 0.024694765870827862 -0.041670707072965038 0.027432239574978132 0.034444689735985565 0.018131476892064107 0.0014374921368442912 0.016365829426089731 0.011008901432315747 0.0094886444392156995 -0.0586805554904994 0.013561522726953141 -0.036026845132522349 -0.0055844465230790842 0.038690245569335001 0.024855112496159279 -0.031952084428994991 -0.00053078620094618081 0.030736870740859609 -0.040006843101669264 -0.018222914734125621
leaf_weight=37.421012750826776 1267.2018357228662 143.86552781596401 22.898912751072203 122.80194459005725 341.20135524062789 623.64543436058739 8.3510213842382672 65.261769691860536 109.15945581518463 83.168515689496417 8.0309345908244705 125.91455567457524 12.089579767547546 13.35352893691015 657.22155944094993 28.080487833824009 14.567155465716494 65.498153931344859 42.732044822885655 23.266938401269726 449.30484092351981 8.5556265002815035 20.246045916515868 50.090536633972079 386.94672336910298 30.912876660760958 18.692918054570328 7.9118476361472849 34.093795223394409 24.149514605116565 36.310212010401301 209.44183178896492 146.48254307324532 1002.9587682165657 75.554945440322626 69.023863320617238 489.91809839804773 68.416944007796701 48.75218361755833 134.65835664291808 135.1678434907808 8276.5270723218564 87.889139755367069 21.648387535402438 3.5251134152058503 52.077900556032546 237.86426225699688 74.624734031916887 320.22834102224442 32.731767754361499 6.5121038530487594 20.112071339040995 30.222137610770005 31.834534755500499 732.80030832401098 38.780857682460919 35.676401849021204 23.588152370764874 1699.054786068984 6.2860870608128598 26.228855164241395 45.193714075314347
leaf_count=429 129370 14748 2125 6252 15227 23328 82 10208 5318 3263 2942 28072 602 17189 3977 286 154 389 354 449 3127 1963 809 4777 26386 4815 1701 1218 411 1470 1323 20701 9628 49063 2196 4867 19946 5926 2626 10013 2229 213510 5923 1816 34 931 8425 6786 1684 153 45 231 1953 7319 55184 486 1173 1641 57792 39 4876 5032
internal_value=0.000146981 -0.000400841 0.00011516 0.000645415 0.00543189 0.00763533 0.00343189 -0.00397415 0.00590907 -0.00557818 -0.00256025 -0.0134322 -0.0259751 -0.0061977 0.00573651 0.000470384 0.00410554 -0.0131357 -0.0286945 -0.0190843 0.0073106 0.000201548 -0.00231336 -0.00408956 0.00108711 -0.0041113 0.00698799 0.0125907 -0.00855046 0.00411268 -0.00145728 -0.00737482 -0.00747232 -0.00119001 0.015889 0.00530927 0.00303711 -0.011174 0.00279979 0.00701178 0.00172203 0.00149238 0.0173225 0.00127577 -0.0290518 0.0226713 0.0160552 0.0113091 0.00898407 0.00571923 -0.0147457 -0.0431428 -0.00352041 -0.00819114 -0.00678944 0.0200276 0.00739659 -0.0128294 -0.00146064 -0.0136242 -0.0162501 -0.00601404
internal_weight=19066.7 17369.1 15953.8 14126.3 1194.05 1071.24 730.042 1827.52 253.025 1574.5 1151.81 422.693 138.004 1415.21 1697.68 660.871 524.56 136.311 70.8125 60.688 463.872 12932.3 3362.16 2638.32 9570.11 1036.8 295.382 264.469 741.417 723.832 354.471 245.752 284.689 1086.54 83.5859 703.586 627.359 137.441 138.207 148.012 8533.31 8398.15 96.4448 8301.7 25.1735 76.2274 245.776 108.719 1036.81 716.578 59.3559 26.6242 2588.23 787.534 755.699 106.396 67.6156 31.9392 1800.7 55.0383 101.645 75.4159
internal_count=814992 803714 647142 518437 48189 41937 26710 128705 20066 108639 64409 44230 28674 156572 11278 5188 4159 1029 640 878 3281 470248 173007 139058 297241 71766 16159 11344 55607 33949 29221 22024 15556 54201 5138 33140 30739 10793 5928 27202 225475 223246 7886 215360 1850 2401 9643 7197 6090 4406 429 276 134281 64628 57309 3382 2896 1723 69653 2665 11861 6985
cat_boundaries=0 1 2 3 4 5 6 7 8 9 10
cat_threshold=141893 1091366 270368 131267 290913 1056 953892 37777 11776 266400
is_linear=0
shrinkage=0.05


Tree=102
num_leaves=63
num_cat=7
split_feature=1 4 33 20 6 23 31 16 47 46 20 3 22 22 8 15 23 34 43 30 31 49 5 19 15 19 25 21 47 35 34 26 22 45 21 17 49 15 37 25 19 12 19 27 7 25 27 21 30 45 31 18 33 49 49 16 34 37 49 20 17 47
split_gain=29.1505 16.3222 17.4696 12.4178 11.469 11.9764 22.1305 11.5583 11.1329 10.4579 15.1484 10.1252 18.2471 15.3901 10.0749 9.6163 17.0103 19.0298 16.2674 14.2411 16.4977 13.5232 13.4878 13.1036 12.299 12.1377 12.1169 11.508 13.3016 15.4798 16.1129 13.2621 11.1895 18.8029 11.1363 11.1039 11.054 11.0306 10.68 10.5983 10.9568 10.3987 10.9239 11.2508 14.4067 13.6502 11.7176 11.5316 12.8017 11.7408 17.037 13.9698 12.6375 11.6046 10.6692 10.6122 10.2791 10.088 10.4487 10.0278 9.99633 9.96227
threshold=5.5000000000000009 3.5000000000000004 1.5000000000000002 0.032704509794712074 17.500000000000004 37.500000000000007 5.5000000000000009 0.78319624066352855 0 1 0.012459901161491873 0.34597875177860266 32.824148178100593 31.179128646850589 10.500000000000002 0.024540800601243976 51.500000000000007 0.021017166785895828 2 17.500000000000004 47.500000000000007 21.901765823364261 0.16795390099287036 67.500000000000014 0.054669987410306937 12.500000000000002 181.50000000000003 0.69468471407890331 3 0.1132478639483452 0.017624294385313991 142.50000000000003 34.377330780029304 4 0.68449658155441295 0.026455767452716831 26.491062164306644 0.33114035427570349 20.500000000000004 89.500000000000014 560.50000000000011 4.5000000000000009 311.50000000000006 94.500000000000014 0.79721432924270641 55.500000000000007 103.50000000000001 0.99141615629196178 8.5000000000000018 5 3.5000000000000004 0.12304734438657762 24.500000000000004 11.407768249511721 10.224456787109377 0.57002803683280956 0.019228813238441948 21.500000000000004 12.810699462890627 0.049618722870945937 0.12537425011396411 6
decision_type=8 8 8 2 10 2 10 10 9 9 2 10 2 2 10 8 2 10 9 2 10 2 8 2 8 2 2 2 9 10 10 2 2 9 2 10 2 10 2 2 2 8 2 2 8 2 2 2 2 9 10 10 10 2 2 10 10 2 2 2 10 9
left_child=3 9 -3 -1 11 -6 8 -8 -7 10 -2 15 13 -13 -11 16 21 27 19 22 23 41 -17 25 32 -21 61 28 -18 30 -30 -31 56 -34 -23 -35 -24 -27 39 40 -19 55 43 44 -43 46 -45 48 49 51 52 -46 -51 -52 -49 57 -20 58 -4 -48 -29 -26
right_child=1 2 4 -5 5 6 7 -9 -10 14 -12 12 -14 -15 -16 18 17 38 24 20 -22 34 36 -25 26 37 -28 60 29 31 -32 -33 33 35 -36 -37 -38 -39 -40 -41 -42 42 -44 45 47 -47 59 54 -50 50 53 -53 -54 -55 -56 -57 -58 -59 -60 -61 -62 -63
leaf_value=0.0017256038027058395 0.031317476973995832 -0.0070701912171074301 0.021130117559754396 0.010818469222430788 0.025090331257103127 0.020093375285341827 -0.035207899108420496 0.0027393935100695232 -0.02119455250066286 0.017458090559876283 -0.02527730323049291 -0.021993072434765257 -0.034436398613396292 0.032635129954340113 -0.033167230423561844 -0.024324742304945256 0.019523304679470405 -0.022643422578601989 -0.014456192300129029 0.0085708006693559612 0.03676829241947005 0.0061194135753097493 0.0089986213283640513 -0.0039418231750395537 -0.019172248974595546 -0.068195224088791959 -0.018063867281599637 0.0071594295551088531 -0.013866733208000298 -0.038697830978103184 0.019447147267346743 0.0020068808392325831 -0.026043041884553298 -0.028107559300752694 -0.019400440677645153 0.023502509588220991 -0.029800696948319633 0.0093500130699994567 -0.012943142361045053 0.023710246110357144 0.024782056869554887 -0.025107169621817763 0.01254482108902831 0.008571669800178483 0.0097438975059831456 -0.003007167302076568 -0.045527879967020436 0.0031381867855564574 -0.0053136455674258039 -0.025581559673903766 0.0005767601275432552 0.039396563390080089 0.00405424851960055 0.028614743804350362 -0.020789408785805444 0.010867587283478006 0.026788632395760865 -0.01201261684849639 -0.035042723351754047 0.016780083270591661 -0.010631530846607869 -0.00029978251276235342
leaf_weight=704.05757452658145 11.615513187054601 1049.4676885073568 48.759861260186881 805.05342584726168 81.665130627399776 104.861140457273 38.668472944729729 35.884965267207008 8.2962364849081478 233.79650954141471 37.899540705351683 19.363429336764966 53.858362430859415 22.8123826332303 5.7556925562676033 27.751884206081741 24.930745893791027 37.454328322477522 14.323132933393934 8.0320609212794789 11.027987111592664 56.207419753875001 1077.9803079889971 63.595827045384794 55.479968090185139 21.15164876787458 93.644360095728189 414.94791784408881 101.05430290747609 69.664344752098259 50.246719699978712 26.687644247722346 32.254226189819747 8.1181143778012466 150.46508694606746 57.711086070878082 13.913711006054653 4.2181939955335102 833.9880429567238 37.475277336779982 12.451683625346048 37.812430537014734 140.24691640108358 16.282814016216435 91.597912802841165 1577.3589242173184 41.120698227488901 121.20037525443331 134.72543978982139 50.205582546237565 62.571137123923108 71.798550475497905 100.1037384591109 85.705765228089149 69.597478221578058 412.96948334603803 103.28863125877979 116.15123237500666 5.1455721212550989 4.889277529437094 92.587585223503993 9119.0640981118631
leaf_count=5663 1072 117826 413 3961 1937 5498 4933 2918 1527 13886 5230 8076 16396 2167 142 1443 1867 3870 987 316 193 5151 25651 2434 5308 1412 2697 17536 7068 7722 2853 1608 2304 523 14810 1700 873 152 74497 695 360 6227 4382 832 4944 59521 3402 14495 6458 3615 3278 2411 3533 2202 11391 6722 4151 3442 143 185 6847 291255
internal_value=-5.99884e-05 -0.000635297 -0.000834498 0.00659601 -0.000427812 0.00970801 0.00253845 -0.0179185 0.0162043 0.0110457 -0.00874259 -0.000602486 -0.016381 0.00788188 0.0149761 -0.000501482 -0.00228819 -0.00636054 0.000349281 0.00572831 -0.0112063 -0.000240831 0.00745569 -0.0181957 -0.000355339 -0.0412879 -0.000633158 -0.000602874 -0.00879882 -0.0122671 -0.00253508 -0.0278806 0.01131 -0.0012174 -0.0124794 0.0136727 0.00837062 -0.0558853 -0.011206 0.0051772 -0.00963142 0.000570809 -0.000783333 -0.00156551 0.00318319 -0.00395818 -0.0260266 0.00469139 0.0080982 0.0120244 0.0052565 0.0222361 -0.00634945 0.0171878 -0.0058979 0.00657692 0.021381 -0.00385544 0.0132488 -0.0379109 0.00384185 -0.000445501
internal_weight=19021 17511.9 17222.8 1509.11 16173.4 269.376 187.711 74.5534 113.157 289.067 49.5151 15904 96.0342 42.1758 239.552 15808 5096.4 1701.49 10711.6 1227.67 108.026 3394.92 1119.65 96.9977 9483.88 33.4019 9268.19 780.119 272.584 247.653 151.301 96.352 215.695 98.0834 206.673 65.8292 1091.89 25.3698 921.369 87.3813 49.906 3188.24 2605.22 2464.97 825.318 1639.65 62.2928 787.506 596.708 461.983 298.586 163.396 150.309 148.277 190.798 583.026 117.612 170.057 53.9054 46.01 507.536 9174.54
internal_count=815111 805487 785157 9624 667331 16813 14876 7851 7025 20330 6302 650518 26639 10243 14028 623879 282480 124923 341399 32474 4507 157557 27967 4314 308925 1880 299260 45501 21118 19251 9921 9330 9665 4527 19961 2223 26524 1564 79422 4925 4230 137596 126876 122494 58554 63940 4419 52327 26441 19983 12628 7355 7148 5480 25886 10720 5138 3998 556 3587 24383 296563
cat_boundaries=0 1 2 3 4 5 6 7
cat_threshold=33604224 169252 343040 3146241 98661 98 4279400
is_linear=0
shrinkage=0.05


Tree=103
num_leaves=63
num_cat=10
split_feature=1 23 19 4 43 23 21 29 2 22 49 5 33 17 3 27 19 45 43 28 49 12 45 17 21 29 15 49 40 34 34 49 44 29 37 19 31 31 17 15 45 21 37 46 16 31 33 45 46 21 43 30 5 22 32 34 6 23 31 5 8 27
split_gain=19.0289 14.4437 17.2446 17.783 17.1966 28.7585 16.9594 16.1086 15.1523 14.0409 13.3732 12.8936 12.651 12.5631 12.1039 11.7449 14.7651 13.8017 11.9039 15.9597 12.5413 11.9253 13.4416 19.5271 14.5892 11.734 12.5995 11.5005 10.9639 10.6416 17.7737 10.3691 10.3613 10.0322 10.9641 9.55333 12.9439 15.7116 11.7501 9.39851 13.49 11.7937 16.3011 10.761 9.28432 13.1655 10.2838 9.89389 10.8715 14.1308 10.0942 12.965 9.62072 10.4437 9.28298 9.34183 9.07189 10.4918 23.9584 21.8344 9.57259 11.4772
threshold=8.5000000000000018 3.5000000000000004 5.5000000000000009 10.500000000000002 0 44.500000000000007 0.9987146556377412 1.3298791050910952 1.5000000000000002 33.500785827636726 33.50450515747071 0.40168128907680517 2.5000000000000004 0.030488939024508003 0.37724575400352484 33.500000000000007 13.500000000000002 1 2 68.500000000000014 20.666666984558109 3.5000000000000004 3 0.230463981628418 0.98190009593963634 0.45773810148239141 0.55409356951713573 19.772559165954593 1.0000000180025095e-35 0.039323916658759124 0.024143877439200882 14.851549148559572 4 0.84349420666694652 25.500000000000004 18.500000000000004 21.500000000000004 11.500000000000002 0.48912529647350317 0.83974358439445507 5 0.5198425054550172 45.500000000000007 6 0.10102041065692903 18.500000000000004 38.500000000000007 7 8 0.72438931465148937 9 6.5000000000000009 0.08643363788723947 33.858572006225593 3.5000000000000004 0.015141294803470375 16.500000000000004 37.500000000000007 5.5000000000000009 0.073220778256654753 1.5000000000000002 120.50000000000001
decision_type=8 2 2 8 9 2 2 2 10 2 2 8 10 8 10 2 2 9 9 2 2 8 9 10 2 2 10 2 2 10 10 2 1 2 2 2 10 10 10 10 9 2 2 9 8 10 8 9 9 2 9 2 8 2 10 10 10 2 10 10 10 2
left_child=15 -2 6 7 5 13 -3 9 -8 33 14 31 -13 -5 44 16 17 -1 32 -20 21 -21 23 -23 -25 -24 29 -14 -15 30 -27 -11 -17 -4 -35 36 37 38 -18 40 -37 42 -42 -43 45 46 -6 -48 -49 -50 -51 52 -52 -54 55 -34 60 59 -59 -58 -46 -62
right_child=1 2 3 4 10 -7 8 -9 -10 11 -12 12 27 28 -16 18 35 -19 19 20 -22 22 25 24 -26 26 -28 -29 -30 -31 -32 -33 54 34 -36 39 -38 -39 -40 -41 41 43 -44 -45 56 -47 47 48 49 50 51 -53 53 -55 -56 -57 57 58 -60 -61 61 -63
leaf_value=-0.0076471394769377704 0.018619702594516171 -0.04769263483458084 0.018167770045367054 -0.018415563440354235 -0.0058058826228120277 -0.018903024392830963 -0.02317685060751741 0.020407919168169586 0.020453192569060179 0.014217757285001301 -0.018535421749375749 0.012432912017148282 -0.039329950250015733 -0.0015731685820556585 -0.034444138161600274 0.0050430868445577974 -0.049127370812132774 0.015875289255356018 0.018343230668108737 0.03702803945762944 0.029241127549173358 0.040101344556257634 0.01558710819479228 0.0083883820448395329 -0.050764511454444397 -0.012060138679324107 0.0064672019295790297 0.0097943704261670983 0.028632893504341908 0.0070297731368587166 -0.061138951309571678 -0.025302471380572223 0.0062850038090193176 -0.03534715699209412 0.0078312922508279679 0.0048772867533205637 -0.058645707748846199 0.01804603975081024 0.0032683522998939417 0.02330301124402007 -0.082002820343282712 0.0060723681237952387 -0.00090154615271550011 -0.01773967551698917 0.00020403764007891949 -0.025654274070350154 -0.0097146395895193523 0.022155314738337401 -0.026418839746524089 0.014018739294387747 0.025812388112937536 0.025364638829041764 -0.0085748138961896977 -0.059224509965861039 0.0074837472486531387 -0.039365411145131889 -0.050893046368697542 0.015259554559411116 -0.016102730726828374 0.02607655235453122 -0.007834068054826877 0.0080153496513658343
leaf_weight=80.838583127595484 93.410041091148742 32.463222628532094 143.20397812412557 31.482582128519425 979.32991762727033 310.80140015776124 44.206818791572005 179.21466811496066 28.647374985797796 70.046643564943224 96.934326052607503 19.484531252965098 56.680738279028446 53.335159477865091 21.014600914313633 359.14854311419185 21.625720747979358 196.43138993915636 415.32505720295012 13.387447090819476 32.999540987540968 30.951131446752697 24.115438045817427 32.154291385901161 9.7040704991668445 41.186881270841695 31.18117643770529 12.611967578603069 62.351429744827328 15.184587797615675 33.724203393794596 16.47460440848954 13.723973949672652 16.229981165903155 43.676993651519297 206.90896180307027 12.719800838152876 26.860321078915149 16.905883835861459 29.156245821272023 8.8951186587801221 72.678208091645502 11.384940627729518 103.23527119052596 13175.815689220683 62.806915814158856 92.851458533579716 81.094743960551568 32.482686782313976 132.52672356611583 4.8596290706191212 14.28134645250975 25.588803003163775 14.507436214684274 26.717728692339733 35.950496825971641 5.4464248208096242 137.88754924933892 101.17730923686759 105.86535166099202 703.77348242230073 131.95587171521038
leaf_count=872 6490 31887 6877 3778 67330 51744 49351 3799 1287 974 7246 2129 7080 3337 4185 2488 193 1459 2188 45 135 114 124 203 68 286 132 1068 2707 84 390 433 70 603 1054 1854 204 199 111 127 265 527 119 729 397582 7082 3805 2320 1642 2433 100 482 1431 1011 192 454 283 7876 10454 2722 103005 6078
internal_value=4.63066e-05 -0.000481005 -0.000591135 -0.000462645 -0.000762672 -0.0101587 -0.0202958 0.008278 -0.0058091 0.00234206 -0.000482594 -0.00790552 -0.0207832 0.00765495 -0.000366486 0.00478278 0.000103396 0.0092948 0.00807176 0.0121082 0.00261154 -0.00172074 -0.00487433 0.011467 -0.00927861 -0.0130609 -0.0201834 -0.0303314 0.0152187 -0.0292619 -0.0365979 0.00572145 0.00139805 0.0111639 -0.00568838 -0.00493177 -0.0204627 -0.00939743 -0.0284036 -0.00192333 -0.0040111 -0.0128756 -0.045657 -0.00865077 -0.000310287 -0.00413008 -0.00305947 0.00368338 0.00790673 0.00168798 0.0070851 -0.00907963 -0.0232828 -0.0314353 -0.0137537 -0.0273318 7.40968e-05 0.00796336 0.0019284 0.0202846 -0.000125955 -0.00529877
internal_weight=19037.6 17134.5 17041.1 16935.8 16378.2 457.971 105.317 557.624 72.8542 378.409 15920.2 175.298 88.7772 147.169 15823.3 1903.1 787.64 277.27 1115.45 679.914 264.589 231.589 218.202 72.8095 41.8584 145.392 121.277 69.2927 115.687 90.0957 74.9111 86.5212 435.541 203.111 59.907 510.37 78.1117 65.3919 38.5316 432.259 403.103 196.194 20.2801 175.913 15802.3 1440.33 1377.52 398.193 305.341 224.247 191.764 59.2372 44.9559 40.0962 76.3922 49.6745 14361.9 350.377 239.065 111.312 14011.5 835.729
internal_count=815297 801665 795175 712650 688633 61566 82525 24017 50638 20218 627067 11684 10277 9822 619821 13632 6659 2331 6973 3769 1581 1446 1401 385 271 1016 892 8148 6044 760 676 1407 3204 8534 1657 4328 707 503 304 3621 3494 1640 384 1256 615636 87636 80554 13224 9419 7099 5457 3024 2542 2442 716 524 528000 21335 18330 3005 506665 109083
cat_boundaries=0 1 2 3 4 5 6 7 8 9 10
cat_threshold=34817 1470509 10368 131168 20 816225 233761 202756 69637 327744
is_linear=0
shrinkage=0.05


Tree=104
num_leaves=63
num_cat=10
split_feature=14 26 49 17 5 25 45 49 46 19 26 35 5 21 45 11 5 48 37 29 23 22 46 49 45 49 45 48 25 45 20 18 37 20 20 48 29 30 22 45 12 46 48 16 49 24 19 48 22 11 32 45 16 48 22 16 23 49 19 22 30 34
split_gain=19.4714 24.1628 13.9972 13.6117 11.1099 16.3324 19.779 17.3279 17.037 15.8416 14.3369 13.4548 13.9557 13.7382 12.8739 14.1565 12.4277 13.0434 12.1625 12.0254 11.1072 19.7132 16.3089 17.3196 15.4953 12.9106 24.205 12.5778 11.9868 11.218 15.2297 11.0718 15.4575 21.9003 19.2313 16.5583 11.7008 11.516 11.0232 11.6447 10.9154 10.8886 13.5584 12.0994 10.8685 10.7935 11.6652 15.6493 23.3585 13.7863 19.8433 13.0993 14.5879 12.4398 16.1505 12.2493 11.2092 15.2538 10.6785 10.5992 10.5265 10.4109
threshold=1.0000000180025095e-35 3.5000000000000004 27.324561119079593 0.66145834326744091 0.18730541318655017 29.500000000000004 0 2.7049827575683598 1 142.50000000000003 12.500000000000002 0.98304599523544323 0.12199303880333902 0.65408694744110119 2 30.500000000000004 0.15936047583818438 1.0875264406204226 23.500000000000004 0.60448384284973156 24.500000000000004 35.048002243041999 3 1.4255323410034182 4 0.5108928680419923 5 0.79348760843276989 78.500000000000014 6 0.01688212621957064 0.6264534890651704 23.500000000000004 0.032327005639672286 0.033158386126160629 1.6996192336082461 1.603030323982239 3.5000000000000004 36.512498855590827 7 7.5000000000000009 8 0.72042569518089306 0.36939570307731634 19.425271987915043 1.0000000180025095e-35 223.50000000000003 2.3242299556732182 31.407337188720707 8.5000000000000018 1.5000000000000002 9 0.24357284605503085 1.1757273077964785 41.453687667846687 0.5577777922153474 25.500000000000004 8.6928329467773455 547.50000000000011 29.480176925659183 15.500000000000002 0.01354279648512602
decision_type=2 2 2 10 10 2 9 2 9 2 2 10 10 2 9 8 10 10 2 2 2 2 9 2 9 2 9 10 2 9 2 10 2 2 2 10 2 2 2 9 8 9 10 10 2 2 2 10 2 10 10 9 10 10 2 10 2 2 2 2 2 10
left_child=1 -1 4 -4 5 6 8 -8 -3 10 -6 45 13 18 15 31 -14 -18 -13 -12 21 22 23 -2 -24 26 -22 -26 -25 -23 -31 32 33 -15 35 44 -33 -35 58 60 -28 42 -9 -43 -34 46 47 55 -49 -48 51 -51 -53 54 -52 -7 -57 -58 -11 -16 -40 -37
right_child=20 2 3 -5 9 11 7 41 -10 38 19 12 16 14 59 -17 17 -19 -20 -21 25 29 24 28 27 -27 40 -29 -30 30 -32 36 34 37 -36 61 -38 -39 39 -41 -42 43 -44 -45 -46 -47 49 48 -50 50 53 52 -54 -55 -56 56 57 -59 -60 -61 -62 -63
leaf_value=-0.029106810316236038 -0.015865826190148178 -0.027870194873583762 -0.016846963781126253 0.013102018476078559 -0.018257607786691523 0.0013232708366425648 0.014072927302604466 -0.023021598908966042 -0.0010463379672826149 -0.0060642121144305026 0.035106449233111528 0.002884393803435502 0.026639101737019145 0.020027727339211369 0.016290824834738097 0.010369307546081175 -0.042938678863343543 0.017719254274044641 -0.023132531114544108 0.010582603485745154 0.024306703086382501 0.0041414289319754221 -0.028275224650844782 0.022297909790298547 -0.025559302047291663 0.00046667173774924499 0.027119107702279752 0.013540491205845009 -0.0040909779223416527 -0.042781374611246148 -0.0041622265445986966 -0.041899584289006732 -0.0089187187489857423 -0.034140738877178806 0.0016323863211484453 -0.013189087585255971 0.013871381488848028 0.0011843750397468704 0.026950261991984983 -0.0079455317670877098 -0.039702697835972058 -0.032939379811366902 0.012934680648732065 -0.00717790216530724 -0.037356618369805604 -0.029386606370413567 0.0012214899749032151 0.012873865939173765 -0.021942636709000537 0.00082539487960406647 -0.028864907087050563 -0.01370817389063598 0.0062294652603334085 -0.0061323251688566874 0.012134758621008712 0.010552967553098851 0.01312548003250996 -0.016157950987865065 0.016699862046257018 -0.0096696773305708968 -0.0081920372699486026 -0.068908508044393579
leaf_weight=73.100525920857763 33.637881904607639 171.69306950202736 235.57971571048256 41.202829107351135 30.657186618394917 2611.6472423181112 119.15839823789429 28.200650975399185 99.625644069223199 508.3329485085851 59.048676306731068 59.392299410508713 61.508257703273557 124.81185156156425 36.921649365656776 242.51016831456218 11.912877469731031 14.406919282628222 167.17766693752492 269.78815875551663 116.0462857435341 412.14558978448622 27.928725896112155 405.24055352853611 20.424569769296795 4344.354634071351 3.9909503194503486 106.44990877027158 46.495068173389882 26.392567235976458 144.22405933169648 5.3022562017140435 351.62776016807766 30.240308556007221 280.82426457214751 17.990816369536333 129.15812244746485 65.891246137791313 94.153924450511113 55.58893409447046 23.53073038766161 46.302876712055877 122.43804827990243 469.1089770355029 33.134003381928778 25.842569481930695 2292.3332698676386 67.338431462645531 143.49872189643793 1245.9388166834251 165.07302872772561 372.05588558805175 117.97424733999651 241.99516760988627 25.123581753228791 765.44910761344363 73.885948626091704 97.30217331222957 52.435421531437896 798.05587279058818 24.622446286550257 17.594327116501518
leaf_count=102328 534 38180 20092 2297 5281 63895 10522 5026 20952 33882 4548 4151 1535 4311 973 10638 792 369 16708 11489 1921 4107 740 3749 733 107730 5 1258 439 915 1878 515 19801 1171 9504 726 3430 2106 3214 3676 1043 8735 12860 64943 3049 4910 43834 2135 6556 23141 15986 9686 3456 12157 1118 20205 2457 4492 1207 43925 1651 1040
internal_value=-0.000320963 -0.00137651 -0.001211 -0.0122353 -0.000968785 -0.00141801 -0.00733357 -0.0030763 -0.0185916 0.003838 0.0123609 -0.000830414 -0.00408096 -0.00481979 -0.00355515 -0.000397492 0.0149672 -0.0122076 -0.0163975 0.0154462 0.00211696 0.00633103 0.012352 0.0166352 -0.00208811 0.000962871 0.0154568 0.00605643 0.0195668 -0.000331985 -0.0105816 -0.00290968 -0.00487334 0.00655327 -0.00849484 -0.0152003 0.0102488 -0.0110665 -0.00038521 0.0104183 -0.0209051 -0.00627219 0.00533715 -0.00960196 -0.0118155 0.000136713 0.000247344 0.00229756 -0.0107821 -0.00148113 -0.00433478 -0.00193106 -0.00871767 -0.0138572 -0.023277 0.00308883 0.0079786 -0.00350522 -0.00380685 -0.0083324 0.0181613 -0.0458337
internal_weight=18905.8 13195 13121.9 276.783 12845.1 11750.4 1056.53 785.209 271.319 1094.63 359.494 10693.9 2448.46 2360.63 2134.06 1299.09 87.8281 26.3198 226.57 328.837 5710.86 1222.94 640.177 485.374 154.803 4487.92 143.568 126.874 451.736 582.762 170.617 1056.57 922.115 220.943 701.171 420.347 134.46 96.1316 735.134 174.365 27.5217 666.051 150.639 515.412 384.762 8245.46 8219.62 3759.12 210.837 4460.49 2168.16 1735.97 490.03 432.192 190.197 3548.28 936.637 171.188 560.768 834.978 118.776 35.5851
internal_count=814707 689655 587327 22389 564938 499990 161218 102086 59132 64948 21318 338772 124744 122048 101189 56291 2696 1161 20859 16037 125052 14353 7453 4722 2731 110699 2969 1991 4188 6900 2793 45653 41708 7588 34120 24616 3945 3277 43630 8541 1048 91564 17886 73678 22850 214028 209118 99740 8691 109378 65544 36283 13142 29261 17104 91049 27154 6949 35089 44898 4865 1766
cat_boundaries=0 1 2 3 4 5 6 7 8 9 10
cat_threshold=38950 253954 262574 68790 393345 493642 1248139 401578 677328 335968
is_linear=0
shrinkage=0.05


Tree=105
num_leaves=63
num_cat=7
split_feature=1 33 24 1 4 33 5 34 18 6 16 49 49 46 18 26 35 29 17 47 45 10 37 34 3 35 49 45 37 30 33 34 29 42 10 22 19 28 25 4 45 17 19 21 5 22 34 19 28 17 15 1 17 49 29 10 22 48 46 21 10 45
split_gain=18.0315 19.2602 12.0712 12.4508 11.5255 11.1462 16.4706 15.7739 13.9881 10.053 14.237 15.1853 15.0565 11.6636 13.7909 10.9151 10.2691 10.1985 17.8337 10.1708 10.7584 13.0608 10.7752 12.003 10.6131 10.1388 10.0715 10.9531 16.2662 14.6322 13.4879 14.0369 13.2192 12.6997 16.6869 11.1184 10.5397 9.91476 9.70391 9.4881 9.46107 12.5847 12.093 10.3863 9.43834 9.416 9.79335 9.76679 12.3256 9.71035 9.59729 9.35211 9.54282 16.5972 18.3138 15.0352 14.5675 26.8888 19.8315 15.7232 14.3317 14.0369
threshold=1.5000000000000002 1.5000000000000002 14.500000000000002 42.500000000000007 3.5000000000000004 19.500000000000004 0.7451707422733308 0.02822474762797356 0.42558647692203527 16.500000000000004 0.74574315547943126 4.1097259521484384 6.680164337158204 0 0.15410428494215014 28.500000000000004 1.0000000180025095e-35 2.5431674718856816 0.39173060655593878 1 2 5.5000000000000009 21.500000000000004 0.023565913550555709 0.36518038809299475 0.050641026347875602 0.83333301544189464 3 46.500000000000007 13.500000000000002 9.5000000000000018 0.033629912883043296 1.643346428871155 1.0000000180025095e-35 3.5000000000000004 39.003290176391609 105.50000000000001 26.500000000000004 72.500000000000014 2.5000000000000004 4 0.11043360456824304 86.500000000000014 0.090580899268388762 0.57809725403785717 34.062114715576179 0.025698925368487838 54.500000000000007 5.5000000000000009 0.12922201305627826 0.62019231915473949 54.500000000000007 0.15751879662275317 3.373559951782227 1.6398198008537295 1.5000000000000002 30.152606010437015 2.1926314830780034 5 0.16921848058700564 1.5000000000000002 6
decision_type=8 8 2 10 8 10 8 10 10 10 10 2 2 9 10 2 8 2 8 9 9 10 2 10 10 10 2 9 2 2 10 10 2 2 10 2 2 2 2 8 9 10 2 2 8 2 10 2 2 10 10 10 10 2 2 8 2 10 9 2 8 9
left_child=-1 39 4 -4 5 -3 7 8 -7 13 11 -11 15 14 16 -13 -6 -18 -19 26 21 22 -21 -24 51 -16 -15 28 30 32 31 -28 -30 35 -35 -32 -31 -27 -14 -2 41 42 -12 -42 -26 50 -47 48 -48 -49 -25 52 55 56 61 -22 -54 58 -58 60 -60 -55
right_child=1 2 3 -5 9 6 -8 -9 -10 10 40 12 38 19 25 -17 17 18 -20 20 24 -23 23 45 44 37 27 -29 29 36 33 -33 -34 34 -36 -37 -38 -39 -40 -41 43 -43 -44 -45 -46 46 47 49 -50 -51 -52 -53 53 54 -56 -57 57 -59 59 -61 -62 -63
leaf_value=0.0073851631451882054 0.020413868074473346 0.018086412922613464 -0.035288651959197677 0.015638722936698372 0.017847344078842347 -0.066156457324002924 0.019849221984399021 0.010367931453298278 0.0023734122377370697 -0.03878536326667683 0.019805627493536183 -0.027508828947724259 -0.017831246607443924 -0.045699768745381668 -0.0090208927253046332 0.038613845976010704 0.0045616882277872946 -0.043470969902967234 0.0046424271893021254 -0.026604642537166757 -0.032166160236399288 -0.040293289906114353 0.0020869300342225318 -0.025736897283644283 -0.055868982240516479 0.048673752775153706 -0.0016646439897012562 0.023811276297668944 -0.013011950803053549 0.012763898747062463 -0.037409035516122513 0.030953901465888813 0.019299294805250389 -0.046125269015009636 0.024804074447093271 0.0064916088558308153 -0.047874767993565687 0.01159171893370379 0.017613058368822276 -0.007613558493795085 -0.031294836568641786 0.012346203293840003 -0.044777160482809469 0.029794833410957445 -0.0091892973411604479 -0.033305621415852388 -0.036682688939642015 0.0052983819926924625 0.028927360737287484 -0.035696792535119419 0.015401188932461946 -0.047176041326430738 -0.007708028763950635 0.018099577408410929 0.0051933857466981044 -0.0013181739336760104 -0.0080195570754281516 -0.040833714611474128 0.033082838685114191 0.017423785688232992 -0.033917133503968092 -0.002870729772440044
leaf_weight=726.06743618616019 26.346479701307544 160.56651430610509 41.048689827559429 12.965153022785669 77.085121894982876 17.372892478248108 36.425883455754956 20.126274648588151 10.657101709861307 21.505490581330378 7.3449894891236935 3.8354003168642512 64.669665021705441 4.6980423147615502 16.398007589203189 30.524378267815337 151.04398115679214 30.801028227375355 39.822984212776646 51.25553947588196 34.673000793438405 23.575446423783433 364.52307959875907 115.28567382464826 10.151875519193707 37.538174827132025 210.25688633626851 60.879748810621095 32.720449257831206 9.418485624133611 13.373420205942237 34.025036945095053 244.03753187658731 42.363668113132007 6.7376160761341444 62.573142575536622 12.090356795582919 38.419634682068136 22.21589646639768 1119.7104214731517 3.452817279554437 90.060553486226127 16.924286445428152 109.8432684931322 47.903410697770596 15.498448231926885 4.0347530363433171 37.913234932348132 42.542219224778819 17.337454806809546 12.739432093803769 5.7594510244671246 128.80511395276699 67.499687926232582 1154.1860736256349 9654.3878933231754 100.94334173688549 20.096028243715409 6.5046506067737937 575.97208215869614 24.415216858222269 2729.7120965258073
leaf_count=3985 2233 5468 52840 1124 4708 518 2575 217 151 2030 350 694 6958 364 717 784 11680 2868 1587 8252 725 3713 32422 16657 487 621 3266 3097 1707 241 1115 765 1681 1901 92 1088 392 976 396 119589 468 4911 1929 3698 8752 2208 1233 4505 1993 1715 594 618 5207 2024 33908 288744 4345 1141 24 14669 1823 129135
internal_value=-0.000314248 -0.000623596 -0.000200676 -0.0227751 -0.000122208 0.0105311 -0.00402057 -0.0222447 -0.0436861 -0.000281315 0.00780909 -0.00448245 0.00289705 -0.000466691 0.00790275 0.028676 0.0027279 -0.0028076 -0.0178279 -0.000678475 -0.000956952 -0.00701485 -0.00563993 -0.00367599 -0.000665164 0.0244543 0.00501531 0.00572005 0.00349947 0.0121387 -0.00345295 0.00340839 0.0153161 -0.0164724 -0.0349996 -0.00307207 -0.0239226 0.0317919 -0.00830317 -0.00688337 0.0154481 0.00337455 -0.0251871 0.0246088 -0.0211349 -0.0121087 -0.00170746 0.00443562 0.0202387 -0.00946055 -0.0212183 -0.000576427 -0.000541655 0.00127852 -9.25126e-05 -0.0014451 0.00756578 0.0103026 0.0120306 0.0152851 -0.0171792 -0.00227896
internal_weight=18911.7 18185.6 17039.5 54.0138 16985.5 245.149 84.5822 48.1563 28.03 16740.4 370.377 142.751 121.245 16370 391.109 34.3598 298.753 221.668 70.624 15978.9 15245.7 684.705 661.13 609.874 14561 92.3558 733.174 728.476 667.597 298.267 369.33 244.282 276.758 125.048 49.1013 75.9466 21.5088 75.9578 86.8856 1146.06 227.626 114.33 24.2693 113.296 58.0553 245.351 117.326 101.828 46.577 55.2507 128.025 14503 14497.2 4808.13 3951.4 9689.06 856.736 727.931 707.835 606.892 30.9199 2797.21
internal_count=814678 810693 688871 53964 634907 8929 3461 886 669 625978 22218 10862 8832 603760 23157 1478 20843 16135 4455 580603 564894 73292 69579 61327 491602 2314 15709 15345 12248 4021 8227 4031 3388 4196 1993 2203 633 1597 7354 121822 11356 7190 2279 4166 9239 28905 11654 9446 3226 6220 17251 482363 481745 192276 165067 289469 27209 22002 20861 16516 1847 131159
cat_boundaries=0 1 2 3 4 5 6 7
cat_threshold=33824 295047186 563201 66348 365613 73856 1066496
is_linear=0
shrinkage=0.05


Tree=106
num_leaves=63
num_cat=9
split_feature=1 33 10 16 29 49 2 24 36 47 8 48 45 26 33 5 21 35 37 37 48 35 22 1 20 48 48 29 34 45 6 1 45 22 0 33 12 22 17 15 35 26 45 48 19 27 28 37 34 15 21 45 37 33 32 17 43 17 36 45 32 45
split_gain=23.7578 16.7372 14.6616 16.3128 13.8569 12.1607 10.2168 14.7342 15.8416 17.4795 15.9976 15.5396 13.2496 15.9038 13.4254 17.0974 12.9481 19.8726 19.5399 12.8859 15.8416 12.8248 12.7757 12.6024 12.7952 12.2687 12.3692 11.7622 11.5965 12.7031 11.4424 11.2637 11.0774 12.7198 11.6941 10.716 10.588 10.3483 10.315 10.2203 14.5234 23.0125 16.023 15.5456 15.9551 14.0352 16.4446 12.781 12.7 15.1254 12.1456 11.817 16.7309 15.4525 12.0738 11.5727 11.1385 12.7173 13.7033 14.7452 13.1731 12.623
threshold=2.5000000000000004 2.5000000000000004 7.5000000000000009 0.82247900962829601 1.717357933521271 34.945779800415046 1.5000000000000002 1.0000000180025095e-35 5.5000000000000009 0 4.5000000000000009 0.23738195002079013 1 28.500000000000004 19.500000000000004 0.3259591013193131 0.96130812168121349 0.30217391252517706 35.500000000000007 26.500000000000004 1.1067461967468264 0.99342104792594921 29.480176925659183 15.500000000000002 0.033286187797784812 0.97752782702445995 1.032311022281647 0.55625879764556896 0.021165549755096439 2 4.5000000000000009 13.500000000000002 3 32.593484878540046 1.0000000180025095e-35 5.5000000000000009 4.5000000000000009 44.314144134521491 0.045715779066085822 0.25611211359500891 0.78019323945045482 10.500000000000002 4 0.97752782702445995 159.50000000000003 63.500000000000007 78.500000000000014 59.500000000000007 0.020719046704471115 0.59474733471870433 0.76910385489463817 5 27.500000000000004 18.500000000000004 3.5000000000000004 0.095564253628253951 6 0.17274536192417148 15.500000000000002 7 1.5000000000000002 8
decision_type=8 8 8 10 2 2 10 2 2 9 8 8 9 2 8 8 2 8 2 2 10 10 2 10 2 10 10 2 10 9 10 10 9 2 2 10 8 2 10 10 10 2 9 10 2 2 2 2 10 10 2 9 2 10 10 10 9 10 2 9 10 9
left_child=-1 2 3 4 -2 6 7 11 9 10 -9 -3 13 -12 38 21 23 18 19 -18 -21 -16 -20 31 -25 -11 -27 30 29 35 -19 -13 33 -30 -35 -29 -31 39 -14 56 41 48 -43 -44 47 50 -47 55 49 -41 -42 52 -52 54 -54 -45 57 58 59 60 -8 -58
right_child=1 5 -4 -5 -6 -7 37 8 -10 25 12 16 14 -15 15 -17 17 27 22 20 -22 -23 -24 24 -26 26 -28 28 32 36 -32 -33 -34 34 -36 -37 -38 -39 -40 40 45 42 43 44 -46 46 -48 -49 -50 -51 51 -53 53 -55 -56 -57 61 -59 -60 -61 -62 -63
leaf_value=0.0076875840771382254 -0.016326495137642266 -0.030499463700358498 -0.0079297234222309946 0.016565662214487409 0.011283909599309189 -0.019352903830303907 0.019925275223622672 -0.038857673597136676 -0.023839778396187852 -0.037959546541801212 0.019413781026541135 0.00095846959189630886 -0.02378940847579071 -0.02679968210226796 -0.013990967358976673 -0.020065896531450175 -0.01576944537577232 -0.036177323783899942 0.01104640359880537 -0.03227019880510526 0.017416912203333093 0.021476819334733069 -0.038598867646644386 0.022125471766986583 -0.02678565141705383 0.02171648332344114 -0.017397438017277157 -0.0079566722930637258 0.02825629094548085 -0.023820286802423818 0.0029075232406069666 -0.048099584939233692 0.00013997783425867587 0.0077657492954287437 -0.043315893241814445 -0.031928379309951953 0.0004941349268178509 0.020513689820718595 0.0067534875391924605 -0.044524909500410777 0.012245146887250993 0.014009239938661622 -0.015280953941268797 0.010588519233845829 -0.012741826618880518 0.029235434964236341 8.7895009327591594e-05 0.013117609212753074 0.021888728890657339 0.0221069625066454 -0.029956196914283192 -0.017865064702884327 0.034478194066063707 -0.030323249463774671 -0.028142047540618331 -0.092628032249615841 0.008631001591855432 0.019118737227374581 -0.039659630183252227 0.012507879972495013 -0.049473878824597251 -0.0061674951497833579
leaf_weight=979.30590672016842 112.79835730005288 35.917072146490682 1174.4314225810631 140.4086941992864 69.5480204699561 74.386872704824782 6.6258506176527616 21.281396218895679 105.28102270963427 52.539022586381179 141.2222242599928 11019.699505840676 25.486362011153687 16.903066120226867 41.027894443424884 172.98417165700812 129.22847456243471 40.980857218528399 12.811887496412963 15.080699585145338 78.009766099712579 52.811247931880644 88.11279116361402 109.8187497574836 10.867186438757924 21.731264042588009 81.884388136699272 193.82389325520489 80.252552216639742 42.533364496426657 30.419300356414169 6.7145276940427712 749.65142970145098 180.09451386085129 6.97447884408757 58.806549486966105 768.34953775614849 83.660238702083007 301.68593532281375 15.358439367846588 82.836979849264026 18.319489302113652 59.074008825933561 1.9361485233530462 17.938581800903194 84.374319731257856 105.59251966141164 2.3812759071588507 51.685914264293388 10.610340111656113 20.382303015096113 136.98133963765576 52.861579470802099 9.9718634879682195 5.0624598687281823 24.027350294869393 275.19501301390119 263.41378069424536 13.107359927380456 136.07329838350415 17.296458719822112 272.00153227685951
leaf_count=5538 4676 4905 148009 3231 1366 6872 94 5647 22638 16028 21453 311030 15306 2681 4914 39243 10250 4881 867 1758 3960 3671 9733 808 162 1234 13250 10737 3139 687 3103 98 35521 9619 81 5766 18294 1374 29649 913 1386 163 1006 10 282 719 1047 21 1192 196 558 2626 457 428 213 645 4710 4105 293 2357 932 8205
internal_value=0.000123292 -0.000289552 -0.00534276 0.00404799 -0.00577562 0.000169499 0.000263577 -0.000168879 -0.00590633 -0.00375852 -0.000503982 0.000267834 0.000824034 0.0130064 -0.00267299 -0.0109401 0.000360117 -0.00290766 -0.0143681 -0.00580217 0.00813296 0.00604646 -0.0320727 0.00108668 0.0168309 -0.0182012 -0.00857203 -0.00115683 -0.000448178 -0.00408917 -0.0204251 0.000906808 0.00336082 0.0117867 0.00478324 -0.0135232 -0.000908264 0.00385034 0.00405195 0.00296377 -0.00165134 -0.0128127 -0.0258251 -0.0314885 -0.0548084 0.00294291 0.0134516 -0.0755284 0.00822001 -0.0181267 -0.00364791 -0.00963141 0.00481642 0.0172546 0.027204 -0.0844641 0.00623675 0.01203 0.0016846 0.00617085 -0.0223893 0.00130665
internal_weight=19010.6 18031.3 1497.19 322.755 182.346 16534.1 16459.8 14693 1034.84 929.557 773.402 13658.1 752.121 158.125 593.996 266.823 13622.2 2475.13 323.244 222.319 93.0905 93.8391 100.925 11147.1 120.686 156.155 103.616 2151.89 2080.49 1063.51 71.4002 11026.4 1016.97 267.322 187.069 252.63 810.883 1766.77 327.172 1683.11 699.395 201.332 123.677 105.357 46.2834 498.063 189.967 28.3448 77.6547 25.9688 308.097 225.26 88.2782 67.8959 57.924 25.9635 983.713 436.517 173.103 159.996 23.9223 547.197
internal_count=814737 809199 157282 9273 6042 651917 645045 611113 175714 153076 122564 435399 116917 24134 92783 47828 430494 118396 26568 15968 5718 8585 10600 312098 970 30512 14484 91828 83844 35484 7984 311128 48360 12839 9700 16503 18981 33932 44955 32558 11862 4428 2127 1964 958 7434 1766 676 2301 1109 5668 4282 1656 1098 670 655 20696 7781 3676 3383 1026 12915
cat_boundaries=0 1 2 3 4 5 6 7 8 9
cat_threshold=187983889 1602178 32910 1318 548866 557378 106560 294912 1448
is_linear=0
shrinkage=0.05


Tree=107
num_leaves=63
num_cat=14
split_feature=1 13 21 16 4 48 8 45 28 19 28 22 18 45 21 34 47 47 35 46 3 49 48 31 17 28 16 47 1 49 19 45 19 7 22 35 7 47 49 49 37 31 16 30 5 16 45 19 29 29 20 32 45 45 46 46 46 2 22 6 22 36
split_gain=21.4688 12.1396 15.3466 9.73229 15.9545 12.2547 10.9724 15.6324 20.7395 16.428 15.603 15.6965 12.0211 16.5602 18.4859 17.5042 11.7443 11.3096 10.9901 13.8247 13.2335 10.6943 15.6629 10.2442 12.491 9.97912 9.81074 9.73348 12.0294 9.92468 9.52853 9.45874 10.3843 9.28555 9.18956 9.1088 8.95005 14.8336 8.86058 9.15774 8.85852 8.82314 8.64975 11.5824 11.3742 8.54402 27.7648 12.6507 12.084 10.0237 18.8982 15.256 21.2143 12.5554 14.2732 12.3559 11.7881 11.0088 10.5898 10.4966 10.2766 13.8367
threshold=3.5000000000000004 3.5000000000000004 0.71245914697647106 0.11200716719031335 3.5000000000000004 0.35118059813976293 1.5000000000000002 0 84.500000000000014 23.500000000000004 21.500000000000004 29.243430137634281 0.57321429252624523 1 0.51243677735328685 0.021017166785895828 2 3 0.17156863212585452 4 0.36227181553840643 17.280166625976566 1.1001007556915285 4.5000000000000009 0.73993557691574108 69.500000000000014 0.17521929740905764 5 39.500000000000007 6.9978065490722665 18.500000000000004 6 69.500000000000014 0.96419548988342296 34.471706390380866 0.96108418703079235 0.88175359368324291 7 10.224456787109377 23.973844528198246 62.500000000000007 5.5000000000000009 0.96396103501319896 7.5000000000000009 0.19141634553670886 0.16152751445770266 8 233.50000000000003 2.2207002639770512 1.0291372537612917 0.040082411840558059 3.5000000000000004 9 10 11 12 13 17.500000000000004 35.930246353149421 1.5000000000000002 32.593484878540046 12.500000000000002
decision_type=8 2 2 8 10 10 10 9 2 2 2 2 10 9 2 10 9 9 10 9 8 2 10 10 10 2 10 9 10 2 2 9 2 10 2 10 10 9 2 2 2 10 10 2 8 8 9 2 2 2 2 10 9 9 9 9 9 10 2 8 2 2
left_child=-1 3 -3 4 5 -2 12 33 9 30 -11 -12 27 14 26 -16 -15 -17 19 25 -20 -7 40 24 -10 -13 -14 28 29 -5 -9 41 -33 -8 -35 -32 37 -22 -31 -40 -23 -24 -39 44 -44 46 -29 48 -48 50 53 56 -53 54 -47 60 -52 59 -58 -51 61 -55
right_child=1 2 -4 6 -6 21 7 8 23 10 11 18 13 16 15 17 -18 -19 20 -21 36 22 31 -25 -26 -27 -28 45 -30 38 35 32 -34 34 -36 -37 -38 42 39 -41 -42 -43 43 -45 -46 49 47 -49 -50 57 51 52 -54 55 -56 -57 58 -59 -60 -61 -62 -63
leaf_value=0.006559589082861291 -0.035853162824332381 -0.013004706341164941 0.022631730896337854 0.018127003114641525 -0.039848853348697005 -0.001351430572766244 -0.021098087622679222 -0.002317005906758342 -0.028078758097190411 -0.034847120344764705 0.02648788751409701 0.018521025927845956 0.019845666481671399 -0.0080952595657369179 0.022852112052198555 0.011510344858709574 0.0090001299088494826 -0.01861965013755287 0.02987744352336907 -0.022994540047139231 0.013383294823407877 -0.039382645579042475 0.017165903082873035 0.025107922928245985 0.01510613902957203 -0.028378431234097806 -0.045400259992502516 -0.034672545987628318 -0.044159548335102258 -0.014324919958184995 -0.0033446184674420388 0.020987983069760338 -0.036345465312969713 0.017823008038093596 -0.029061391191335974 0.039471970830016898 -0.035223233037765041 -0.028518877968708112 0.011879643251169952 -0.034205711315322018 0.0033492902942963603 -0.015405404430737813 0.030631166326682158 0.033752286309026207 -0.034772110002766789 0.0072481751220841431 0.033203859048676419 -0.0058425626147636748 -0.0073200815638816757 0.016422428610966579 0.013993423336692588 0.017682074970987571 -0.026085699815383379 -0.018500357729498988 -0.021192309447681107 -0.0049167035467582356 0.0040919450965322185 0.036652704955905682 -0.032840987427345605 -0.00017010683585962587 0.0097059254267731002 0.031417035300511958
leaf_weight=1138.5146889918833 24.090970215402194 37.196331202285364 110.54428151831962 162.9899552100178 26.22217100808848 1276.0977203723378 199.32107868303137 66.701880251959665 21.722342274413677 52.840935096639441 27.808268146793125 82.696099195833085 3.8491198250412699 102.70716983583407 50.161912747651513 34.635990813665558 951.9618997034413 91.04360115747113 10.504065353656186 24.63793728678138 36.470217368623707 58.38933538942365 61.945360576995881 88.141985578433378 39.866163341503125 8.5036551113007572 34.402656412101351 16.714235228151665 5.9719320768490425 57.030605513471528 17.438272913801484 6.6481156623267443 29.638952919049188 30.875991319131572 9.8328427615051606 32.676947009720607 56.984975149913225 91.405344314378453 128.09566343315964 6.9188682052772483 14.077851566718889 25.663467580423458 4.8214344037696719 11.476928186544681 19.322896918369228 52.403549165086588 96.774255936266854 39.341966732288711 20.499100449116668 91.243475169758312 325.94381995512231 31.924219166205148 62.087906305132492 71.596530231796351 195.48617831484444 2283.357447595401 62.579436660194915 15.517395851435138 22.562846410903148 9875.5978361023444 275.31335452180792 12.231806857067566
leaf_count=6859 4622 504 909 6912 34989 70685 35771 7807 1658 13770 2566 8405 80 3629 1588 1155 27002 4280 155 4024 4858 8543 3404 4910 1088 876 2835 2167 697 3294 2150 715 3225 2435 1292 2061 8170 19784 6243 1189 1452 2676 117 1399 3582 5720 4125 2237 1632 1233 14945 1733 5320 9239 28823 129226 3558 241 2735 257806 19092 625
internal_value=-8.13238e-05 -0.000508157 0.0135276 -0.000629526 -0.00444354 -0.00369256 -0.000267857 -0.00551282 -0.00151532 -0.00608134 -0.0106051 -0.0067719 5.65634e-05 0.00470577 -0.00766446 -0.000788542 0.00724515 -0.0107375 -0.0097772 0.00272724 -0.015973 -0.00304682 -0.0137575 0.014645 -0.00108991 0.0116856 -0.0372996 -0.000368973 0.00756765 0.00924912 0.0102285 -0.00261997 -0.0197808 -0.0160861 0.00455831 0.0256215 -0.0187715 -0.0121623 0.00144562 0.00838081 -0.0314009 0.00659587 -0.0192792 0.00027615 -0.0186972 -0.000588269 0.0102841 0.0170939 0.0261107 -0.000733366 -0.00307789 0.00580503 -0.0119296 -0.00463754 -0.0151095 -0.00355798 0.00995542 6.52637e-05 -0.00627767 -1.00489e-05 0.00493131 -0.00985824
internal_weight=18924 17785.5 147.741 17637.8 1522.77 1496.55 16115 934.05 694.02 544.29 427.473 374.632 15180.9 1268.76 214.093 175.842 1054.67 125.68 346.824 115.838 230.986 1472.46 196.363 149.73 61.5885 91.1998 38.2518 13912.2 361.007 355.035 116.817 123.896 36.2871 240.03 40.7088 50.1152 220.482 163.497 192.045 135.015 72.4672 87.6088 127.027 35.6213 24.1443 13551.2 173.33 156.615 117.273 13377.8 3395.49 505.098 94.0121 2890.39 247.89 2642.5 411.086 9982.36 85.1423 9966.84 359.142 83.8283
internal_count=814822 807963 1413 806550 130311 95322 676239 126878 87380 79724 67706 53936 549361 40569 9938 7023 30631 5435 51370 13305 38065 90700 20015 7656 2746 9281 2915 508792 18335 17638 12018 10020 3940 39498 3727 4211 37910 29740 10726 7432 9995 6080 24882 5098 3699 490457 10161 7994 5757 480296 221016 28291 7053 192725 34543 158182 21238 259280 6293 259039 28956 9864
cat_boundaries=0 1 2 3 4 5 6 7 8 9 10 11 12 13 14
cat_threshold=362496 6217 67141969 69238929 92354 300353632 131296 4194753 571778 672000 705028 28993 191392 43127
is_linear=0
shrinkage=0.05


Tree=108
num_leaves=63
num_cat=11
split_feature=1 33 29 45 17 46 12 37 22 45 15 22 19 5 34 25 23 11 5 23 7 20 49 16 19 48 48 47 26 45 1 45 34 5 1 17 35 37 40 4 46 43 18 5 34 45 25 19 35 7 28 37 22 33 45 48 49 49 46 33 11 49
split_gain=13.0061 14.5121 11.4395 10.9977 15.924 10.8973 17.0351 15.5039 21.9387 18.0146 17.8801 13.7838 13.087 12.1428 11.7129 11.4193 10.7689 10.6113 10.5845 10.4575 10.8137 10.3403 10.4121 10.2977 10.2667 19.9816 23.5152 21.4618 18.9634 14.7407 13.2375 13.0282 13.4079 12.7596 12.5005 15.4415 12.6957 16.8949 12.1211 12.0492 11.8976 11.6601 11.5759 13.49 13.2659 11.5749 11.7076 11.5744 11.5488 12.1006 11.4436 15.1428 11.5254 15.5118 11.4257 15.2961 15.3285 14.4855 13.4254 14.1088 13.1498 11.9623
threshold=1.5000000000000002 1.5000000000000002 3.6772093772888188 0 0.015877015888690952 1 1.5000000000000002 24.500000000000004 30.876605987548832 2 0.067075666040182128 28.751505851745609 143.50000000000003 0.075224820524454131 0.030493007972836498 1.5000000000000002 8.5000000000000018 19.500000000000004 0.47704295814037329 12.500000000000002 0.82987064123153698 0.011583273299038412 23.322660446166996 0.83503401279449474 86.500000000000014 0.79892820119857799 1.6006071567535403 3 109.50000000000001 4 32.500000000000007 5 0.032171228900551803 0.15274555236101153 14.500000000000002 0.080229885876178755 0.86515152454376232 28.500000000000004 1.0000000180025095e-35 11.500000000000002 6 7 0.3483316451311112 0.12544980645179751 0.020328087732195858 8 13.500000000000002 11.500000000000002 0.86515152454376232 0.68776980042457592 133.50000000000003 19.500000000000004 34.062114715576179 10.500000000000002 9 0.87771689891815197 16.134237289428714 0.83333301544189464 10 49.500000000000007 22.500000000000004 2.2043991088867192
decision_type=8 8 2 9 10 9 8 2 2 9 8 2 2 8 10 2 2 10 10 2 8 2 2 8 2 10 10 9 2 9 8 9 10 10 10 10 10 2 2 8 9 9 8 10 10 9 2 2 10 10 2 2 2 8 9 8 2 2 9 10 10 2
left_child=2 3 17 4 -2 7 23 9 14 -3 21 12 19 -10 -9 -16 -12 -1 -15 -8 -21 -11 -23 -7 25 31 33 -28 29 -26 -30 32 -13 -27 36 -36 39 -38 50 -29 41 -33 44 -44 -42 -39 -47 -41 -46 -50 -31 -52 53 -53 -40 58 57 -57 60 -60 -56 -59
right_child=1 5 -4 -5 -6 6 11 8 13 10 16 24 -14 18 15 -17 -18 -19 -20 20 -22 22 -24 -25 28 26 27 34 30 38 -32 40 -34 -35 35 -37 37 45 54 47 42 -43 43 -45 48 46 -48 -49 49 -51 51 52 -54 -55 55 56 -58 61 59 -61 -62 -63
leaf_value=0.0084274583963230808 -0.013137568254136546 -0.014267418695700244 -0.037621743359389948 -0.0092396229266117 0.0076896258955094013 0.0022016871594969525 0.0051720325746842091 -0.0076583441470715694 0.019263715432748858 -0.022874943984301857 0.014476782612401257 -0.0031508470825081995 0.025674647318063466 -0.0023195385981643851 0.020221275454896916 -0.027349672862957509 -0.0020810698769997849 -0.028292032430889982 0.01498134038893946 0.019261389034533876 -0.035362367638478942 0.010841763307797707 -0.036897091369749939 -0.026924995797499379 -0.010207712209745522 0.0088245528500808228 0.023196067637539966 0.023389838310318933 0.018486001014725223 -0.00029926271519226756 0.0022845203625089737 0.016854379720476639 0.020559518174143726 0.026933153503830083 0.015385883848756627 -0.060433763369727195 -0.022004244582005526 0.023048368488646394 0.0049762050311429606 0.016074239219992587 0.0053092378545283401 -0.023682689223490989 -0.010202706280000959 0.0388813299031825 -0.012704609456624659 0.0080938874225603644 -0.038861510490374979 -0.025648117163951691 -0.056534031451248613 0.01067835794884044 -0.047941898969451939 -0.021132761810816122 0.029313666753900954 0.011100041937205627 0.0083675005298797928 0.015039712605098574 0.0021717322072716777 -0.047852871360683905 -0.037432160456342234 0.029496904627601201 -0.019355896528124864 -0.016005316645849591
leaf_weight=697.98492786553106 130.38745775832285 142.70872243199847 9.4761358613613975 733.41783276427304 280.02356021991 45.754798869835213 27.033027753874194 701.32255466646893 64.472029466123786 19.838023226744554 103.08273024702794 172.68337071268616 12.986755383259149 3287.6835650712783 10.322797113542036 131.57033400351065 1069.4770642863659 15.457352549303321 85.904541669937316 7.07497585042438 72.918687421632058 750.60669474729002 6.8296630581535274 81.134706055046991 473.65488862450002 1238.8841423011399 50.018352208397118 13.483844008478625 124.74077498086262 1249.2475979669107 4644.1427991909732 57.666674066524138 85.217642917599733 102.42891095578671 7.1427730047144022 17.421088313451037 42.23462557178209 76.682843477698043 246.03972115539364 15.730257541821627 25.106662378806504 9.9948878634750127 119.86178903421387 10.825519550824536 42.747928443801356 38.980613644816913 14.207825282006523 119.82208669587271 48.269344847049069 6.016371569276088 6.3059608213370657 38.465832569228951 66.341127241263166 270.65896390657872 299.06602430113708 30.760040031454992 147.03217360470444 28.767795534804463 36.733002365857828 5.7793793436139813 44.951875475846464 402.12306567531778
leaf_count=3840 14775 17721 65 90277 16827 1356 2741 33854 2866 3097 2639 10405 682 153852 2530 8590 26436 108 3097 1026 15670 23995 1693 1552 18599 55529 2069 2491 677 54696 110076 4949 5428 2181 163 830 3963 2495 14803 1940 2859 1931 9769 333 5629 2833 690 7600 6889 863 415 2815 1373 6942 13423 694 5060 1171 3873 184 3715 15186
internal_value=4.18039e-05 -0.000220329 0.00659549 -0.00565971 0.000970973 0.000146113 0.00112213 -0.0014879 -0.00321303 0.0020338 0.00331636 0.00134582 -0.015161 -0.001434 -0.0104155 -0.0233184 -0.000570138 0.00744054 -0.00185747 -0.0210408 -0.0296823 0.0091879 0.0101722 -0.016737 0.00154292 0.00447592 0.00715113 -0.00352507 0.000703802 -0.00217991 0.00272722 -0.00355079 0.00474523 0.0103023 -0.00809732 -0.0395132 -0.00537369 0.00385818 -0.000802371 -0.0158138 -0.0100345 0.00765538 -0.0149323 -0.00485389 -0.0262755 0.0127727 -0.00572635 -0.0204068 -0.0343074 -0.0488127 0.00202636 0.00954184 0.0111246 0.00681663 -0.00451901 -0.00686074 -0.0118368 -0.0162738 0.000851048 -0.0216336 0.00439368 -0.0186561
internal_weight=18917.7 18194.8 722.918 1143.83 410.411 17051 10677.1 6373.82 4281.28 2092.54 1949.83 10550.3 120.013 3438.06 843.216 141.893 1172.56 713.442 3373.59 107.027 79.9937 777.274 757.436 126.89 10430.2 2315.43 1737.04 395.724 8114.81 3345.93 4768.88 578.39 257.901 1341.31 345.706 24.5639 321.142 172.106 2872.27 149.036 320.489 67.6616 252.828 130.687 122.14 129.871 53.1884 135.552 97.0336 54.2857 1631.02 381.772 375.466 309.125 1241.25 995.213 608.683 461.651 386.53 42.5124 344.018 430.891
internal_count=814830 810817 4013 121879 31602 688938 408568 280370 204789 75581 57860 405660 20119 159815 44974 11120 29075 3948 156949 19437 16696 28785 25688 2908 385541 131839 82784 25074 253702 142949 110753 49055 15833 57710 23005 993 22012 9981 124350 12031 33222 6880 26342 10102 16240 6018 3523 9540 13381 7752 66241 11545 11130 9757 58109 43306 22111 17051 21195 4057 17138 16357
cat_boundaries=0 1 2 3 4 5 6 7 8 9 10 11
cat_threshold=1966212 606853 821513 15730992 592896 1600647 134176 65696 263648 4367 43074
is_linear=0
shrinkage=0.05


Tree=109
num_leaves=63
num_cat=10
split_feature=1 47 23 30 43 46 23 34 31 15 33 45 32 23 45 5 3 26 49 21 9 33 3 21 22 28 35 13 15 15 45 4 18 7 9 9 21 46 49 46 26 12 49 49 49 20 45 15 33 49 1 6 21 18 6 34 9 43 34 15 33 26
split_gain=22.2495 15.0346 11.0229 9.61317 9.43992 16.9742 12.9114 16.3579 10.691 13.0464 9.24438 10.7404 12.8341 9.21252 17.3022 16.3916 15.2961 15.5604 11.8151 11.2416 10.6972 10.4477 9.95732 9.49138 20.9824 19.5314 13.7923 16.4442 16.37 15.2692 13.9639 13.4343 13.1616 12.7778 12.3944 12.8225 13.5549 11.9584 11.6881 10.9648 10.7909 16.0857 13.2443 11.6178 11.5905 10.76 10.6333 10.611 11.3239 11.0289 11.5206 12.187 10.1042 12.3882 10.0389 10.0292 10.0261 10.5926 9.84744 11.0527 9.81805 20.1906
threshold=2.5000000000000004 0 3.5000000000000004 3.5000000000000004 1 2 54.500000000000007 0.022876513190567497 45.500000000000007 0.13921189308166507 2.5000000000000004 3 2.5000000000000004 54.500000000000007 4 0.32801117002964025 0.17379704117774966 101.50000000000001 21.666666984558109 0.99711209535598766 39.500000000000007 46.500000000000007 0.36518038809299475 0.66322249174118053 40.029211044311531 10.500000000000002 0.060661764815449722 1.5000000000000002 1.0000000180025095e-35 0.93426725268363964 5 15.500000000000002 0.72474747896194469 0.73525699973106395 104.50000000000001 87.500000000000014 0.64700767397880565 6 8.9136657714843768 7 171.50000000000003 2.5000000000000004 17.002193450927738 14.728317260742189 13.985881805419924 0.016220020130276683 8 0.059114735573530204 14.500000000000002 6.3415660858154306 24.500000000000004 2.5000000000000004 0.47322890162467962 0.64809083938598644 9.5000000000000018 0.019421402364969257 94.500000000000014 9 0.019877942278981212 0.41277891397476202 22.500000000000004 55.500000000000007
decision_type=8 9 2 2 9 9 2 10 10 10 8 9 10 2 9 8 8 2 2 2 2 10 10 2 2 2 8 2 8 10 9 10 10 8 2 2 2 9 2 9 2 10 2 2 2 2 9 8 10 2 10 10 2 8 10 8 2 9 10 10 10 2
left_child=4 3 -3 -2 8 6 7 -6 -1 -10 11 12 -4 14 21 16 17 -16 -17 20 -20 -12 -18 26 33 -26 27 29 -28 30 37 56 34 -25 35 36 39 38 -15 -30 41 60 43 44 -43 -32 -27 -41 -49 58 51 -51 53 -52 -39 -42 57 -29 -50 -60 -35 -62
right_child=1 2 10 -5 5 -7 -8 -9 9 -11 13 -13 -14 23 15 18 22 -19 19 -21 -22 -23 -24 24 25 46 28 31 32 -31 45 -33 -34 40 -36 -37 -38 54 -40 47 55 42 -44 -45 -46 -47 -48 48 49 50 52 -53 -54 -55 -56 -57 -58 -59 59 -61 61 -63
leaf_value=0.010476086999064421 -0.0158877264162108 0.016813178904572113 -0.0023583122516566673 -0.0024016411700653207 0.028663136145613791 0.016675131115176992 -0.048559015071290582 -0.029835252741733289 -0.044519573368416158 0.012653131573235747 0.016541991558870359 -0.0027000105951940491 -0.044031023410508782 -0.056695187257387647 -0.059667305384536386 0.00089093695390073254 0.010898756079849877 0.019001863817121906 -0.00506278451673455 -0.022503882075113706 0.027550691643744598 -0.033462899742573125 -0.034692767927992453 -0.038050978148842972 -0.02929409400359987 -0.015227226196228467 -0.019134923151122973 0.021648876482029868 0.0047015943681055529 -0.036457264217415263 0.0021932762082968807 -0.048305391097681116 -0.033547158614991079 -0.0033563097031930412 -0.049143045865342211 0.026861848063818406 -0.022705069660677049 0.0087609470931369494 -0.0034705451708202696 0.019927436973296631 0.0071679173759075319 0.0071343017045939709 -0.013851384492712081 0.024545330593461322 -0.034054638458322788 -0.03743810933257493 0.027634475298708897 -0.0031966296663787199 0.018655422267774804 -0.0557542267741339 -0.059734852558074647 -0.013430911317388675 0.01975137463835322 0.027029390764979455 -0.014559558434021855 -0.0092801916557357315 -0.021752222116440612 -0.0032961909836733728 -0.040138968089302805 0.011828767817573541 -0.0071606834861444122 0.0099650794909955688
leaf_weight=831.50984156492632 235.7614950574316 93.187488653384207 36.545282466122444 297.63202490370531 16.713965729344636 37.066985171986744 24.529765877057798 21.681062150630169 15.305559857748451 16.253237549681216 238.61879950671573 1344.5087251707373 33.648553764498502 12.018679577588044 11.134936368325727 8327.065590037495 613.97981880960288 7.1787466565147033 488.47916821057152 86.649672886313056 21.553546993527561 6.370425845940189 7.4645199014339587 17.479119106574217 14.815661962435113 10.504439188400282 224.61174172942265 175.63176821870729 365.43805924958724 28.319046872056788 26.317809109190421 4.2208126367768264 32.515189634214039 1657.5943098092393 9.6059360741637629 30.470935791265219 81.288938801619224 320.04274755995721 27.999015747744124 31.570948876411421 109.45132403599564 706.24904827625141 68.039929325750563 94.109395844512619 12.617429535137488 41.377894963196013 121.66260839987081 382.79451853946375 27.501248251457582 39.730467142449925 6.6181717455619955 34.088175894896267 18.30187791120261 2.8020947696641096 49.156839171017054 502.98059271514649 14.348361996468155 57.056899439310655 18.818418263603235 14.777361174783435 269.98728079457214 456.56473339162767
leaf_count=4489 9775 5960 6388 25426 93 199 261 211 176 82 21012 134331 7833 1393 394 281675 18737 54 24752 13703 204 1630 204 4700 2178 751 25844 2886 15776 1740 2078 205 2046 65619 279 219 3867 14374 2186 1392 3297 18015 1843 1257 290 4543 4073 15830 793 3599 372 2254 250 12 4570 12282 159 1229 1382 583 20705 12273
internal_value=0.00024882 -0.000148931 0.000107447 -0.00830055 0.0076327 -0.00642966 -0.0206299 -0.00400152 0.00925699 -0.0173713 1.29235e-05 -0.0038532 -0.0211249 0.000357409 0.00130696 0.000958023 0.00865809 -0.0313682 0.000402527 -0.00636429 -0.00343048 0.0140369 0.0100786 -0.00116439 0.000248119 0.0184742 -0.00390672 0.00147161 -0.00698078 -0.0037288 -0.00142729 0.0117974 -0.00441511 -0.000462453 -0.00337192 -0.00272484 -0.00373175 0.00230962 -0.0196192 -0.00198405 -0.000244231 0.000900729 0.00665369 0.00844399 0.00618113 -0.0201656 0.0247015 -0.00619664 -0.00798863 -0.0188356 -0.0285504 -0.0383019 -0.000699214 -0.0335031 0.00535967 -0.00630641 0.0137622 0.0163636 -0.00175167 -0.0187094 -0.00123465 0.00359569
internal_weight=18932.3 17969.3 17435.9 533.394 963.06 99.9918 62.9248 38.395 863.069 31.5588 17342.7 1414.7 70.1938 15928 9808.5 9563.51 639.758 18.3137 8923.75 596.682 510.033 244.989 621.444 6119.48 4042.06 146.983 2077.42 756.49 1320.93 505.232 476.913 251.258 1096.32 3895.07 1063.81 1054.2 1023.73 409.217 40.0177 942.441 3877.59 3265.16 881.016 812.976 718.866 67.6957 132.167 577.003 545.432 162.638 101.541 73.8186 27.7221 9.42027 369.2 612.432 247.037 232.689 61.097 33.5958 2384.15 726.552
internal_count=814733 809222 774021 35201 5511 764 565 304 4747 258 768061 148552 14221 619509 362365 339723 19389 448 320334 38659 24956 22642 18941 257144 147283 7002 109861 35363 74498 30884 29144 4479 48654 140281 46608 46329 46110 22523 3579 42243 135581 120002 21405 19562 18305 6621 4824 26467 25075 9245 6487 5853 634 384 18944 15579 4274 4115 2758 1965 98597 32978
cat_boundaries=0 1 2 3 4 5 6 7 8 9 10
cat_threshold=79757610 4321 69955 58112 1623552 467049 136497 231953 638976 295104
is_linear=0
shrinkage=0.05


Tree=110
num_leaves=63
num_cat=10
split_feature=2 49 22 46 37 43 22 48 47 18 46 21 19 45 34 36 18 18 45 47 30 48 36 22 7 35 49 33 23 33 2 49 22 45 37 20 22 47 29 34 37 20 37 23 18 34 35 11 18 17 4 37 20 45 21 37 34 25 2 26 37 33
split_gain=13.024 15.3543 16.621 16.3839 14.707 25.3778 13.4659 19.6241 18.7934 12.9956 12.6969 15.2284 16.9037 19.6244 12.9747 15.9326 18.3916 12.6311 21.3881 13.0956 15.2915 14.6063 12.3901 12.4921 12.3237 11.8889 11.8203 11.6698 11.6639 11.5602 13.8839 11.538 11.2309 11.1585 10.9696 14.922 21.2047 10.8366 10.7162 10.58 10.5496 10.4167 10.3185 10.7224 9.98938 9.98037 9.82812 15.1443 13.3483 10.4423 12.5073 10.9569 9.80757 15.0459 11.3063 10.2612 16.097 15.4732 14.6279 13.705 16.1055 11.8974
threshold=6.5000000000000009 17.433700561523441 32.373615264892585 0 23.500000000000004 1 30.876605987548832 2.3242299556732182 2 0.96428570151329052 3 0.96978825330734264 26.500000000000004 4 0.015925846993923191 1.5000000000000002 0.074420213699340834 0.14759599417448047 5 6 5.5000000000000009 0.91039663553237926 16.500000000000004 42.31378364562989 0.85729700326919567 0.1132478639483452 31.264814376831058 4.5000000000000009 17.500000000000004 2.5000000000000004 8.5000000000000018 17.145204544067386 43.162191390991218 7 21.500000000000004 0.033134846016764648 39.441846847534187 8 2.3545528650283818 0.039019480347633369 22.500000000000004 0.020519169978797439 41.500000000000007 18.500000000000004 0.28165064752101904 0.025600642897188667 0.74679487943649303 12.500000000000002 0.069971442222595229 0.063164893537759795 3.5000000000000004 58.500000000000007 0.033088864758610732 9 0.32863827049732214 30.500000000000004 0.025991726666688923 31.500000000000004 2.5000000000000004 35.500000000000007 29.500000000000004 21.500000000000004
decision_type=8 2 2 9 2 9 2 10 9 10 9 2 2 9 10 2 10 10 9 9 2 10 2 2 10 8 2 10 2 8 8 2 2 9 2 2 2 9 2 10 2 2 2 2 10 10 10 8 10 8 8 2 2 9 2 2 10 2 10 2 2 10
left_child=10 2 4 25 5 -2 26 8 34 -10 14 12 13 -12 -1 27 42 -13 19 21 -21 38 23 -22 40 -3 46 -16 -15 30 33 -6 -18 -4 35 36 -8 -14 -19 -23 -9 -34 43 -17 -30 -33 47 -5 -48 -49 -51 -52 53 55 -54 56 57 59 -58 61 -61 -39
right_child=1 3 29 6 31 -7 7 24 9 -11 11 17 37 28 15 16 32 18 -20 20 22 39 -24 -25 -26 -27 -28 -29 44 -31 -32 45 41 -35 -36 -37 -38 52 -40 -41 -42 -43 -44 -45 -46 -47 48 49 -50 50 51 -53 54 -55 -56 -57 58 -59 -60 60 -62 -63
leaf_value=0.018137913839616601 0.0068209968236957828 0.00071699560273712204 0.028437722668634726 0.0019970325902626891 0.00014473841049654097 -0.030041179974254057 0.013124835610918005 -0.0029532101659759547 -0.041487110053093253 0.021320651384741054 0.0075610140112951467 0.022534834289437988 0.020374203055875409 0.00033881502540381568 0.01709740233297613 -0.0014965897579542029 0.0044050363653459013 -0.028352356213252456 0.01501683562950747 0.010009017201452201 -0.065524998444402155 0.014286705291692077 0.0098516088630520009 0.0038588619528867351 0.024594470042353503 -0.037115287679928131 -0.03817108817115128 -0.031358702058666983 -0.064093418773606969 -0.0004850724003627529 -0.0088202804795667507 0.036106412577722256 0.015688338416980866 -0.0095597221949413475 0.0017890855497299828 -0.030561651173404543 -0.019790818762868097 -0.0031644344119397651 0.02136308352333793 -0.016979533728327275 -0.047595325139306033 -0.049001607763133143 0.00062863859869021117 -0.073392106911228966 -0.021800574880480358 -0.018533053134753702 -0.021950070632319209 -0.003051853370493649 0.011329428367336261 0.021838052734122405 -0.046792391106267241 0.0090578881693631642 -0.030837437161822828 -0.014008159107620106 0.011146784038996632 0.0083760360213724367 -0.0094839873366378193 0.0057661437181989635 0.028139895747050649 -0.071899505227794633 0.0029879454828455735 -0.045269573590836915
leaf_weight=55.509251605020836 1888.8297204618029 29.719705309042183 33.913800849579275 74.522274025104707 3289.5885079253276 33.54780173816107 99.8892640490958 19.653581627433596 43.310165840786794 6.6990488927331162 69.663864994538017 164.28582530142739 76.888701173476875 26.757599062286317 11.309572745114563 7.5336033229250488 319.38367779483087 45.913497761357576 368.27500316448277 20.921477797906846 26.201920016435906 165.80021885561291 8.609715672908349 7.5152377092745146 6.6257853309507473 62.520172014868876 33.735330313218583 79.164423580747098 21.395566261839122 7628.2942553666398 717.43791421811693 33.589744157434325 6.2952536846278262 25.949069588736165 1679.5115356534843 57.687980469811009 86.793991288268444 80.941452904837206 9.8261258926941064 27.785064663912635 40.435088416797953 14.287047904334029 13.794060579151845 13.291912236716596 49.193789851502515 7.3066796144266837 37.585066800180357 35.732069498466444 98.169562329727341 5.7330455979536055 70.379448750383744 8.2789990966848546 12.075146281742489 152.01698914705776 343.89504244766431 363.85492544330191 41.786969415843487 74.847321953391656 55.278278281912208 19.212207320146263 9.6568370298482495 16.462850796757266
leaf_count=659 56217 4032 439 2306 152909 8603 4218 1693 6666 336 1480 1449 630 218 167 74 2765 928 2513 190 532 1349 47 66 464 11310 5725 2525 813 320612 79786 679 69 597 84269 3825 8144 1304 47 247 4737 154 160 265 1066 440 5411 4714 8671 220 6121 592 356 2057 2240 3903 477 555 696 444 37 680
internal_value=0.000184379 -0.000359862 0.000299662 -0.00396084 0.00250476 0.00598097 -0.00307008 -0.00148921 -0.000554328 -0.0269934 0.00334252 0.00495105 0.00178625 -0.0129197 -0.00364345 -0.00648605 -0.00181355 0.0102624 0.00715844 -0.00258255 -0.020482 0.00286281 -0.0393462 -0.0515588 -0.0271825 -0.0231363 -0.0118723 -0.0247233 -0.0254789 -0.00107903 -0.00686765 0.000492315 0.00191622 0.01541 0.0003393 -0.00944725 -0.00229558 0.00379969 -0.0185511 0.00948458 -0.0343425 -0.0300166 -0.0340596 -0.0527091 -0.0380111 0.0253888 -0.00865803 -0.0157179 0.00166323 -0.0263485 -0.0354901 -0.040724 0.00243432 -0.000583319 0.00931518 0.00274995 -0.00404938 -0.0120328 0.0122715 -0.0224008 -0.0501063 -0.0121437
internal_weight=18935.1 16155.4 13658.5 2496.98 5252.86 1922.38 2404.74 2040.61 1973.89 50.0092 2779.63 2259.06 1413.93 167.011 520.569 465.06 374.586 845.134 680.848 312.573 63.2484 249.325 42.3269 33.7172 66.7145 92.2399 364.136 90.474 97.347 8405.6 777.301 3330.48 339.966 59.8629 1923.88 244.371 186.683 1246.92 55.7396 193.585 60.0887 20.5823 34.6196 20.8255 70.5894 40.8964 330.4 194.646 135.755 120.124 84.3915 78.6584 1170.03 814.058 355.97 662.041 298.186 201.121 97.0652 126.273 28.869 97.4043
internal_count=814898 783736 620282 163454 218848 64820 148112 114352 107458 7002 31162 24324 16956 3577 6838 6179 3487 7368 5919 3406 835 2571 645 598 6894 15342 33760 2692 2097 401434 80822 154028 2988 1036 100456 16187 12362 13379 975 1596 6430 223 499 339 1879 1119 28035 13953 14082 11647 6933 6713 12749 10153 2596 8096 4193 3020 1173 2465 481 1984
cat_boundaries=0 1 2 3 4 5 6 7 8 9 10
cat_threshold=158336 66785 302351763 34929 1108521 559310 104861568 557226 4210962 305258
is_linear=0
shrinkage=0.05


Tree=111
num_leaves=63
num_cat=14
split_feature=1 13 31 45 23 49 33 40 25 48 46 45 29 48 46 27 29 26 46 15 16 30 17 49 47 46 37 15 20 46 34 22 33 39 35 31 45 20 29 30 34 46 35 48 22 28 20 33 48 46 45 17 15 25 22 45 28 15 23 45 18 37
split_gain=24.9277 13.7166 15.7842 14.5779 15.4464 14.406 13.6951 13.3701 13.2881 12.4399 12.6879 18.0903 13.0749 13.0188 11.9384 13.6005 11.728 11.5763 11.3257 11.0377 14.1684 10.8387 12.2332 10.5899 10.5618 13.7553 18.9422 12.5713 10.2954 10.2846 10.2751 12.5511 17.6935 15.7824 10.1489 14.9678 14.8522 16.3373 12.514 13.6675 11.0152 10.8056 16.0969 16 12.024 10.5844 12.4712 10.4927 10.0506 10.0259 14.4853 19.1781 22.7285 13.6265 14.969 20.0437 16.9296 11.973 11.901 11.8604 11.7379 18.1608
threshold=51.500000000000007 1.5000000000000002 7.5000000000000009 0 3.5000000000000004 4.1097259521484384 36.500000000000007 1.0000000180025095e-35 13.500000000000002 0.68252280354499828 1 2 3.6513297557830815 0.77018782496452343 3 300.50000000000006 0.71610370278358471 24.500000000000004 4 0.20119047909975055 0.39791667461395269 34.500000000000007 0.13079115748405459 23.973844528198246 5 6 28.500000000000004 0.97222220897674572 0.041213989257812507 7 0.022862234152853492 30.814751625061039 21.500000000000004 1.0000000180025095e-35 0.45643940567970281 2.5000000000000004 8 0.05933590047061444 1.1327043771743777 40.500000000000007 0.019121041521430019 9 0.37797619402408605 0.83445709943771373 33.695386886596687 16.500000000000004 0.048751421272754676 1.5000000000000002 0.41732282936573034 10 11 0.14379699528217318 0.083722744137048735 37.500000000000007 34.099052429199226 12 95.500000000000014 0.45643940567970281 52.500000000000007 13 0.31866537034511572 26.500000000000004
decision_type=8 2 8 9 2 2 10 2 2 10 9 9 2 10 9 2 2 2 9 10 10 2 10 2 9 9 2 10 2 9 10 2 10 2 10 10 9 2 2 2 10 9 10 10 2 2 2 10 10 9 9 10 10 2 2 9 2 10 2 9 10 2
left_child=24 2 3 4 -2 6 14 16 -9 23 11 -11 13 -12 15 19 29 -8 28 -4 -21 -20 -23 -5 25 -1 -27 -28 -7 -6 31 32 -13 -33 36 45 37 38 39 -26 -40 44 -43 -44 47 46 -36 -38 -10 50 -37 52 -52 54 55 60 57 -57 -53 -55 -51 -62
right_child=1 -3 5 9 7 18 17 8 48 10 12 30 -14 -15 -16 -17 -18 -19 21 20 -22 22 -24 -25 34 26 27 -29 -30 -31 -32 33 -34 -35 35 49 41 -39 40 -41 -42 42 43 -45 -46 -47 -48 -49 -50 53 51 58 -54 59 -56 56 -58 -59 -60 -61 61 -63
leaf_value=0.017083015896343472 0.03240379517138027 0.001346751339554107 -0.0088434646074167025 -0.007962262602168051 0.018816655023374377 0.01340798696149877 0.013220860754709702 -0.02209328670652792 0.039572326880231462 0.0159173912449199 0.0084193181973877852 0.029920317035058566 0.006774132282748542 -0.0059571243775522987 0.0089919333906824037 0.02572076207414524 -0.02908569918404982 -0.036106251378750343 -0.001595484946115116 -0.03559496619877988 0.024136402840658586 -0.027953872452024627 0.00064623722288281314 -0.036921794015361664 -0.068732040238141903 0.014201406330864608 -0.061480423705868939 0.020750734816644509 -0.0066153490344281786 -0.014507280285134542 0.0051235310735365039 -0.027654451475259439 -0.018385975399627701 -0.00045560736218507687 -0.027231843635574217 0.01501152621002616 0.0029709797891330578 0.021044304077950458 0.021883973790833663 0.018910727417336126 -0.0297083455934464 0.0061132222412125454 0.0055179525931041973 -0.066199291119643539 -0.0032301499518100304 0.025510621078815951 0.021067033275079909 -0.061894176787381829 -0.0013804976785848232 -0.038725884629565131 0.0066373244368339995 0.016944841357174861 -0.053215324409905396 -0.0044661974654382043 0.0034035716240883723 0.0054172635092843468 -0.043960195051186833 -0.01827025463206423 -0.00733216783984724 0.014990715377411668 -0.040219376761643388 0.0044979813844208726
leaf_weight=259.29309506405843 14.265556216007097 5177.771949477552 289.56379223203112 548.51203949897535 18.83413327379094 224.37229766321252 14.478197314434508 76.199900568146404 11.444103020330656 204.5725070572953 166.3456941540644 40.389291908868472 267.27126672648592 2030.4459808824395 823.53587358071672 35.625165219302289 168.93795013142517 31.535177575075068 4218.0947518502107 7.4759640913180183 50.65273101607454 78.94380233114498 67.017875410412671 29.106888779901055 23.861167922266763 25.832783768535592 15.497238431358712 3.3262955736136055 85.616117879857484 64.802181372771884 325.73927838010422 100.46724595313572 28.166742985660676 108.2451080565952 20.983753720298409 365.25958860531682 8.3170382354874182 12.981573829893021 11.789319668198003 3.0600789333693674 23.642819356522523 430.26785317942267 13.826760082738476 10.919680377235634 61.07891733373981 128.01146141730715 22.577105124364607 15.550078490283338 165.41765895868593 63.010248038452119 28.556748378556222 115.58895862230565 28.109587961575016 105.07753423135728 806.45071652918705 320.86596006341279 16.57520257262513 58.819511508918367 82.993876562570222 267.5638156743953 29.143720627995208 65.232598401024006
leaf_count=3238 689 108193 18870 66087 2611 21511 1509 20817 830 14047 11399 1658 5737 122194 36294 399 19031 1667 207054 1110 3553 10952 8741 7606 1158 359 518 15 4919 17912 19782 8093 1526 7167 239 4662 135 104 67 40 263 7064 344 393 1314 659 91 736 12163 1917 581 1189 825 963 12034 5527 502 858 1506 1641 617 833
internal_value=0.000104939 -0.000751617 -0.001807 -0.00408528 -0.0118422 -0.000125488 0.00462493 -0.0136275 -0.00534176 -0.00298512 -0.0017911 0.0036101 -0.00356521 -0.00485186 0.00567658 -0.00165918 -0.0216643 -0.0208108 -0.00140241 -0.00483648 0.0142435 -0.00206389 -0.0152357 -0.0097259 0.00394887 0.0126547 -0.0108879 -0.045644 0.00761862 -0.00587871 -0.000850187 -0.00786477 0.0101726 -0.0138889 0.00303751 0.00444892 -0.00269432 -0.0214354 -0.0343677 -0.0573682 -0.0119586 0.000477678 0.00364011 -0.0319361 -0.0144659 0.0185 -0.0026074 -0.042691 0.00228454 0.00338742 0.00876029 -0.000521872 -0.0249603 0.0013853 -0.000936495 -0.00723218 -0.000848968 0.0015579 0.00686784 0.00979645 -0.0214117 -0.0106397
internal_weight=18917.9 15473.8 10296.1 4369.16 519.901 5926.91 1252.87 505.636 253.062 3849.26 3271.64 807.58 2464.06 2196.79 1206.85 383.318 252.574 46.0134 4674.04 347.692 58.1287 4364.06 145.962 577.619 3444.07 303.949 44.6563 18.8235 309.988 83.6363 603.008 277.268 68.556 208.712 3140.12 2524.82 615.295 75.335 62.3534 26.9212 35.4321 539.96 455.014 24.7464 84.946 171.572 43.5609 23.8671 176.862 2353.25 620.509 255.249 56.6663 1732.74 1360.1 553.647 396.261 379.685 198.583 372.641 157.387 94.3763
internal_count=814513 764121 655928 339349 74053 316579 63402 73364 33810 265296 191603 52273 139330 133593 60226 23932 39554 3176 253177 23533 4663 226747 19693 73693 50392 4130 892 533 26430 20523 38226 18444 3184 15260 46262 34644 11618 1632 1528 1198 330 9986 7801 737 2185 989 330 871 12993 33655 8763 4101 1406 24892 22288 10254 6887 6385 2695 2604 3367 1450
cat_boundaries=0 1 2 3 4 5 6 7 8 9 10 11 12 13 14
cat_threshold=45069 627729 1067104 86037 151632 353506096 201494 34113 168576 164980 175668 437952 268321 131264
is_linear=0
shrinkage=0.05


Tree=112
num_leaves=63
num_cat=7
split_feature=17 21 49 44 45 35 1 36 20 26 35 4 28 26 5 46 15 16 20 22 5 37 30 33 28 20 45 33 17 19 33 49 49 46 16 2 14 33 49 31 46 17 17 22 16 5 7 36 31 45 28 28 30 16 20 16 18 30 15 20 18 29
split_gain=28.5404 18.2552 16.8744 15.0211 14.5865 14.5908 13.7413 12.3324 11.8617 11.3083 10.3848 10.0613 13.7842 11.7931 13.9258 14.8693 18.1204 20.4832 14.5257 14.2477 12.661 12.226 11.6933 11.4513 10.9726 16.9717 13.3657 14.2936 12.9494 12.8452 12.74 12.22 11.8209 19.2876 17.1771 11.8765 13.4997 11.4176 11.1255 12.2806 10.7637 10.6281 10.4057 10.3035 10.1186 11.8975 16.0836 10.687 12.7745 12.3282 17.1456 15.3751 15.6165 16.0434 14.3492 13.3724 14.3792 14.8046 16.2251 12.5795 12.0507 12.3671
threshold=0.026455767452716831 0.96978825330734264 12.092593193054201 0 1 0.92940199375152599 5.5000000000000009 5.5000000000000009 0.02389465551823378 19.500000000000004 0.49193547666072851 17.500000000000004 3.5000000000000004 19.500000000000004 0.18730541318655017 2 0.16247642785310748 0.5178799331188203 0.016406221315264705 31.94960975646973 0.28345090150833135 19.500000000000004 9.5000000000000018 11.500000000000002 80.500000000000014 0.01145271258428693 3 9.5000000000000018 0.10367219150066377 568.00000000000011 24.500000000000004 15.6890926361084 3.373559951782227 4 0.69631093740463268 8.5000000000000018 1.0000000180025095e-35 38.500000000000007 12.709081649780275 12.500000000000002 5 0.15301003307104113 0.0372685194015503 33.500785827636726 0.93969696760177623 0.45157453417778021 0.65728068351745617 7.5000000000000009 14.500000000000002 6 82.500000000000014 204.50000000000003 8.5000000000000018 0.80707195401191723 0.016541579738259319 0.2522727251052857 0.07722122967243196 8.5000000000000018 0.22749775648117068 0.016290996223688129 0.51974025368690502 2.0097087621688847
decision_type=8 2 2 1 9 10 8 2 2 2 10 8 2 2 8 9 10 10 2 2 10 2 2 10 2 2 9 10 8 2 10 2 2 9 10 8 2 10 2 8 9 8 8 2 8 10 10 2 10 9 2 2 2 10 2 10 10 2 10 2 10 2
left_child=1 7 8 4 -2 9 -5 -1 -3 -6 -10 12 -8 20 19 16 17 -16 -19 -15 -14 -20 -18 -24 25 40 27 28 -27 42 38 -32 33 34 -28 -36 -37 -29 -31 -40 -13 -35 -26 -41 45 46 47 49 -49 60 -51 54 -53 -54 59 -56 -57 -58 -59 -52 61 -44
right_child=3 2 -4 6 5 -7 11 -9 10 -11 -12 24 13 14 15 -17 22 18 21 -21 -22 -23 23 -25 29 26 32 37 -30 30 31 -33 -34 41 35 36 -38 -39 39 43 -42 -43 44 -45 -46 -47 -48 48 -50 50 51 52 53 -55 55 56 57 58 -60 -61 -62 -63
leaf_value=-0.0010657131024682622 0.015543533395568201 -0.026301801515091053 -0.021224933338041332 0.005855351134411723 -0.053133187853043752 0.0096544297697621004 -0.026087889208257598 -0.013280299276605151 -0.014882785700111797 0.0069460900269516295 0.0025950279475410848 0.024103994220823016 0.020484103399173129 0.013226491176015792 0.019286503448994376 -0.0072271617963565599 0.023196634550910686 0.011412184855520313 0.01664827887381443 -0.059736757069355342 -0.013087431758785538 -0.074471520104172906 0.009665524346522833 -0.044349685357156887 0.024794582941961039 -0.031898304497351947 -0.038479357680761266 0.020142082560515001 0.0030559925817703272 -0.011192183813259305 0.021540917429500428 -0.035338604185914432 -0.0047948837446776874 -0.010543120043190784 -0.032009100465162948 -0.018109990064658549 0.024332522207623341 -0.017893124615284969 -0.035516099603093966 0.018760486141288283 0.0027255452362770147 0.0089921110906069183 0.0090032574835797099 -0.0044734561772982306 0.0032717344259162702 0.010885240567283887 0.016613127044978863 0.001099076697129091 -0.024493557128768606 0.019029969608093996 -0.010424383893975826 -0.0084182077405859992 0.017685347278261199 -0.043693873506825416 -0.0051284054301468747 -0.001246517126143169 -0.042379867410298228 -0.027915400098765336 0.0068619833011950909 0.011550676446388845 0.025045046589378967 -0.00862722466091413
leaf_weight=3720.571050692557 313.48518895076268 52.288385018408007 235.70308430473597 1387.8873888795497 18.840144681496898 39.153297166558332 26.601983486856625 213.89668700458424 110.56423655819526 10.105197923257945 317.20196258234137 78.954534881697327 218.60891272507433 8.4787683789618331 21.378331955929752 152.85016759025166 183.83727841969812 7.831764375674541 2.525775250047448 12.152604515664278 28.659975816612132 15.913018595892934 29.800329198362306 8.7840752307092753 45.258058917504968 28.648262316455657 44.597472498768184 168.86352663107391 121.40474336911575 465.66415767086437 65.339666454703547 6.3187045020749784 3000.7153069823107 76.281536179601972 19.186563771218061 25.986237620018073 43.557100992184132 18.365818417776609 13.992545293760484 86.386669437109958 188.22110495922243 507.29541581931699 237.88862092926865 96.648829518642742 4550.4581000815815 188.88002883747686 103.3238721221278 81.579885453393217 114.68723593332106 67.010222382377833 133.08899602197926 145.74202218689607 153.12079357565381 6.699869235570076 223.84149235495715 69.581174722407013 92.787787853681948 91.752153265260858 48.774498308310285 118.25037655822234 59.943732994841412 163.5977576772566
leaf_count=169198 11323 17306 43675 8982 2933 2137 29394 27662 12027 229 28771 5381 12471 103 426 3454 1845 147 25 341 1324 753 609 301 1746 2213 3873 4565 5138 7621 1095 271 182308 3951 517 3256 1272 1067 809 904 14990 18323 8438 1322 82304 6764 6983 5572 11628 1580 7481 4406 4309 371 13391 3238 4335 4582 1277 4665 1276 5728
internal_value=0.000310559 -0.00308833 -0.010405 0.00142123 0.0110199 -0.008851 0.00114427 -0.00174577 -0.00492848 -0.034225 -0.0020422 0.000618726 0.00634603 0.00777347 0.00282919 0.00494345 0.011676 -0.0147572 -0.0411152 -0.0330206 0.0164107 -0.061101 0.0180521 -0.00630859 0.000266563 -0.00173542 -0.00254387 0.00680379 -0.00443094 0.00143141 -0.00482501 0.0145476 -0.00340906 0.00233735 -0.0139038 -0.00164125 0.00832209 0.0160427 -0.00701306 0.00289661 0.0103557 0.00626428 0.00212062 0.00669946 0.00194782 -0.000921162 -0.00211303 -0.00322585 -0.0140928 -0.00186334 -0.00460855 -0.00619333 0.00327222 0.0138648 -0.00990776 -0.0145611 -0.0213354 -0.0271746 -0.0160237 -6.19003e-05 0.00495094 0.00180143
internal_weight=18889.8 4650.23 715.758 14239.6 381.584 68.0986 13858 3934.47 480.055 28.9453 427.766 12470.1 717.423 690.821 443.552 422.921 270.071 47.6489 26.2706 20.6314 247.269 18.4388 222.422 38.5844 11752.7 4322.08 4054.9 337.282 150.053 7430.62 734.351 71.6584 3717.62 716.904 133.327 88.7299 69.5433 187.229 662.692 197.028 267.176 583.577 6696.27 183.035 6651.01 2100.55 1911.67 1808.35 196.267 1612.08 1150.65 1083.64 305.563 159.821 778.076 526.737 302.896 233.314 140.527 251.339 461.43 401.486
internal_count=814386 298639 101779 515747 16622 5299 499125 196860 58104 3162 40798 490143 51193 21799 8004 7560 4106 1351 925 444 13795 778 2755 910 438950 246854 226483 12983 7351 192096 12022 1366 213500 31192 8918 5045 4528 5632 10656 3035 20371 22274 180074 2226 178328 96024 89260 82277 17200 65077 49635 48055 9086 4680 38969 26823 13432 10194 5859 12146 15442 14166
cat_boundaries=0 1 2 3 4 5 6 7
cat_threshold=8 459169 159750 1594628 102816 140180 10639
is_linear=0
shrinkage=0.05


Tree=113
num_leaves=63
num_cat=10
split_feature=1 33 2 47 47 33 31 45 23 26 46 34 37 48 49 23 15 2 26 0 46 47 28 2 18 9 9 1 25 10 49 49 17 45 46 49 17 33 37 43 32 43 37 17 35 17 19 34 33 5 35 12 49 33 18 48 23 22 16 25 34 29
split_gain=16.7049 12.3376 11.145 10.1447 9.17251 12.3826 11.0927 8.81878 12.2898 11.4372 13.4862 13.7559 12.1055 12.291 8.68611 10.8191 15.6558 13.8739 9.78525 12.2206 10.0003 10.1206 9.94401 9.2485 9.11446 8.65248 11.8492 8.13092 8.05711 8.38869 8.04156 17.2707 12.058 10.0886 16.0284 13.8393 12.1957 12.4019 13.1317 15.1097 12.6458 14.9586 11.6318 18.177 19.1173 12.3009 11.4416 11.6852 11.253 14.9363 11.1051 10.9042 11.4946 14.7772 14.8676 10.5642 15.0098 10.1261 9.94646 14.7835 13.4259 15.8094
threshold=3.5000000000000004 2.5000000000000004 16.500000000000004 0 1 21.500000000000004 1.5000000000000002 2 4.5000000000000009 41.500000000000007 3 0.048970811069011695 52.500000000000007 1.262004613876343 19.772559165954593 52.500000000000007 0.45049019157886511 2.5000000000000004 60.500000000000007 2.5000000000000004 4 5 34.500000000000007 9.5000000000000018 0.83666664361953746 93.500000000000014 75.500000000000014 48.500000000000007 4.5000000000000009 1.5000000000000002 10.395590782165529 10.318564414978029 0.18808962404727939 6 7 12.154195785522463 0.034683240577578552 24.500000000000004 23.500000000000004 8 1.5000000000000002 9 25.500000000000004 0.26975052058696752 0.77097901701927196 0.41223156452178961 317.50000000000006 0.013089992105960848 14.500000000000002 0.10388087853789331 0.57359308004379284 10.500000000000002 10.805664062500002 15.500000000000002 0.4629120826721192 0.53867197036743175 41.500000000000007 37.809404373168952 0.2522727251052857 85.500000000000014 0.009324152488261463 2.1133048534393315
decision_type=8 8 10 9 9 10 10 9 2 2 9 10 2 10 2 2 10 10 2 2 9 9 2 10 10 2 2 10 2 10 2 2 8 9 9 2 8 10 2 9 10 9 2 8 8 10 2 8 10 10 10 10 2 8 10 8 2 2 8 2 8 2
left_child=7 25 3 -3 5 -5 -7 9 -9 10 -1 12 13 -12 18 17 -17 -16 19 20 21 -10 -23 -22 -20 26 -2 -4 -8 -30 31 -6 -33 51 35 57 37 38 39 -36 41 -39 43 48 45 -45 -44 -48 49 -38 55 52 53 -32 -55 -37 -57 -35 59 -54 61 -60
right_child=1 2 27 4 30 6 28 8 14 -11 11 -13 -14 -15 15 16 -18 -19 24 -21 23 22 -24 -25 -26 -27 -28 -29 29 -31 33 32 -34 34 36 50 42 40 -40 -41 -42 -43 46 44 -46 -47 47 -49 -50 -51 -52 -53 58 54 -56 56 -58 -59 60 -61 -62 -63
leaf_value=0.018329000726271184 -0.0048149155975313633 -0.01273326207555074 0.026480759899029649 0.0096922820503195783 0.00088276390149703897 0.017865956488793449 0.022491979939839462 -0.026774142865295281 0.018400467162167488 0.028269740712443148 -0.00077449875477298422 0.02930742148224319 0.016873466114038376 -0.036011712385011663 0.020658207276938918 -0.071484850629030899 0.011281895936500665 -0.03000769385286919 -0.00065868548856632195 -0.033452955563872372 0.015250583987361314 -0.03393734825177027 0.0073178819585631594 -0.021515985263796313 -0.041678576300958121 0.01227942384329609 -0.044028577781613953 -0.025459434933387287 -0.022175145439275096 0.013702919653149005 0.0080655337417213108 -0.0072055603823946201 0.033550999715090117 -0.0066611831993328464 0.0090144356371081192 0.024001212090485984 0.004724422184485255 0.017909439448730087 -0.025970968306972448 -0.026611571011215723 -0.021613717029211631 -0.006416966937110343 0.0044923807390947089 -0.046167958163548836 -0.0040696044517430493 -0.014513768879589438 -0.053699759910556769 -0.0049025497240622468 0.018141873218029621 -0.04236041111956465 -0.031442105541713165 -0.016283649840336839 0.00039520473226750799 -0.038514523298950699 0.0089620666564612823 -0.0030581012780499968 -0.03970572186874298 0.029928636013976863 0.046615605214253786 -0.021532202048912409 0.0019424942393194387 -0.018701413565115992
leaf_weight=126.56329057837138 1361.018316893973 134.85796611147816 55.855491214897484 526.11553326508147 8384.2130429772878 33.145770942355739 10.243614830324075 28.241777726332657 17.255525511223823 85.954715057276189 49.224404934910126 21.590924278250895 27.403661186457612 45.228147502755746 29.464881786960177 9.808168565505186 7.361048199934884 17.228007959900424 172.535694132559 11.339524365495889 411.23038041306427 33.587324060092214 21.072914956021123 13.599955977755597 9.7117987378151138 68.30499240278732 14.636766107636502 4.5924281860934562 98.962613002688158 15.828787570702842 46.617781080596615 22.710580700324499 62.449625967739848 65.940302268900268 77.940491918787302 15.628147732815703 81.873122829209024 91.27781977718405 148.4174318628684 29.095783679978922 57.280481169858831 144.0633533133223 1148.976024808755 41.402957051221165 472.88252007437404 115.33971866496722 8.1577481080312264 209.25957784190541 112.00077238708036 15.965480066253802 108.18157729004815 89.133156331576174 244.9528181462083 57.718333838754916 20.149856005315087 88.620692431388306 36.451990043875412 20.851243592485844 28.743922298890539 106.90298071922734 3271.874889972627 9.6333080094773305
leaf_count=585 155227 9569 1536 11895 315126 799 1946 294 111 322 312 58 108 296 137 117 47 138 989 83 2469 391 149 205 62 1298 662 529 2900 201 1774 1070 1264 4624 5853 1849 5090 4004 22845 4284 5476 11428 54811 3776 17014 7873 370 7455 4901 1326 12204 2518 18074 1792 424 5258 4437 912 479 5998 87210 297
internal_value=0.000284035 -9.31123e-05 0.000299505 0.000216524 0.000336471 0.00593757 -0.00610122 0.00614195 0.00298639 0.0125113 0.00752695 -0.00331167 -0.0102796 -0.0186099 0.00430914 -0.012694 -0.0414586 0.000869973 0.00596205 0.00950274 0.0108069 -0.00604305 -0.0160601 0.0135224 -0.00389916 -0.00451475 -0.00539008 0.0208911 -0.0128974 -0.0168624 8.26228e-05 0.00111737 0.0228852 -0.00117534 -0.00329824 -0.0133874 -0.00200263 -0.0086489 -0.0165866 -0.00299592 -0.00155715 0.00367258 -0.000344509 -0.00496027 -0.00919236 -0.0240438 0.002499 -0.0078995 0.00765657 -0.00464496 -0.0196774 0.000526181 0.000944209 -0.0136991 -0.0264296 -0.00986324 -0.0148546 0.00328076 0.00145998 -0.00647526 0.00231193 0.0299542
internal_weight=18896.7 17758.3 16314.3 16253.9 16119 684.296 158.181 1138.4 782.437 355.965 270.01 143.447 121.856 94.4526 754.195 63.8621 17.1692 46.6929 690.333 508.086 496.746 71.9158 54.6602 424.83 182.247 1443.96 1375.66 60.4479 125.035 114.791 15434.7 8469.37 85.1602 6965.33 3089.61 335.674 2753.93 548.075 255.454 107.036 292.622 235.341 2205.86 839.465 629.625 156.743 1366.39 217.417 209.839 97.8386 248.882 3875.73 3786.59 124.486 77.8682 140.701 125.073 86.7915 3662.11 351.856 3310.25 38.3772
internal_count=815251 808378 651191 649126 639557 17741 5846 6873 5192 1681 1359 774 716 608 4898 439 164 275 4459 3408 3325 651 540 2674 1051 157187 155889 2065 5047 3101 621816 317460 2334 304356 185790 29284 156506 53890 32982 10137 20908 15432 102616 39980 28663 11649 62636 7825 11317 6416 23748 118566 116048 3990 2216 11544 9695 5536 112058 24072 87986 776
cat_boundaries=0 1 2 3 4 5 6 7 8 9 10
cat_threshold=66666 9312272 711944 77140 6177 69214465 1262472 536272 65696 270400
is_linear=0
shrinkage=0.05


Tree=114
num_leaves=63
num_cat=7
split_feature=1 35 29 31 21 10 35 37 49 11 26 26 2 49 11 16 23 15 11 6 19 49 15 16 37 19 23 47 45 7 7 10 18 34 21 45 22 34 48 45 34 7 31 36 45 12 34 29 26 48 49 16 18 29 40 12 45 19 27 35 45 48
split_gain=23.9412 15.1488 18.8312 13.129 12.6947 15.0739 11.8715 13.6599 15.4298 11.6776 11.5671 12.7129 11.196 11.1562 10.6942 10.9157 10.7513 19.2244 20.2746 16.6277 22.5287 15.9105 15.3731 15.8584 15.0151 15.4023 15.093 14.8667 13.8966 12.9084 12.2887 12.2533 11.8878 11.9679 14.0716 11.814 20.909 20.6442 20.1825 18.4695 19.7029 12.3633 12.0595 13.3737 11.769 13.2179 18.0069 13.4401 12.9595 11.7036 14.0327 12.6662 12.3368 11.7139 14.2347 11.6436 11.5716 11.5481 11.8293 13.7576 11.4965 15.3332
threshold=8.5000000000000018 0.27466151118278509 0.7427366077899934 12.500000000000002 0.99711209535598766 2.5000000000000004 0.18465909361839297 30.500000000000004 5.1675453186035165 27.500000000000004 43.500000000000007 47.500000000000007 6.5000000000000009 20.4825553894043 35.500000000000007 0.29520697891712194 43.500000000000007 1.0000000180025095e-35 17.500000000000004 5.5000000000000009 306.50000000000006 15.932878494262697 0.50167784094810497 0.63538610935211193 25.500000000000004 542.50000000000011 47.500000000000007 0 1 0.89886757731437694 0.91197168827056896 1.0000000180025095e-35 0.42558647692203527 0.024143877439200882 0.89710083603858959 2 30.63950347900391 0.022563491947948936 1.3687025904655459 3 0.026765490882098678 0.97371873259544384 17.500000000000004 1.5000000000000002 4 5.5000000000000009 0.039019480347633369 2.5058979988098149 153.50000000000003 2.1544913053512578 9.6890926361084002 0.98837208747863781 0.2149859964847565 1.7074866294860842 1.0000000180025095e-35 6.5000000000000009 5 123.50000000000001 283.00000000000006 0.78382772207260143 6 1.2234279513359072
decision_type=8 10 2 10 2 8 8 2 2 8 2 2 10 2 10 10 2 8 10 10 2 2 10 10 2 2 2 9 9 10 8 10 10 10 2 9 2 10 10 9 10 8 10 2 9 10 10 2 2 10 2 10 10 2 2 10 9 2 2 10 9 10
left_child=1 2 -1 -4 14 -6 7 8 -7 -10 -8 -12 -5 -13 16 -16 19 18 21 22 -21 30 23 44 25 26 -19 35 31 -23 56 -29 -20 34 -34 37 42 41 -38 57 -41 -26 43 -37 45 -2 47 48 -47 51 -51 52 -32 -53 -55 -48 -18 -40 59 -59 -25 -62
right_child=4 -3 3 12 5 6 10 -9 9 -11 11 13 -14 -15 15 -17 17 24 32 20 -22 29 -24 60 27 -27 -28 28 -30 -31 49 -33 33 -35 -36 36 38 -39 39 40 -42 -43 -44 -45 -46 46 55 -49 -50 50 -52 53 -54 54 -56 -57 -58 58 -60 -61 61 -63
leaf_value=-0.035377707376396339 0.0011658152718856877 0.006978263331116806 0.0071298055945651171 -0.040913172280761467 0.011658809904629938 0.02415185769595414 -0.00026387812624303783 -0.034776118730898538 0.00018793378407787917 -0.040240329847018121 -0.053958316714506863 -0.006125673506860183 0.012737826664074657 -0.029407233201650198 -0.032888463955681263 -0.0015488758008338419 0.0053406571725685319 0.015007335440653222 -0.018240714564478247 0.013899823570644629 -0.038735995449583699 -0.017295171645390146 -0.014035900270422617 0.0021655009200279812 -0.020120845193714848 0.0044366820606856613 -0.007290207831149466 0.011105346870627923 -0.030896647026379804 0.025442953227663143 0.0019586605767591705 -0.033251313502980939 -0.029705458097337045 0.0088233653513998967 0.0082242893637893884 -0.0092791216361725205 0.0039962234018152886 -0.0022745150051501867 0.012887367128502268 -0.039702831066402162 -5.270098861392464e-06 0.015749323591954082 0.011760623726837179 -0.037621334896034218 -0.011041073147665606 -0.029283413649040781 -0.033946586233108277 0.0074096348588110084 -0.008352081429183365 -0.0017153935057187782 0.028555922258803726 0.011555593331535045 -0.012212863481086141 -0.035543362411192041 0.0087107557854582181 0.034300472799190816 -0.03180172549565765 -0.053514098755505057 0.012016991421320448 -0.0033544319386324033 0.001267333018114668 0.016552242563911104
leaf_weight=40.910360205103643 3555.6139522513804 1655.4256624020927 148.46954238018952 25.0865224362351 124.40505706286058 26.051601412153104 729.0117622493708 69.196426429196435 39.419119680474978 27.591266552299203 10.824764490767846 577.39035273314221 11.504597369581459 52.196632483013673 45.148900663261884 63.476535672816681 33.783383465139195 75.744143879710464 395.16717107976729 379.71905058686389 16.713556959177367 217.33417011383426 166.30483163865574 1653.8469293575254 21.116874005179852 454.8954736875603 1369.1204859579302 62.485264852570253 52.866726657666732 14.822429294814354 315.3987372098818 15.242181709501891 58.501190738228615 99.634844146552496 36.87301669025328 251.88461517890391 2414.7750228697987 311.56064996556961 97.02908134010795 76.784344754385529 50.594361177150859 479.83958495996194 48.394616567224148 46.448313755987328 240.88477080813755 89.869200062821619 3.3140652571455567 97.621803932473995 371.38692787039327 71.43036718168878 76.191152345032606 275.65537179693638 292.13275671227893 27.827112968603615 37.284558996703709 33.680308687034994 40.232183499465464 19.760431035654619 29.602076741633937 32.138368618790992 285.88826496007096 382.9133340017579
leaf_count=690 90401 11417 1004 370 1629 3001 93869 15240 4023 8606 919 36961 137 6322 4734 3912 5832 2677 29777 11645 591 26430 7805 47072 3587 6054 67396 5809 6032 1409 28922 1451 3385 5614 1191 10084 85751 21147 4579 5950 2137 12930 3730 4922 17862 3661 257 1093 7039 3192 1814 18416 21914 1113 880 872 11596 1110 711 1172 14267 11140
internal_value=-2.30463e-05 0.0053203 -0.00671382 0.000386748 -0.000617709 -0.00476906 -0.00613695 -0.0187342 -0.00564114 -0.0180965 -0.00458163 -0.00945661 -0.0245414 -0.00827235 -0.000166625 -0.0154488 -5.22196e-05 -0.00132877 -0.0055697 0.00133389 0.0112259 -0.00227855 0.000756272 0.00113279 0.000104282 -0.00355187 -0.00607358 0.00183845 -0.0138775 -0.0140876 0.000114756 0.000823576 -0.0133037 -0.00309348 -0.0153621 0.00241411 0.000977294 0.00772235 0.00245945 -0.00954066 -0.0228079 0.0140534 -0.0104947 -0.0142392 -0.000634703 8.21283e-06 -0.00685137 -0.00915325 -0.0127005 0.00148128 0.0143321 -0.000583873 -0.00489981 0.00707032 -0.0113883 0.0248728 -0.0189323 0.00145243 -0.0119513 -0.025477 0.00446948 0.00992903
internal_weight=18826.4 1881.4 225.971 185.061 16945 1656.09 1531.68 162.258 93.062 67.0104 1369.42 640.412 36.5911 629.587 15288.9 108.625 15180.3 7902.55 1992.27 7277.76 396.433 1402.09 6881.32 6715.02 5910.28 1899.76 1444.86 4010.52 130.594 232.157 1169.94 77.7274 590.176 195.009 95.3742 3879.93 3067.41 812.517 2720.68 305.909 127.379 500.956 346.728 298.333 4392.37 4151.49 595.872 558.878 461.256 1095.92 147.622 948.299 607.531 340.767 65.1117 36.9944 74.0156 178.53 81.5009 51.8988 2322.65 668.802
internal_count=815253 13618 2201 1511 801635 170570 168941 30870 15630 12629 138071 44202 507 43283 631065 8646 622419 408714 161485 213705 12236 121518 201469 193664 247229 76127 70073 171102 13292 27839 93679 7260 39967 10190 4576 157810 120146 37664 101410 15659 8087 16517 18736 15006 121185 103323 12922 11793 10700 76251 5006 71245 50836 20409 1993 1129 17428 7572 2993 2282 72479 25407
cat_boundaries=0 1 2 3 4 5 6 7
cat_threshold=306561987 103680 1322248 610818 459971 9377 145834
is_linear=0
shrinkage=0.05


Tree=115
num_leaves=63
num_cat=6
split_feature=1 13 49 3 21 46 28 11 17 18 27 20 19 20 18 33 31 17 21 34 22 47 31 19 47 22 33 46 18 18 17 48 29 49 11 47 34 10 26 34 34 33 8 24 35 48 21 37 48 1 19 43 2 34 23 5 21 49 1 15 26 5
split_gain=21.4559 10.9813 10.226 11.3804 8.85781 14.8664 13.1989 10.8514 14.8487 8.69304 8.36722 9.37154 8.84667 10.0536 12.3386 8.36599 9.92107 9.28558 8.21125 8.30787 8.18599 12.4732 12.8708 11.7851 16.396 13.7704 10.0353 11.4605 18.5978 20.3077 20.3465 17.0082 17.3176 13.5787 18.9639 13.2255 12.2339 12.0231 10.7854 10.9711 10.0102 10.3533 9.92107 9.77789 9.64177 14.2431 13.9099 12.0457 10.4877 13.8942 12.3777 12.3342 17.8596 19.6574 14.4123 12.2066 12.0449 15.5331 13.8047 17.4119 12.1784 10.7894
threshold=6.5000000000000009 3.5000000000000004 31.264814376831058 0.085788752883672728 0.36854232847690588 0 63.500000000000007 23.500000000000004 0.39566099643707281 0.40824915468692785 1.5000000000000002 0.022011522203683857 8.5000000000000018 0.016704408451914791 0.069971442222595229 28.500000000000004 4.5000000000000009 0.36939570307731634 0.70948985219001781 0.021459040232002739 33.396610260009773 1 9.5000000000000018 44.500000000000007 2 28.689934730529789 4.5000000000000009 3 0.062223451212048538 0.33589744567871099 0.85164836049079906 1.2173503637313845 1.8519394397735598 0.5108928680419923 25.500000000000004 4 0.039547691121697433 11.500000000000002 11.500000000000002 0.049935970455408103 0.050870863720774658 50.500000000000007 1.5000000000000002 2.5000000000000004 0.98245075345039379 1.7828359603881838 0.56507623195648204 23.500000000000004 1.6670468449592593 20.500000000000004 601.00000000000011 5 10.500000000000002 0.018612994812428955 48.500000000000007 0.10021013766527177 0.98918887972831737 9.3739719390869158 15.500000000000002 0.25893996655941015 15.500000000000002 1.0000000180025095e-35
decision_type=8 2 2 8 2 9 2 10 10 10 2 2 2 2 10 10 8 10 2 10 2 9 8 2 9 2 8 9 10 10 10 10 2 2 8 9 10 10 2 10 10 10 8 2 10 10 2 2 10 8 2 9 8 8 2 10 2 2 8 10 2 10
left_child=4 2 3 -2 5 9 -7 -6 -9 -1 11 -5 13 14 -12 16 -4 -17 19 -3 23 22 -22 24 -14 -26 -23 33 31 40 43 38 35 34 -28 -33 -32 -37 39 -29 41 -30 -25 -31 48 46 47 -46 51 -50 -51 52 54 55 -44 -54 58 61 59 -53 -60 -58
right_child=1 18 15 10 7 6 -8 8 -10 -11 12 -13 20 -15 -16 17 -18 -19 -20 -21 21 26 -24 42 25 -27 27 28 29 30 36 32 -34 -35 -36 37 -38 -39 -40 -41 -42 -43 44 -45 45 -47 -48 -49 49 50 -52 56 53 -55 -56 -57 57 -59 60 -61 -62 -63
leaf_value=0.012582368416370596 -0.042868076563194954 -0.038990039462136361 -0.037394346781677454 -0.039171556209097014 0.0068726342973872648 -0.055767184828013509 0.014234665043134316 -0.058314132352053349 0.013295149755822931 -0.019170613720638777 0.014030864306255487 -0.002235191241000641 -0.02042106082480117 0.014143398367545124 -0.044876633776829732 -0.017389612671625206 -0.0083930121980359106 0.030191746196212024 0.01937156841624289 0.0074881441908914341 -0.030322966003949195 -0.0058454847000880316 -0.000187567393393184 0.027567344499923235 -0.016118354891318892 0.013081234663405836 -0.063924635563042967 -0.030792986657844093 0.01580712164593864 -0.033163057027761608 0.026750473879400508 0.015793126364535625 -0.036331548746504745 -0.0015403380613773898 -0.0063390179787074551 -0.020216121135905991 -0.038903246674471204 0.037175562600294275 0.0036674332122040806 0.022621662659252147 -0.035568248246075247 -0.03053860787541246 -0.031770789077378216 0.010676368259946655 0.0042225741339376602 -0.014180696571866255 0.00026480671167334479 -0.0214947952525247 -0.042787522906269915 0.007951263476243111 -0.03678351404244963 -0.0032584752029915227 -0.0037606768254422303 0.0059642903585831568 0.032721956934411038 -0.04925238910546037 0.0008360635746878294 -0.031062655147605991 -0.019011037713401659 -0.069492575571516821 0.00042579537424362575 -0.048360061560001562
leaf_weight=73.5834397287108 10.994639852724502 8.8259955313988012 41.321986829367233 24.781350316767202 1491.1745536731032 22.515895771677609 6.6125803503673515 10.180150934145788 10.965360185946336 24.847492796834558 14.17187653151632 42.103437424040749 34.643293199216714 173.65811128582573 12.805141103141066 14.587029629721657 92.697830263496144 17.219002749028732 109.1579136706423 27.709542162250727 74.951479878625832 1143.2365626408136 63.74309697948047 27.407697986171115 40.218762056319974 436.03788716132112 15.682000335538758 38.516579768373049 495.61214388755616 58.007792557531502 38.210186330543365 42.782035547745181 57.107971008168533 6263.7418415194697 50.597946895781206 90.593280716580921 3.9347831648774436 5.5016311882063738 690.36635066961753 8.4088535093469527 5.4571990309632374 7.8774906453327267 5.6868585543707004 13.364556087908566 64.193495439278195 250.00691737755551 1446.9560343673365 140.38648600850138 9.2889544842764717 773.3824246047152 10.906558713177217 26.895501602673903 34.853193227841984 544.43741905887146 79.433387914206833 21.773677262826823 141.48697267682292 69.808342185890069 77.74125044955872 11.227965742116792 3094.2271684097068 7.0837831507960791
leaf_count=768 3189 179 5518 37319 9396 533 39 127 69 332 3738 32330 4101 18704 3474 1909 8671 637 925 285 7883 105414 4809 1776 3979 25102 944 5331 17053 3236 943 1717 3030 204171 1753 6593 157 72 23958 366 314 588 119 647 3799 11895 77058 13151 198 26916 379 506 1769 13302 660 1268 8826 7312 11905 284 83128 705
internal_value=-0.000191377 -0.000715661 -0.00083482 -0.000710796 0.00526306 -0.0071863 -0.0310272 0.00633334 -0.0257389 0.00367246 -0.00067042 -0.0176931 -0.00059704 0.00971038 -0.0165756 -0.013007 -0.0183582 0.00897189 0.012723 -0.0070817 -0.000725156 -0.00172135 -0.0158578 0.000518049 0.00780519 0.0102604 -0.00147635 -0.000841509 0.00298608 0.00966249 -0.00915616 -0.00146279 -0.0143595 -0.00178573 -0.0234922 -0.0043757 0.017145 -0.0138811 0.002039 -0.0199647 0.0139081 0.0147888 -3.17792e-05 -0.0247925 -0.000163004 -0.00318092 -0.00147802 -0.0135169 0.00100824 0.00625191 0.00710009 -9.44316e-06 0.00603516 0.00298394 0.0268896 -0.0238296 -0.00124022 -0.0124705 -0.000461889 -0.0285611 -7.97491e-05 -0.00300773
internal_weight=18745.7 17105.8 16960.1 16794.3 1639.88 127.559 29.1285 1512.32 21.1455 98.4309 16783.3 66.8848 16716.4 200.635 26.977 165.826 134.02 31.806 145.693 36.5355 16515.8 9167.69 138.695 7348.08 510.9 476.257 9029 7885.76 1555.74 622.464 113.517 933.277 195.985 6330.02 66.2799 138.877 42.145 96.0949 737.292 46.9254 508.947 503.49 6837.18 71.3723 6809.78 1901.54 1651.54 204.58 4908.23 793.578 784.289 4114.66 686.185 601.064 85.1202 56.6269 3428.47 218.379 3210.09 38.1235 3171.97 148.571
internal_count=815259 803995 802606 785871 11264 1672 572 9592 196 1100 782682 69649 713033 25916 7212 16735 14189 2546 1389 464 687117 388979 12692 298138 33182 29081 376287 270873 64005 22938 4983 41067 11412 206868 2697 8382 1100 6665 29655 5697 17955 17641 264956 3883 263180 105903 94008 16950 157277 27493 27295 129784 17118 16339 779 3037 112666 16843 95823 790 95033 9531
cat_boundaries=0 1 2 3 4 5 6
cat_threshold=217442 340281610 1533249 631830 2359809 335872
is_linear=0
shrinkage=0.05


Tree=116
num_leaves=63
num_cat=5
split_feature=1 18 48 46 49 27 15 16 33 35 25 25 45 11 35 13 45 21 34 48 37 18 45 16 32 16 36 34 34 37 23 49 37 16 21 49 47 18 25 34 27 19 49 18 19 49 39 5 30 27 16 49 16 33 11 33 34 34 37 22 37 21
split_gain=24.5369 13.1646 13.4491 13.1248 15.5902 14.8289 12.5532 12.9486 12.0216 12.016 14.9001 11.9309 11.6882 11.213 11.3526 11.0866 16.813 22.2999 18.4949 15.5676 20.1777 16.7332 15.3034 14.6059 14.5467 14.2734 14.0375 13.9708 12.9731 12.6776 12.002 11.5464 11.4013 13.7427 11.1771 10.7249 13.1409 14.1463 12.5334 16.4799 11.7855 14.6852 14.0842 20.3658 16.6877 12.1193 11.7146 11.6168 11.9499 11.2914 16.2651 17.0223 10.7278 10.4418 12.6615 13.0013 16.9829 16.0489 13.2014 12.357 13.7966 13.5252
threshold=8.5000000000000018 0.11822947114706041 0.39300721883773809 0 0.42857074737548834 102.50000000000001 0.15301003307104113 0.84292763471603405 4.5000000000000009 0.23303167521953586 7.5000000000000009 50.500000000000007 1 5.5000000000000009 1.0000000180025095e-35 1.5000000000000002 2 0.26295150816440588 0.038139831274747855 1.5889930129051211 32.500000000000007 0.33589744567871099 3 0.084039550274610533 4.5000000000000009 0.41254901885986334 12.500000000000002 0.015141294803470375 0.01354279648512602 21.500000000000004 13.500000000000002 1.200319290161133 19.500000000000004 0.062828946858644499 0.63071563839912426 7.8009901046752939 4 0.52506268024444591 75.500000000000014 0.044641500338912017 245.50000000000003 655.00000000000011 10.805664062500002 0.6026315987110139 291.50000000000006 23.654243469238285 1.0000000180025095e-35 0.10215354710817338 33.500000000000007 266.50000000000006 0.69631093740463268 4.0015487670898446 0.94201681017875682 30.500000000000004 2.5000000000000004 23.500000000000004 0.029423819854855541 0.049935970455408103 32.500000000000007 31.861853599548343 22.500000000000004 0.84796366095542919
decision_type=8 8 10 9 2 2 8 8 10 10 2 2 9 10 8 2 9 2 10 10 2 10 9 8 8 8 2 10 10 2 2 2 2 8 2 2 9 8 2 10 2 2 2 10 2 2 2 8 2 2 10 2 10 10 8 10 8 10 2 2 2 2
left_child=9 2 -2 4 -3 6 -6 -8 -4 10 -1 -7 -10 -13 -15 16 17 32 19 20 25 -21 24 -22 -17 -19 35 28 -23 -29 -24 -20 -5 -34 -31 36 37 -18 39 -38 -37 42 44 45 -42 -44 -40 -41 -49 50 51 -48 -52 54 -32 -56 58 -58 59 61 -61 -57
right_child=1 3 8 15 5 11 7 -9 12 -11 -12 13 -14 14 -16 22 26 18 31 21 23 27 30 -25 -26 -27 -28 29 -30 34 53 -33 33 -35 -36 40 38 -39 46 47 41 -43 43 -45 -46 -47 49 48 -50 -51 52 -53 -54 -55 55 56 57 -59 -60 60 -62 -63
leaf_value=-0.026040316513315034 -0.016986107103067954 -0.043741891675929338 -0.0080853250441477922 0.019872782038011235 0.02578065617989363 -0.033778783741820716 -0.0092977871806090573 0.013245947375850213 -0.016789915297662866 0.0068284356172377539 0.0027888255027584928 0.015796569323363884 -0.00063722967124995168 0.034247077762295623 -0.01361621654986043 -0.023222627380632452 0.027202457439373329 0.0089085277743591006 0.017979762443126698 -0.002530073347674586 -0.030811213858501274 -0.023266857778887481 0.012469756038477872 0.0074782266365288263 0.0055264537315387356 -0.007434898238144934 -0.017260985500560551 0.0063237814844268828 0.027114276047161757 0.0028517789675583834 -0.018708376471455752 -0.023468581529358434 0.022980743257411479 -0.038293324231250335 -0.048686941422467038 -1.2047921048331694e-05 0.0056852206348600044 -0.0037227432345559083 -0.0093707935141641441 0.023127651897464772 -0.0041282834973528811 0.022045334583176038 0.0013335770627295252 -0.057156551928740397 -0.047675392220556341 -0.031860657301062634 -0.033178592976379068 -0.057574890281190998 0.01879346415414089 0.01727426799058587 0.034636658159856719 0.0027584691019170598 -0.011995594210182528 0.0089616469133225029 0.0023442641485058569 -0.049558577825942994 -0.056148859218229479 0.017343812159069071 -0.024290702743255947 -0.031696827449791805 0.032185704197585374 0.01079616846795149
leaf_weight=58.809761021053419 156.63781925224976 9.8951587940973678 742.97408736105717 8.2755553917377238 133.54343067725858 22.217472206539242 81.088926400261698 248.45971969781385 100.6637900938149 1694.1035851177003 147.88142664602492 76.503259002813138 3643.1975289535512 9.1906749610789102 102.49345238087699 108.50479593739146 110.64058657678106 153.94113643375749 15.129909446244708 198.84697631632298 20.983104530409037 23.065926970521105 297.81783328513848 679.8279169746238 69.215139314066619 850.52715908260143 106.06721236717567 14.702982660703126 18.457438044904848 11.550955080412676 75.345386450528167 153.39646027964773 6.9174309160225667 83.077666644821875 72.590509783418383 2963.9914233872041 1378.630590484252 52.753376018445124 364.82647176564205 5.0274502075044438 39.81692645070143 29.91024073184235 231.99928142153658 13.34702628944069 47.185312989575323 26.144040575367399 52.519959573284723 19.230778728917365 3.9000359005294731 99.019419295567786 32.777176702162251 75.514355091931066 15.246783978916936 459.98297039535828 2460.9097021224734 10.987993053277025 27.423473437898792 7.070526245981454 41.77596698270645 5.9811408196110269 45.841843956382945 18.816659630741924
leaf_count=957 29097 587 85329 508 8526 1137 5098 6917 23175 11570 1096 869 185546 231 3837 3576 5822 10484 783 12632 3401 1968 5514 28674 924 33842 14308 1004 836 718 1422 13804 1304 12214 7481 144629 55134 1631 10242 141 640 621 6961 1053 2355 1765 1984 2236 102 1623 877 2116 625 7134 44764 321 944 80 1070 165 528 341
internal_value=6.08262e-05 -0.00054428 -0.00281088 0.000312692 0.00696959 0.00813423 0.0130928 0.00764277 -0.00229766 0.0054397 -0.00583523 -0.00282986 -0.00113984 0.00160366 -0.00837873 -8.79224e-05 -0.00112998 -0.00470843 -0.00366006 -0.00232383 -0.00036491 -0.0120232 0.0022012 0.00612165 -0.0115491 -0.00489845 0.00033966 -0.0249218 -0.000364859 -0.0347235 0.00294967 -0.0193366 -0.027453 -0.0326218 -0.0418486 0.000691085 0.00339111 0.0164283 0.00222191 0.0048664 -0.00109132 -0.00922268 -0.0120988 -0.00623843 -0.0290533 -0.00256975 -0.00355005 -0.0300351 -0.0436469 0.00419929 -0.00342835 -0.0126759 0.0200966 0.0020418 0.000845932 0.00144311 -0.0122427 -0.0407959 -0.00298373 0.00869353 0.0226724 -0.0153776
internal_weight=18837.2 16936.4 4643.47 12292.9 683.392 673.497 463.092 329.549 4486.84 1900.79 206.691 210.405 3743.86 188.187 111.684 11609.5 7979.84 2311.29 2213.02 2044.49 1705.28 339.215 3629.67 700.811 177.72 1004.47 5668.55 140.368 41.5234 98.8444 3451.95 168.526 98.2707 89.9951 84.1415 5562.48 2210.09 163.394 2046.69 1406.79 3352.39 388.403 358.493 271.49 87.0022 258.143 639.904 28.1583 23.1308 275.078 176.058 128.034 48.024 3154.14 2694.15 2618.81 157.898 34.494 123.404 81.6276 51.823 29.8047
internal_count=815273 801650 323147 478503 27202 26615 20541 12015 294050 13623 2053 6074 208721 4937 4068 451301 384518 129653 115627 101040 76401 24639 66783 32075 4500 44326 254865 12007 2804 9203 62283 14587 14026 13518 8199 240557 82533 7453 75080 57613 158024 13395 12774 9779 2995 8726 17467 2479 2338 7225 5602 4100 1502 56769 49635 48213 3449 1024 2425 1355 693 662
cat_boundaries=0 1 2 3 4 5
cat_threshold=41968 557569 232968 274433 69230673
is_linear=0
shrinkage=0.05


Tree=117
num_leaves=63
num_cat=11
split_feature=1 49 17 19 43 47 4 16 36 17 46 18 45 45 9 49 17 22 25 49 15 46 31 31 34 16 49 6 49 13 48 34 29 31 30 13 16 46 49 30 26 1 45 48 7 29 29 30 16 20 9 30 16 49 22 46 43 29 20 48 45 22
split_gain=24.7594 19.5614 15.4609 14.0035 13.9719 11.3174 12.4996 11.7693 11.2609 17.0506 16.3264 15.6345 13.322 13.1567 15.2543 11.8914 14.301 11.0222 16.5786 15.3269 14.9662 14.6033 16.2322 14.0391 11.2284 16.3761 10.5762 10.477 10.3395 15.8909 14.0302 11.5806 11.7183 10.3152 14.0354 10.6508 10.291 10.2909 10.2857 11.9385 10.1969 10.1505 10.5731 10.1188 9.49587 15.6404 9.45311 12.8321 11.7051 9.41817 12.3447 16.8994 9.39927 9.57541 9.39722 10.4922 10.7429 10.512 15.7103 9.31761 9.17423 11.7528
threshold=7.5000000000000009 31.264814376831058 0.13079115748405459 140.50000000000003 0 1 2.5000000000000004 0.71563342213630687 2.5000000000000004 0.026455767452716831 2 0.10551619529724122 3 4 101.50000000000001 19.56789588928223 0.050641026347875602 38.122917175292976 35.500000000000007 16.938522338867191 0.090454548597335829 5 7.5000000000000009 5.5000000000000009 0.041150808334350593 0.69631093740463268 14.851549148559572 12.500000000000002 1.0018053054809573 1.5000000000000002 1.6253178715705874 0.025242584757506851 1.4885832667350771 4.5000000000000009 12.500000000000002 1.5000000000000002 0.54653680324554454 6 0.21453762054443362 33.500000000000007 40.500000000000007 42.500000000000007 7 0.80852496623992931 0.69348686933517467 2.9814251661300664 3.614962220191956 15.500000000000002 0.63538610935211193 0.0082382340915501135 57.500000000000007 2.5000000000000004 1.0000000180025095e-35 0.21453762054443362 30.744939804077152 8 9 0.42388592660427099 0.049814164638519294 1.2461595535278323 10 41.60241889953614
decision_type=8 2 10 2 9 9 8 10 2 10 9 10 9 9 2 2 10 2 2 2 10 9 10 10 10 10 2 8 2 2 10 10 2 10 2 2 10 9 2 2 2 10 9 10 10 2 2 2 10 2 2 2 8 2 2 9 9 2 2 10 9 2
left_child=4 5 -3 27 -1 7 -7 33 13 12 44 -12 26 14 28 16 40 18 19 21 -21 -6 23 -23 25 -24 -10 -4 29 31 52 -8 -33 35 43 -2 -16 -15 -9 -40 -13 -39 -43 -35 54 -46 -14 48 -48 -30 -51 -52 -31 -54 -11 -56 57 58 -57 -36 61 -19
right_child=1 2 3 -5 17 6 8 38 9 10 11 15 46 37 36 -17 -18 60 -20 20 -22 22 24 -25 -26 -27 -28 -29 49 30 -32 32 -34 34 59 -37 -38 41 39 -41 -42 42 -44 -45 45 -47 47 -49 -50 50 51 -53 53 -55 55 56 -58 -59 -60 -61 -62 -63
leaf_value=0.0096792634868441297 -0.01780846128054691 -0.032325847741943699 0.018392306412202762 0.017715491629219173 0.017430330250120089 0.012170209040296738 0.020614931487942217 0.029818305243490512 0.0090254309238306987 -0.0062062618152583437 -0.013438441480527944 -0.026686488455477587 -0.016646758363404731 -0.0065066339146277645 0.041996442171043841 0.01715300703958688 -0.0054810966640948342 0.011653960350681088 0.0081006181649608197 0.011574326246825507 -0.055626821715652211 -0.011990469394303311 -0.013281523543844624 0.023786755582220098 0.011504557129159683 -0.052304339223524413 -0.021058671175720259 -0.035609396409622664 0.0205702709541037 0.010310380020778352 0.018848538613603864 -0.031572218993167249 0.015186721513780928 -0.017606493922897211 0.002739145149309675 0.01136603143432292 -0.014250154033384458 0.001851208208811641 -0.026251859071572084 0.016957278440558936 0.03954831665569869 0.02012314517883336 -0.012171396132159947 0.025469987877664704 -0.016588042076003322 0.026008729423038526 0.0051259492693170048 0.022292431878862054 -0.039001832552772592 -0.0026684994935931546 0.023328674854526294 -0.04946858349775448 -0.0012206855829747301 -0.067772918701370657 0.021440175825990473 -0.030191527341867211 -0.0063543417516513136 0.0081586086981461099 0.033111851763594061 -0.038481566043171461 0.019051043843885437 -0.019315191751122562
leaf_weight=1048.3829708502162 119.4370831257329 79.028629112541239 8.7609808954293822 41.236715282779187 42.600640359683894 211.341063451222 149.09277055133862 6.1096490790223461 137.33297148312704 182.36782312357536 382.64200206193709 3.5159971819302909 429.99955560011949 350.20809567740798 27.151695582084358 77.424824622554297 475.43036628334085 71.262386275804602 191.99006834381726 9.1915603063534927 26.549428190221079 57.224912316421978 82.563459543278441 44.211996486177668 18.930180074181408 38.919642068562098 31.831998723246215 28.270116759078519 38.060413292892918 6.7468476060312268 13.947344712214543 20.725152424223779 23.506906011782121 12.586019009293521 36.517930080135557 37.948772006086074 8.0986995017155987 8757.7379424665305 134.77150941397485 14.610685545689192 24.635800903488416 119.01422062842175 23.658835831040051 79.475507608847693 118.05237250057689 21.468147988896817 32.95801528528682 36.541560288227629 21.168493078730535 3576.2639815931143 7.5144297229126087 24.701286648749374 7.7138269549468559 14.638361592893487 85.801432705004117 35.39422947728599 183.34772904239071 774.13546262907039 8.4418700582828006 16.387044900548062 108.49552966654301 46.214289345371071
leaf_count=6431 7442 10544 228 1885 331 11700 5077 185 23536 15393 35994 579 51136 24188 104 4737 32068 500 1206 94 343 416 1123 275 151 675 8675 4026 3559 161 213 2566 782 3375 5222 432 205 240663 14202 794 773 1756 856 4670 22167 926 2066 1225 869 196155 59 842 258 656 4509 4629 13523 33534 301 1997 697 477
internal_value=0.000433138 -0.000154097 -0.01743 -0.00135138 0.0060248 1.18011e-05 0.000230905 -0.00761486 7.18903e-05 -0.00265655 -0.000637857 -0.00560361 -0.00954523 0.000707175 -0.00171756 -0.000468711 -0.00332002 0.000665065 -0.00338637 -0.0102927 -0.0390451 -0.00606795 -0.010747 0.00398816 -0.0219021 -0.0273567 0.00276374 -0.0221653 -0.00203684 0.00799231 -0.0180705 0.0141048 -0.0077038 -0.00193653 0.00755288 -0.0106406 0.028909 0.00173454 -0.0187265 -0.0216134 0.0284987 0.00206922 0.0150756 0.0189773 0.00278605 -0.00936057 -0.0133316 0.00104543 -0.0139709 -0.00269699 -0.00297053 -0.0316354 -0.0359352 -0.0492271 0.00417435 0.00593617 0.00425242 0.00670153 -0.0158587 -0.0122491 0.00975123 -0.000758284
internal_weight=18844.3 17057.8 157.296 78.2678 1786.54 16900.5 16442.6 457.844 16231.3 3062.49 2372.66 963.649 689.833 13168.8 3918.16 581.007 503.582 738.154 512.182 320.192 35.741 284.451 241.85 101.437 140.413 121.483 169.165 37.0311 3882.91 236.371 43.0464 193.325 44.2321 302.352 144.967 157.386 35.2504 9250.62 155.492 149.382 28.1518 8900.41 142.673 92.0615 1409.01 139.521 520.668 90.6681 54.1265 3646.54 3608.48 32.2157 29.099 22.3522 1269.49 1087.12 1001.32 817.972 43.8361 52.905 225.972 117.477
internal_count=814161 801442 16683 6139 12719 784759 746440 38319 734740 256640 169133 74151 87507 478100 210637 38157 33420 6288 4614 3408 437 2971 2640 691 1949 1798 32211 4254 210328 9713 1288 8425 3348 23138 15264 7874 309 267463 15181 14996 1352 243275 2612 8045 94982 23093 55296 4160 2935 200615 197056 901 1075 914 71889 56496 51987 38464 4930 7219 1674 977
cat_boundaries=0 1 2 3 4 5 6 7 8 9 10 11
cat_threshold=102496 478758186 143107 1227526 38990 52228 28929 335904 132864 65728 526533
is_linear=0
shrinkage=0.05


Tree=118
num_leaves=63
num_cat=4
split_feature=1 26 45 19 48 45 23 18 18 48 25 1 16 16 20 20 34 1 33 4 33 28 5 35 17 20 30 25 47 33 4 37 20 29 25 34 35 21 17 15 5 19 8 17 19 28 48 22 45 34 37 17 18 21 35 48 35 18 33 48 28 36
split_gain=12.7671 16.9194 13.7631 11.1843 10.9042 10.9306 13.3231 11.5329 15.0354 10.9228 17.5655 12.2668 10.0734 10.1226 14.6451 16.8906 13.9707 12.5283 14.4086 10.0549 14.6998 19.7461 13.8552 12.1997 14.4056 9.95967 15.4345 11.5352 9.87566 9.80069 9.75562 9.62485 9.57927 9.41665 9.38849 9.2563 11.3612 9.7648 9.2273 9.99773 9.00076 20.0346 20.4713 19.5301 20.2382 16.4412 15.1335 14.6197 14.127 13.9992 13.341 19.9879 12.5052 11.2341 27.2457 16.3387 15.2551 17.8922 22.935 16.9467 15.1881 15.1363
threshold=23.500000000000004 6.5000000000000009 0 582.00000000000011 1.0814917087554934 1 40.500000000000007 0.90454545617103588 0.74537035822868358 1.032311022281647 4.5000000000000009 1.5000000000000002 0.78629976511001598 0.13367697596549991 0.016335422173142437 0.01688212621957064 0.015806606039404873 8.5000000000000018 20.500000000000004 7.5000000000000009 37.500000000000007 158.50000000000003 0.22666520625352862 0.77097901701927196 0.85164836049079906 0.024807062931358818 5.5000000000000009 2.5000000000000004 2 5.5000000000000009 3.5000000000000004 60.500000000000007 0.0079849408939480799 1.4598884582519533 4.5000000000000009 0.017780872061848644 0.77097901701927196 0.80418124794960033 0.61651584506034862 0.18027777969837191 0.14364628493785861 68.500000000000014 14.500000000000002 0.26138716936111456 144.50000000000003 96.500000000000014 0.4869594424962998 36.429285049438484 3 0.018915254622697834 36.500000000000007 0.50196850299835216 0.64809083938598644 0.95470327138900768 0.44562648236751562 0.91039663553237926 0.38675214350223547 0.10102041065692903 53.500000000000007 2.4560366868972783 149.50000000000003 2.5000000000000004
decision_type=8 2 9 2 10 9 2 10 10 10 2 10 10 10 2 2 10 10 10 8 10 2 10 10 10 2 2 2 9 10 8 2 2 2 2 10 10 2 10 10 10 2 10 10 2 2 8 2 9 10 2 10 10 2 8 10 8 8 10 10 2 2
left_child=4 2 25 19 5 9 -7 8 34 12 -11 -12 13 -1 16 -16 -15 29 -19 20 22 33 -3 -24 -25 26 32 -28 -27 -17 -4 -5 -2 -22 -8 -14 38 -38 39 -37 46 -42 43 45 50 47 -21 -43 49 -49 51 -45 -46 56 -55 60 -48 61 59 -59 -56 -58
right_child=1 3 30 31 -6 6 7 -9 -10 10 11 -13 35 14 15 17 -18 18 -20 40 21 -23 23 24 -26 28 27 -29 -30 -31 -32 -33 -34 -35 -36 36 37 -39 -40 -41 41 42 -44 44 52 -47 53 48 -50 -51 -52 -53 -54 54 55 -57 57 58 -60 -61 -62 -63
leaf_value=0.018563499028589479 0.012057074744941144 0.020822434480919513 0.010775166705617253 0.0055558137440629768 0.0062329895306126636 0.013009240870976192 -0.013561646945253853 0.022392053584870883 -0.049680887861114353 0.015608231463605186 -0.0067538028017079914 -0.071987032216678792 0.026809497957436357 -0.050652825946091662 -0.056833876673301531 -0.013573653490510233 0.012658618269885026 -0.058163986762911984 0.018708501040177003 -0.011296791318072721 -0.065455216787815684 0.025080860088882308 0.011971224885967219 -0.026358853118229539 0.013943429330677224 0.012796687681301913 -0.012971703919272696 0.026862737382933551 -0.016345457672290127 0.021067213216369996 -0.019612616020569421 -0.033087738328524345 -0.051078854708263691 0.00068792589372829443 0.0024588965303789529 -0.037007107255746817 0.020693599577755399 -0.0037129398469643673 -0.052565130023474307 0.0086762037846784389 0.024327167176131828 -0.01064747216979179 0.02928062323136827 0.0076222813682950271 -0.014641191541432988 0.01136047890520662 0.0029833774341422787 0.022782418718834834 0.021183361307723803 -0.026195390980097412 0.015040932685765916 -0.027201723774208032 0.0059295556860013039 -0.016004895652684786 -0.011364991638212163 0.0029075527415642153 -0.0042025649516374821 0.00016803816083051575 -0.040841779853292258 -0.025962081763178525 0.0002946217484456632 -0.018237763341617835
leaf_weight=22.165112263988703 5.4632958134971004 160.84834552009124 26.089042735860858 935.23374697081454 1352.9789698845125 250.03199424012564 116.06234603474149 43.711433199001476 11.744414790999143 12.886554891243575 12.730320655042307 15.901804466499014 31.511147408280522 5.032128144754096 24.96637917123735 73.020125905401073 62.893227501888759 20.36440793750808 5.3695781035348764 368.53595631205826 14.263589356385639 10.815054764039813 111.48711126553826 57.201799788977951 30.538873555837199 128.66069674874598 46.145821576650633 23.202482538006734 23.811348133192951 22.816512949299067 268.11177781687365 11.477407090453196 24.363220249691949 7.3237154579255721 369.55775191518478 12.860713205183854 64.453596681123599 96.955916528095258 10.380547537701203 32.277292246930301 93.253426664479775 218.66402718846803 57.245266958372667 109.74532686494058 440.31204303121194 488.53519934866927 2585.3232702654204 17.326879334053956 81.639809211890679 38.911147778620943 152.88724685000489 59.541815502918325 85.720027289702557 395.68339047519839 591.24043141356378 986.66203896666411 920.63042236276669 5631.9355765449145 29.788027188449632 57.740727245603921 524.97860813920852 239.47550637993845
leaf_count=337 942 4385 10520 18219 11548 2235 2860 199 187 169 69 307 216 200 705 839 915 865 69 48111 719 59 1306 1532 417 19284 15355 991 4275 171 81711 705 9439 122 3726 320 538 1046 180 357 2453 18499 1552 5348 23471 18063 92446 871 3753 3690 6173 3872 3218 41544 41449 62537 40937 155728 1432 3612 11138 26558
internal_value=-0.000109044 -0.000641588 -0.00925299 -0.000335738 0.00308877 -0.000151002 0.00354275 -0.000845916 -0.00309075 -0.00564189 -0.028918 -0.0482992 -0.00349001 -0.010768 -0.0141533 -0.0228156 0.00481696 -0.0138602 -0.0416899 -0.000678586 0.00716531 -0.0228801 0.0101454 0.00122637 -0.0123358 -0.00028331 -0.0122826 0.0012663 0.00764575 -0.00469077 -0.0162401 0.00491595 -0.0394436 -0.0471061 -0.00146917 0.00351763 -0.00039355 0.00636195 -0.0189368 -0.00673238 -0.000898206 0.00235586 0.00111946 8.4003e-05 -0.00526042 0.00544761 -0.00138549 -0.0026993 0.0098374 -0.00900656 0.00456559 -0.00505503 -0.0112648 -0.00107557 -0.0040541 -0.00177278 -0.00028757 -0.00151806 -0.000367277 -0.000119701 -0.0059044 -0.00716562
internal_weight=18731.5 16060.8 545.848 15515 2670.67 1317.69 791.108 541.076 497.365 526.585 41.5187 28.6321 485.067 236.627 214.462 146.537 67.9254 121.571 25.734 14568.3 392.478 32.4024 360.076 199.228 87.7407 251.647 99.1748 69.3483 152.472 95.8366 294.201 946.711 29.8265 21.5873 485.62 248.439 216.928 161.41 55.5186 45.138 14175.8 1843.78 1750.53 1693.28 848.206 845.077 12332 356.542 137.878 56.238 322.174 169.287 526.032 11963.5 2498.56 2102.88 9464.89 6879.57 5719.46 5689.68 1116.22 1160.11
internal_count=814494 786436 142517 643919 28058 16510 9207 6972 6773 7303 545 376 6758 4101 3764 2649 1115 1944 934 624995 8540 900 7640 3255 1949 50286 26727 16346 23559 1010 92231 18924 10381 841 6586 2657 2441 1584 857 677 616455 90963 88510 86958 42082 44876 525492 26813 8314 4561 15393 9220 26689 477381 156668 115124 320713 228267 160772 159340 52587 67495
cat_boundaries=0 1 2 3 4
cat_threshold=865282 1335500 369360977 66632
is_linear=0
shrinkage=0.05


Tree=119
num_leaves=63
num_cat=11
split_feature=14 26 36 6 48 45 46 31 34 46 34 45 49 18 49 14 18 15 19 30 29 47 34 20 19 49 33 34 19 46 18 34 49 47 45 17 18 18 29 35 21 30 35 21 3 45 16 44 18 16 47 16 33 31 34 48 29 34 19 29 15 16
split_gain=23.3984 15.8682 13.0479 14.0402 12.5214 12.4581 13.0561 20.62 13.6689 12.6534 14.2098 12.9029 12.6192 17.767 16.6099 18.1618 17.1547 14.6717 16.0855 12.6538 11.8152 11.7498 11.6777 11.5741 11.3818 11.3604 11.3338 11.2085 11.2033 12.2935 11.4164 11.0307 10.7072 18.0395 10.4697 10.4258 10.3076 10.4734 10.1498 14.6606 16.3383 10.1093 9.85335 12.8268 12.5905 9.67212 10.7542 9.66048 11.4962 9.95765 9.61153 11.1046 12.8638 12.115 9.93917 12.2852 10.4525 9.45005 9.42222 9.36504 9.32938 11.1312
threshold=1.0000000180025095e-35 2.5000000000000004 2.5000000000000004 15.500000000000002 2.6614154577255253 0 1 6.5000000000000009 0.020045197568833831 2 0.036693932488560684 3 1.8109169006347658 0.56873315572738659 10.644004821777346 4.5000000000000009 0.062223451212048538 0.05298245698213578 198.50000000000003 48.500000000000007 2.2119730710983281 4 0.048323446884751327 0.01321923127397895 142.50000000000003 3.4848060607910161 22.500000000000004 0.029423819854855541 23.500000000000004 5 0.045804196968674667 0.020719046704471115 13.375841140747072 6 7 0.063164893537759795 0.098099362105131163 0.2314560413360596 2.6147788763046269 0.074175827205181136 0.81503424048423778 49.500000000000007 0.2149859964847565 0.50167784094810497 0.39586174488067633 8 0.32071428000926977 9 0.28165064752101904 0.18301435559988025 10 0.63538610935211193 28.500000000000004 3.5000000000000004 0.021165549755096439 2.2780703306198125 0.60448384284973156 0.035466808825731284 219.50000000000003 3.5938929319381718 0.033445190638303764 0.63245612382888805
decision_type=2 2 2 8 10 9 9 10 10 9 10 9 2 10 2 2 10 10 2 2 2 9 10 2 2 2 10 10 2 9 10 10 2 9 9 10 10 10 2 10 2 2 10 2 8 9 10 1 10 10 9 8 10 8 10 10 2 10 2 2 10 10
left_child=1 -1 28 24 22 9 42 21 32 10 11 -2 13 27 16 20 25 -18 35 23 31 -8 38 -20 -4 -14 -12 -10 -3 30 -30 -16 33 -9 -26 -19 -36 58 39 40 -5 -37 43 -7 -45 -40 -47 48 -11 -49 51 54 53 -53 55 56 -31 59 -38 -48 61 -51
right_child=5 2 3 4 -6 6 7 8 12 47 26 -13 14 -15 15 -17 17 18 19 -21 -22 -23 -24 -25 34 -27 -28 -29 29 50 -32 -33 -34 -35 36 41 37 -39 45 -41 -42 -43 -44 44 -46 46 57 49 -50 60 -52 52 -54 -55 -56 -57 -58 -59 -60 -61 -62 -63
leaf_value=-0.026653285288776248 0.0018658124782196584 0.01245367891670451 0.013950379972718552 0.012688062793651388 -0.034075835045920065 0.0094998882819659763 0.011446208939109082 0.024502242032382219 -0.01421908694823561 0.0015862049726441344 -0.044625392223024585 -0.018881704076846292 0.0098710754467295544 0.021117469823804833 0.014196581380616902 0.037120627825846679 0.025010341435779366 -0.033887141263243332 0.017527267294836769 0.025110090978983847 0.0042577705309966253 -0.0024468455037988546 -0.034277702371732659 -0.046260924960653184 0.0074917580655864888 -0.038744228289565558 0.0036988669477666814 -0.053793676935314727 -0.019854115571239672 0.025727194180599929 0.0098171264841422773 -0.020152194512132762 0.019803991626940593 -0.0064783906570216364 -0.03758461556464085 0.0085648666170066497 0.033980630910543229 -0.015297772136536731 0.011801451216687985 -0.011773484391493061 -0.019262269954108627 -0.031916393327450575 0.012760978056955126 0.019564692033735287 -0.034233954636879477 -0.032447096930193563 -0.02092998978899753 -0.018758549638318918 0.027257299535107457 -0.020603363209669365 -0.0011689363827365256 -0.012795015754311296 0.015901013622977724 0.004430702667427607 0.001579250712194692 -0.0010293035728146391 -0.031169774334115902 0.019416497013448438 -0.0095442197198051144 0.0028546895833137767 0.00058214251387595959 0.033920442934746602
leaf_weight=56.182542159993318 253.53236048429972 159.52643809505389 145.0537249930494 137.17334833770292 38.453208138220361 85.909391964552924 716.69735971634509 47.183950088801794 51.531064528040588 98.515781737252837 37.365006907901261 90.870033464510925 15.088289055798667 17.099758483003825 22.12456928184838 14.600365619640796 79.50998217612505 11.286166346282696 5.9978885594755402 6.9912416953593484 79.621793057303876 192.2895208169939 32.445199304202106 32.23997148394119 120.06230927293655 32.879936742654536 15.992107575177213 27.600167917669751 146.83744054261479 5.2057940363301887 37.905665082216728 261.11308567822562 113.26646566437557 177.8352566997055 26.691490491939476 385.64187492476776 21.397596089926083 83.387298585177632 123.57971170848759 735.85249934255262 50.81577862976701 11.218185030622406 668.98337272828212 10.951588548370635 37.484749301802367 25.81983935572498 61.123963582736906 59.938183314865455 74.209040507266764 8.451952373608945 8902.9778556287929 107.20957529754378 220.5796640785411 1142.5290138527052 345.91750857030274 106.09116706316127 77.844020377495326 40.854716045578243 20.250532118370757 107.93806296333787 1882.9698896250629 36.149246829445474
leaf_count=96883 6976 17163 10037 10522 5406 2390 9039 723 1221 2883 1221 4436 371 178 486 110 1172 369 73 55 731 4475 6687 845 6790 1678 365 946 15959 395 3619 8091 2041 4288 3947 7120 1292 6940 9196 108948 7004 350 12884 155 1131 3910 5329 2316 775 385 313690 4066 4885 17396 13409 3359 4140 2419 1686 5038 44074 778
internal_value=-8.48241e-05 -0.00124723 -0.00112745 -0.00511052 -0.00757415 0.00259864 0.00471693 0.00276049 -0.00105336 4.62681e-06 -0.00802134 -0.00428725 -0.00385916 -0.0206539 -0.00207423 -0.0101705 0.00322892 0.00587674 0.002285 -0.0244657 -0.012552 0.00860839 -0.00667346 -0.0353855 0.00288716 -0.0239641 -0.0310658 -0.030399 -0.000498615 -0.000690405 -0.0129836 -0.0172694 0.00762203 0.00119287 -0.00316261 0.00550962 -0.0113193 -0.0053533 -0.00584513 -0.00860604 0.0037762 0.0070377 0.0101695 -0.00200009 -0.0213775 0.00127415 -0.00467123 0.00152755 0.0123757 0.000499157 -0.000464032 0.00265087 0.00490442 0.00290789 -0.00348078 -0.0125373 -0.0263449 -0.00079674 0.014063 -0.00609881 0.00114755 0.0225528
internal_weight=18742.8 13079.7 13023.5 1770.9 1354.06 5663.14 3105.15 2301.82 1392.83 2557.99 397.76 344.402 1054.54 96.231 958.313 377.46 580.854 532.885 453.375 45.2291 362.859 908.987 1315.6 38.2379 416.843 47.9682 53.3571 79.1312 11252.6 11093.1 184.743 283.238 338.286 225.019 271.789 408.146 151.727 125.035 1283.16 923.842 187.989 396.86 803.329 134.346 48.4363 359.316 235.737 2160.23 172.725 1987.51 10908.4 2005.38 1470.32 1249.74 535.058 189.141 83.0498 209.917 41.6481 169.062 1927.57 44.6012
internal_count=815246 690115 593232 195151 164459 125131 60922 44362 30848 64209 12998 11412 23796 2345 21451 9418 12033 9984 8812 973 9308 13514 159053 918 30692 2049 1586 2167 398081 380918 19578 8577 7052 5011 20655 7839 13865 9918 152366 126474 17526 7470 16560 3676 1286 25892 16696 51211 3658 47553 361340 47650 26347 21462 21303 7894 4535 12786 2978 10367 45237 1163
cat_boundaries=0 1 2 3 4 5 6 7 8 9 10 11
cat_threshold=116775 159124 18452 100356 370219666 149552 69256960 404614 495712 8 115280
is_linear=0
shrinkage=0.05


Tree=120
num_leaves=63
num_cat=5
split_feature=20 47 6 22 37 28 33 29 48 48 23 13 27 37 49 48 16 5 6 15 47 28 49 7 37 45 25 3 35 21 18 25 7 17 45 8 22 48 32 19 19 28 18 19 48 20 32 31 27 18 37 49 33 46 30 16 14 33 49 48 33 29
split_gain=13.1959 13.598 13.9986 12.599 13.1588 14.0876 12.2999 14.4356 19.2481 18.1963 13.7635 16.4477 12.6304 12.6945 11.3606 13.3862 12.5471 10.8951 10.7122 10.6587 19.3053 13.323 11.8152 12.2801 10.9436 16.7261 16.5167 11.5256 11.3741 18.4269 16.0922 14.5712 14.2706 10.9127 14.6528 10.7974 11.6726 10.6625 16.8008 11.3652 10.6551 14.8736 10.2108 12.1344 10.7957 10.0318 9.88346 11.8206 9.72215 14.6214 9.51644 9.51094 11.0398 9.47551 11.8031 12.8184 9.33823 9.27316 11.3224 9.28791 10.633 9.12503
threshold=0.032704509794712074 0 9.5000000000000018 33.396610260009773 53.500000000000007 12.500000000000002 41.500000000000007 3.2220985889434819 1.5653792619705202 1.4855431914329531 21.500000000000004 2.5000000000000004 269.50000000000006 18.500000000000004 13.375841140747072 1.2690215110778811 0.66352203488349926 0.10215354710817338 6.5000000000000009 0.03137303143739701 1 20.500000000000004 17.55588531494141 0.7506757676601411 22.500000000000004 2 107.00000000000001 0.60650578141212474 0.26491229236125952 0.78383690118789684 0.87083333730697643 91.500000000000014 0.91794884204864513 0.080229885876178755 3 13.500000000000002 37.965810775756843 0.73498219251632702 1.5000000000000002 238.50000000000003 233.50000000000003 146.50000000000003 0.65791222453117382 327.00000000000006 3.4805098772048955 0.015932607464492324 3.5000000000000004 21.500000000000004 268.50000000000006 0.45867486298084265 54.500000000000007 7.3311548233032235 30.500000000000004 4 10.500000000000002 0.64852941036224376 1.5000000000000002 24.500000000000004 7.1507682800292978 0.77994081377983104 45.500000000000007 1.775588393211365
decision_type=2 9 10 2 2 2 10 2 10 10 2 2 2 2 2 10 10 8 10 8 9 2 2 10 2 9 2 10 10 2 10 2 10 10 9 8 2 10 10 2 2 2 10 2 10 2 10 10 2 10 2 2 10 9 2 10 2 10 2 10 10 2
left_child=1 2 -1 4 17 -6 12 8 9 10 11 50 48 -14 15 -9 -16 -2 51 20 -3 -22 24 40 25 -23 -27 28 30 35 31 -26 -32 34 -31 -30 56 39 -39 -35 41 -24 43 -10 -45 -40 -36 -48 53 -50 -8 -15 -53 54 -5 -56 61 58 -33 -59 -61 -37
right_child=3 19 -4 6 5 -7 7 14 42 -11 -12 -13 13 18 16 -17 -18 -19 -20 -21 21 22 23 -25 27 26 -28 -29 29 33 32 57 -34 37 46 36 -38 38 45 -41 -42 -43 -44 44 -46 -47 47 -49 49 -51 -52 52 -54 -55 55 -57 -58 59 -60 60 -62 -63
leaf_value=0.01533984611028533 0.023881618894117475 -0.02555876963481421 -0.026881102928924094 -0.027722098060179851 0.025739797378428932 -0.012960360159796475 -0.055929560615870427 -0.053527998704709645 -0.056221333614168423 0.028193458827700392 -0.0015528173066201593 0.028597441261440776 -0.046331211846667164 -0.0044964412799343226 -0.028227906102545358 0.0073792360699148872 0.040862519126519094 0.0037138499071077222 -0.03548847008753183 -0.00048311518842061239 -0.022496535957829328 0.012745116383676909 -0.018178359052672545 0.019298576650177115 0.0069285634175849879 -0.014608261626831535 0.021140372667243935 0.039450917466632832 0.015315882634935217 0.01368167855092519 -0.04060766230467712 0.014482235629346023 0.016513186516734824 0.015321034673581618 -0.0089790711648250979 -0.018404711402191437 -0.0031210819315483848 0.00092173287047983955 0.025995811695823087 -0.038312294443285821 -0.025438839179414249 0.0071665247085031247 0.0011058258293246334 -0.029274351418346237 0.034548441150298446 -0.044095975823044545 0.026518030215132483 -0.022346321266040442 -0.030678343554253695 0.0094548366544089744 -0.00056645834779656286 0.0073520929897323882 0.027557177485965548 6.0082130361662706e-06 0.027052165112135984 -0.018710619873489993 0.025811457301228854 0.013451753687101081 -0.02669343065665581 -0.060875865736455016 -0.0037107093383699115 -0.041728680131612697
leaf_weight=193.83903069686494 63.348940735682845 87.411621085822844 17.218714810587699 67.103845635036123 21.988770076190121 193.02202465932351 31.707187498584972 7.0649197814054778 44.738638203434675 28.144292911121738 96.537270542576152 5.7427166216075411 6.574059273581951 140.1452692055027 4.4165072161704293 32.141659866785631 28.641450071940199 3885.9963038026799 10.0437601848389 6605.802506923188 82.896516670420169 282.64677554799709 123.80113192218414 26.749069058103487 537.46112435901887 139.08504268657998 36.937508638657164 10.802821431017945 24.207354197074892 169.84490133606596 34.008077384030912 40.394843898713589 12.010015470499637 46.080838032823522 228.55853992163611 221.22035709563352 114.04804408969358 46.124943682516459 2.3838787304121061 7.3151302229962303 117.16097343013098 101.32706433380372 15.694171807292149 13.020393181126567 5.597532568499445 52.478698325692676 40.889190472575137 12.668235420744166 58.379035807854962 32.371344633051194 9.9741628046904207 616.90036730316933 72.280693919339683 3606.9589149259173 24.238429757213453 27.21102937116666 5.9359843243146306 7.2759171281941226 21.411075821146369 19.115280835190788 13.310687124612739 54.311295157735003
leaf_count=15126 1516 20206 2974 5192 2230 12512 1381 244 3707 520 3079 17 194 2295 182 564 250 107630 369 280512 54476 8763 11888 2931 25244 12904 904 157 3442 8593 1854 1149 493 3882 11911 22937 7645 2081 121 945 11715 4532 711 249 27 4349 1644 1116 2102 689 193 7743 651 124307 1216 2151 62 173 1272 868 329 5734
internal_value=2.40444e-05 -0.0012771 0.0108508 0.00138014 0.00340847 -0.00850754 -0.000315786 -0.00966828 -0.0152735 -0.00551931 -0.0128352 -0.0334634 0.000342666 0.00585132 0.00954037 -0.00840902 0.0291362 0.00406714 0.00653196 -0.00156719 -0.00420013 -0.00333425 -0.00268145 -0.0108928 -0.00127 0.00555414 -0.00637756 -0.00309864 -0.00348144 -0.00679999 0.00150279 0.00363378 -0.0255426 -0.00119539 0.00274404 -0.0147872 -0.0167978 -0.0124525 -0.0216583 0.00532212 -0.013496 -0.00686312 -0.0349181 -0.0432699 -0.00683409 -0.0391335 -0.00429148 0.0140387 -0.000884487 -0.0166164 -0.0441611 0.00725048 0.00965441 -0.000479514 -0.0135571 0.00333528 -0.0221883 -0.0133177 -0.000712263 -0.0306665 -0.0410406 -0.023664
internal_weight=18686.7 9536.73 211.058 9149.98 4164.36 215.011 4985.63 323.421 251.156 172.106 143.961 47.4241 4662.21 845.944 72.2645 39.2066 33.058 3949.35 839.37 9325.68 2719.87 2632.46 2549.56 369.038 2180.53 458.669 176.023 1721.86 1711.05 1026.07 684.987 638.969 46.0181 606.344 451.961 419.723 395.516 154.383 100.988 53.396 342.289 225.128 79.0507 63.3566 18.6179 54.8626 282.116 53.5574 3816.26 90.7504 41.6814 829.326 689.181 3725.51 118.553 51.4495 281.468 101.508 61.8059 39.7019 32.426 275.532
internal_count=814853 532932 18100 281921 123888 14742 158033 11124 9884 5190 4670 1591 146909 11252 1240 808 432 109146 11058 514832 234320 214114 159638 31066 128572 22571 13808 106001 105844 74462 31382 29035 2347 34642 23264 39820 36378 11378 6551 4827 28135 16420 4694 3983 276 4470 14671 2760 135657 2791 1574 10689 8394 132866 8559 3367 28733 3791 2421 1370 1197 28671
cat_boundaries=0 1 2 3 4 5
cat_threshold=2519106 67109776 75918 262210 574096
is_linear=0
shrinkage=0.05


Tree=121
num_leaves=63
num_cat=7
split_feature=16 31 32 46 5 31 34 48 48 23 29 21 1 27 27 34 3 45 48 34 33 46 34 28 2 16 45 17 1 20 16 27 25 20 19 5 28 43 9 19 33 33 7 49 45 5 4 20 27 34 5 49 11 11 47 33 8 28 49 17 31 11
split_gain=17.5151 16.9074 11.1835 11.018 16.0472 11.7368 12.0643 11.5372 12.7622 16.7961 16.1566 14.8897 13.9574 15.0419 13.6849 12.5498 12.4548 11.9736 11.1021 11.1996 10.7638 12.3884 15.9528 12.3056 10.5472 18.2092 18.9698 22.4683 14.8658 13.0195 11.1704 11.1315 10.439 10.4367 10.3665 16.303 15.8934 15.1615 14.5119 13.2645 12.3231 11.8586 10.7325 10.9374 11.077 10.3775 10.3361 10.1086 10.2804 10.1028 9.70037 9.69714 11.611 9.53892 11.8028 9.52144 9.52113 14.0222 9.5122 10.4676 9.76552 12.4367
threshold=0.031582446768879897 18.500000000000004 1.5000000000000002 0 0.075224820524454131 4.5000000000000009 0.011016949079930784 0.40088985860347753 1.6821274757385256 9.5000000000000018 1.1674041152000429 0.66742426156997692 17.500000000000004 4.5000000000000009 12.500000000000002 0.025384478271007541 0.32076078653335577 1 0.52612650394439708 0.040722155943512924 31.500000000000004 2 0.024143877439200882 172.50000000000003 5.5000000000000009 0.48212005198001867 3 0.40175439417362219 6.5000000000000009 0.030842863023281101 0.17667067050933841 6.5000000000000009 80.500000000000014 0.040082411840558059 102.50000000000001 0.14971783757209781 96.500000000000014 4 58.500000000000007 168.50000000000003 51.500000000000007 37.500000000000007 0.83086857199668895 13.490444183349611 5 0.31346528232097631 10.500000000000002 0.032629089429974563 70.500000000000014 0.033629912883043296 0.0069541106931865224 4.7229843139648446 26.500000000000004 12.500000000000002 6 24.500000000000004 8.5000000000000018 59.500000000000007 8.8439521789550799 0.15821565687656405 18.500000000000004 9.5000000000000018
decision_type=8 10 10 9 8 10 10 10 10 2 2 2 10 2 2 10 8 9 10 10 10 9 10 2 8 10 9 10 10 2 10 2 2 2 2 10 2 9 2 2 10 10 10 2 9 8 10 2 2 10 10 2 8 8 9 8 8 2 2 10 10 8
left_child=1 2 20 5 18 -2 -7 49 9 -9 11 -10 13 -11 -14 58 -15 -13 19 -5 21 53 -23 -24 25 30 27 -27 33 -30 31 -18 51 47 35 40 37 38 42 -39 -6 55 43 -36 -45 -46 -44 48 -28 -8 -20 -4 -53 -1 -55 -41 57 -26 60 -60 61 -12
right_child=3 -3 32 4 34 6 7 8 10 12 15 17 14 16 -16 -17 24 -19 50 -21 -22 22 23 -25 56 26 28 -29 29 -31 -32 -33 -34 -35 36 -37 -38 39 -40 41 -42 -43 46 44 45 -47 -48 -49 -50 -51 -52 52 -54 54 -56 -57 -58 -59 59 -61 -62 -63
leaf_value=-0.01494547516228518 0.00095088653289175759 -0.040823706328866505 -0.0025087417018645475 0.032465034996740215 0.0030819694620047374 -0.031750644587859679 0.015932936131816997 0.0069415331724376793 0.029621492269694891 -0.046012826832644328 -0.044091415885054788 0.011098238243331346 -0.022210370234950511 0.011288190322345796 0.0093342570402738401 -0.03271736003496202 0.028414780050033492 -0.020322409450153262 0.016974248815998891 -0.026694876395171291 0.003679716625617026 -0.0027660821980766042 -0.054670937893399899 -0.011995308501517706 -0.015214294141398126 0.018680852916274252 -0.037705813261254967 -0.033528502652890049 -0.078412955521323074 -0.013540460379906716 0.021498540613455318 -0.047819313371238861 -0.0025996432936059946 -0.044655886594225536 0.0083293982810951957 0.01508303542775828 0.0014725606906717222 -0.0058132630052015076 -0.041551041373869897 -0.021507826435263108 -0.019331016046715277 0.005916060296776585 -0.035025963291255548 0.012461394447347663 0.0048214181887334846 -0.030904327091680395 0.028769458851349322 0.020440708415924769 0.009387076856432558 -0.016544063353179948 -0.03315060862138481 -0.0096385921386594273 -0.038343340760870474 0.010372904375531155 -0.021117884811600117 -0.059955527985828622 -0.013143095514963236 0.033014724001677195 0.01266985647501012 -0.022181120358399933 0.013622857661811741 -0.0046428413382854699
leaf_weight=74.017127001774497 2790.3610519324429 27.894704940888914 65.412767978436023 15.149190224008636 3927.8251648177247 32.89291169543867 122.67989284228679 219.38399289778681 81.581296832802764 22.817610101210448 27.989484620804433 86.967051766070654 36.852009799215011 70.199023453460541 189.93009383406024 29.610459794581402 3.429876909358426 28.336520594624744 8.0108300372958166 8.6133064259192889 485.58191529975011 74.608760746954431 35.332840050095911 35.259391471830895 27.056152449309593 80.715215776697733 20.641550603555515 22.252416513627395 15.356189921731131 16.562828285153955 89.339613120420836 8.3085163484793139 186.09682592545869 13.457038964610545 404.62441906481399 282.00316017998557 6479.4409079327306 465.76858620550775 14.207142872735856 114.17828570428537 57.376634120417293 28.621255476784427 26.69554633337248 35.270592780667357 28.846150258119451 55.28336539817974 3.9301204322837284 25.413207702687941 18.198977656895295 25.177835097201751 67.355379011190962 68.492340772441821 78.647562007721717 165.03194760754559 21.690757891210524 17.273860023124143 1018.8238276229822 23.937634232497658 130.93829276887118 20.905697948532179 25.123744226366398 54.135889804427279
leaf_count=3637 90643 6662 7818 750 197036 2387 9538 8305 3271 10607 1154 5037 3197 2645 5365 1357 7 2779 207 1010 22949 7576 8350 3122 5515 622 291 257 371 196 588 154 10851 118 20665 10063 167893 28614 581 8485 4430 1282 4984 1221 2460 4501 62 105 122 4430 4472 5811 21011 14714 2890 1552 71017 1420 3890 1092 869 2103
internal_value=0.000162309 -0.00538392 -0.00446304 0.000583388 0.00142311 -0.00129596 -0.0037197 -0.00329771 -0.00413584 -0.00596215 0.00308246 0.0139467 -0.0076396 -0.00940975 0.00383972 -0.00443781 -0.00867947 0.00208599 -0.0181222 0.0101083 -0.00132878 -0.00729177 -0.0181532 -0.0355587 -0.00972964 -0.00163483 -0.00989107 0.00582788 -0.0227857 -0.0511433 0.0153782 -0.0237102 -0.0113691 -0.0115053 0.00159407 0.00356816 0.000494774 -0.00479228 0.00117701 -0.0100438 0.00273546 -0.0224131 0.00265395 0.00442047 -0.00862852 -0.0171476 -0.0239505 -0.00183957 -0.0170861 0.0100424 -0.0270982 -0.0188108 -0.0257374 -0.000320322 0.00569898 -0.028572 -0.0120844 0.00835193 -0.000647646 0.00731747 -0.0117483 -0.0198462
internal_weight=18737.9 1318.07 1290.17 17419.8 12040.5 5379.38 2589.01 2556.12 2408.26 1922.68 485.588 196.885 1703.29 1476.51 226.782 288.704 1453.69 115.304 99.1287 23.7625 891.523 405.941 145.201 70.5922 1383.49 313.675 212.597 102.968 109.63 31.919 101.078 11.7384 398.649 77.7108 11941.3 4267.2 7674.14 1194.7 568.857 625.842 3985.2 160.073 554.65 524.025 119.4 84.1295 30.6257 64.2537 38.8405 147.858 75.3662 212.553 147.14 260.74 186.723 131.452 1069.82 50.9938 259.093 151.844 107.249 82.1254
internal_count=815111 115391 108729 699720 460268 239452 148809 146422 132454 110902 21552 11087 102597 94035 8562 10465 83428 7816 6439 1760 63238 40289 19048 11472 80783 2831 2082 879 1203 567 749 161 45491 636 453829 211529 242300 74407 34474 39933 201466 11319 33893 28847 8182 6961 5046 518 413 13968 4679 34640 26822 21241 17604 10037 77952 6935 9108 4982 4126 3257
cat_boundaries=0 1 2 3 4 5 6 7
cat_threshold=610820 250179 155394 37065 307328 262532 306200833
is_linear=0
shrinkage=0.05


Tree=122
num_leaves=63
num_cat=9
split_feature=1 46 49 45 34 16 20 48 36 43 15 18 24 45 49 22 34 48 22 18 30 2 43 20 49 17 23 24 20 45 2 3 17 5 5 4 3 49 33 48 49 23 34 30 35 33 22 16 14 49 17 45 47 6 10 9 47 6 5 11 10 25
split_gain=15.549 12.1782 13.0351 12.0675 8.99489 8.96162 9.77498 10.1654 8.36851 10.8155 8.69376 14.0416 8.11511 7.65839 7.65014 17.5385 15.6632 13.8782 8.44769 8.57619 8.09887 7.59505 7.2323 7.79486 7.71817 7.27536 9.12478 7.15221 13.2636 8.08047 8.84446 7.62719 14.8092 18.9432 15.7482 13.412 11.8304 11.126 10.9694 9.91185 9.72519 8.82102 8.14306 9.08201 8.38494 8.06284 7.95983 7.87401 9.54083 10.1822 8.31739 17.151 15.6811 13.6397 10.1116 10.2308 12.1774 11.621 11.9493 10.1531 9.72971 11.2997
threshold=3.5000000000000004 0 21.231115341186527 1 0.049935970455408103 0.89379698038101207 0.018974576145410541 0.67170861363410961 4.5000000000000009 2 0.080229885876178755 0.2008064538240433 1.5000000000000002 3 27.324561119079593 37.254066467285163 0.033260969445109374 1.3873196840286257 29.867577552795414 0.12304734438657762 8.5000000000000018 1.5000000000000002 4 0.039209155365824706 6.680164337158204 0.33161512017250067 37.500000000000007 9.5000000000000018 0.049985764548182494 5 3.5000000000000004 0.13490817695856097 0.085801929235458388 0.4170049130916596 0.49751037359237676 17.500000000000004 0.12270002812147142 20.4825553894043 47.500000000000007 1.4268688559532168 14.728317260742189 10.500000000000002 0.02343767695128918 18.500000000000004 0.60903531312942516 9.5000000000000018 33.396610260009773 0.81934732198715221 2.5000000000000004 13.375841140747072 0.36939570307731634 6 7 10.500000000000002 2.5000000000000004 30.500000000000004 8 17.500000000000004 0.3239754736423493 25.500000000000004 5.5000000000000009 34.500000000000007
decision_type=8 9 2 9 10 10 2 10 2 9 10 10 2 9 2 2 8 10 2 10 2 10 9 2 2 10 2 2 2 9 10 10 10 10 10 10 10 2 10 10 2 2 10 2 10 10 2 8 2 2 10 9 9 10 8 2 9 10 8 8 10 2
left_child=1 2 5 4 12 6 7 -1 9 21 11 -10 -3 -7 27 16 18 -17 19 -16 -18 -5 24 -24 25 26 -12 31 29 30 -29 36 41 38 35 -35 47 40 -34 -40 42 45 43 46 -44 -33 -36 48 50 -50 52 53 -2 -52 -53 56 -56 58 -58 -57 -54 -62
right_child=14 3 -4 8 -6 13 -8 -9 10 -11 22 -13 -14 -15 15 17 20 -19 -20 -21 -22 -23 23 -25 -26 -27 -28 28 -30 -31 -32 32 33 34 37 -37 -38 -39 39 -41 -42 -43 44 -45 -46 -47 -48 -49 49 -51 51 54 60 -55 55 59 57 -59 -60 -61 61 -63
leaf_value=0.015527180897679177 -0.017359025719039214 0.0085641969152888651 -0.01876467403930749 -0.0018429696220629401 0.034887055757986812 -0.012842880922600199 0.023680091326386491 -0.025918781574201979 -0.03839703705935698 -0.0058355270074284876 -0.040896283448796339 0.021182699166657742 -0.029612223083944941 0.012060132083216997 -0.015037864889740704 0.016098954792611277 -0.033730856536877921 -0.035062929769377874 -0.0093641674669000721 0.033783315494249469 0.0058672851598397949 0.037867806436949293 -0.040054908734677888 -0.0051223617875934338 -0.014987810603706348 0.017648505429278559 0.012565249529962234 -0.019084753786575898 0.018471197883919332 -0.029453166633747852 0.019339648443931681 -0.02753677015272827 0.013288915975307465 -0.045264220659536405 0.026956956555046471 0.020427185811191809 -0.039438590718591626 0.032636949095971098 -0.045886653945968379 0.023503639019719157 -0.048755003828583193 -0.030138052399114181 0.012897584761626066 -0.034940938452999719 -0.028389433908431919 0.022249499385616486 -0.017842165469109886 0.00093624738831896799 0.001872732747184765 0.025554882496988202 0.0052593216402955908 0.0086638748629546593 -0.00083947223997050166 -0.023511229108138933 0.0091469791808704102 0.020418399209246919 -0.033088578538080414 0.017226559630544949 -0.011559444500734553 -0.058172645550208402 0.011786403056994089 -0.033322543691768347
leaf_weight=34.603974446072243 124.50943480289425 239.80823671538383 26.213881702744402 17.014265591278672 27.07674265478272 38.722725159896072 241.6694794803625 18.616813826782163 7.6673433389514676 74.394645447697258 10.314928146777675 42.586501417914405 9.9191334916977194 58.230554705951363 10.273390906240822 97.206358763833123 89.794653861445113 10.462234932529098 142.08313385525253 20.659585727938975 13.385289594240019 32.793919983902015 43.118900602450594 26.362242301460356 86.731201350456104 46.18229920801241 13.014958893880248 26.538474277211208 25.498318600686616 54.636515880793013 23.526981545786839 7.6147136814433933 504.1880398237081 32.370050019468181 44.193732459330931 6.6848779736319548 14.04735616349353 18.836917483829893 10.400667605747001 4.0074583524256004 6.3926347633823744 40.131769009465643 15.113969641271977 4.4573961761780074 30.887369349831715 18.312966013319965 8.7000957783311588 9372.3976031814091 151.78115425567375 60.301143785472959 404.61558414170577 61.615808525937609 5226.9017161350494 40.843765067111235 62.634981853087083 2.4706820352003005 72.129321917600464 26.155025355517864 489.78505009107175 15.387209285574498 232.90982704606722 9.9783008256927115
leaf_count=295 11413 1183 210 101 87 301 1234 191 151 481 107 251 159 343 2836 5595 7949 1839 12480 2195 1722 117 444 131 626 224 103 23393 7112 41368 1577 4250 23941 1021 376 97 1821 147 856 160 255 15502 147 242 855 3185 181 275854 3263 949 21870 1007 273471 3634 4427 7 5555 1528 31246 984 11051 539
internal_value=0.000283619 0.00605097 0.0125883 0.00174115 0.0095059 0.015213 0.019487 4.84198e-05 -0.00377909 0.00672537 -0.00867663 0.00944047 0.00649635 0.00189514 -7.61205e-05 -0.00701142 -0.0136195 0.00979212 -0.00415763 0.0177326 -0.0285601 0.0214572 -0.0128273 -0.0247161 -0.00508936 0.006755 -0.014118 8.01892e-05 -0.0113748 -0.0191539 -0.000771565 0.000170598 0.00507628 0.00728131 -0.007174 -0.0329779 -5.63481e-05 0.00160455 0.0119779 -0.0255036 -0.00491197 -0.0167304 -7.54651e-05 0.0120483 -0.0148898 0.00553981 0.0186838 -1.04779e-05 -0.00128109 0.00903976 -0.00161084 -0.00542466 -0.000805243 0.00233779 -0.0100392 -0.0119635 -0.0107132 -0.0128258 -0.0145905 -0.0452115 -0.000380516 0.00929849
internal_weight=18729.9 1095.04 418.057 676.985 276.804 391.844 294.89 53.2208 400.181 124.203 275.978 50.2538 249.727 96.9533 17634.8 383.865 276.196 107.669 173.016 30.933 103.18 49.8082 225.725 69.4811 156.243 69.5122 23.3299 17251 130.2 104.702 50.0655 17120.8 752.293 686.233 167.637 39.0549 16368.5 128.582 518.596 14.4081 109.745 66.0594 103.353 57.3512 46.0013 25.9277 52.8938 16354.4 6982.02 212.082 6769.94 1175.64 5594.3 445.459 730.178 668.562 650.704 588.069 561.914 17.8579 5469.79 242.888
internal_count=814639 6739 2574 4165 1429 2364 1720 486 2736 699 2037 402 1342 644 807900 34616 27182 7434 17511 5031 9671 218 1635 575 1060 434 210 773284 73450 66338 24970 699834 51215 28278 3321 1118 648619 2203 24957 1016 2056 22937 1801 799 1002 7435 557 646798 370944 4212 366732 70258 296474 25504 44754 43747 42756 38329 36801 991 285061 11590
cat_boundaries=0 1 2 3 4 5 6 7 8 9
cat_threshold=208276 612103 98336 38050 264384 1336640 156718 6303554 341855760
is_linear=0
shrinkage=0.05


Tree=123
num_leaves=63
num_cat=2
split_feature=17 4 36 37 32 17 24 21 35 49 47 29 21 30 34 48 14 48 47 37 25 28 30 12 18 29 12 34 48 33 27 37 28 48 29 16 18 48 33 49 32 20 39 11 18 4 20 34 27 18 48 20 37 30 28 49 16 48 27 12 20 12
split_gain=14.6331 14.9547 12.0587 12.4215 14.8214 10.4193 11.1983 10.2687 13.8989 11.0527 9.86492 9.94313 9.47801 9.36581 9.70042 9.13238 15.1344 8.97703 20.4424 19.5136 13.2447 12.8069 10.9282 10.0055 10.2542 9.18755 12.9493 9.91701 9.43162 10.2289 9.62835 12.9614 9.29033 12.0621 10.8006 16.2292 12.8033 26.4214 23.0994 10.4913 9.96679 9.7914 9.24078 8.86408 10.4052 8.70927 8.65622 11.2128 8.90191 10.7462 8.59073 10.93 10.9285 10.571 11.0318 11.5976 11.3648 11.6292 10.8867 11.0237 9.74038 11.8206
threshold=0.026455767452716831 1.0000000180025095e-35 2.5000000000000004 22.500000000000004 1.5000000000000002 0.0372685194015503 1.0000000180025095e-35 0.96978825330734264 0.81101191043853771 1.200319290161133 0 0.44652128219604498 0.99711209535598766 22.500000000000004 0.033073149621486671 1.0509753227233889 1.5000000000000002 1.507335424423218 1 28.500000000000004 83.500000000000014 116.50000000000001 16.500000000000004 2.5000000000000004 0.12304734438657762 1.5186206698417666 9.5000000000000018 0.013509778305888178 1.6253178715705874 5.5000000000000009 155.50000000000003 24.500000000000004 128.50000000000003 1.6670468449592593 2.1380952596664433 0.53390806913375866 0.12304734438657762 3.259108424186707 31.500000000000004 20.074350357055668 2.5000000000000004 0.03223997354507447 1.0000000180025095e-35 7.5000000000000009 0.18834459781646731 19.500000000000004 0.0082473917864263075 0.019228813238441948 219.50000000000003 0.41625411808490759 0.77506449818611156 0.033225961029529578 25.500000000000004 5.5000000000000009 204.50000000000003 13.490444183349611 0.59787234663963329 1.1757273077964785 239.50000000000003 5.5000000000000009 0.024928393773734573 4.5000000000000009
decision_type=8 10 2 2 10 8 2 2 10 2 9 2 2 2 10 8 2 10 9 2 2 2 2 8 10 2 10 10 10 10 2 2 2 10 2 10 10 10 10 2 10 2 2 10 10 10 2 10 2 10 10 2 2 2 2 2 10 10 2 8 2 10
left_child=1 2 7 4 -4 6 -2 13 9 -9 11 -7 -11 17 43 16 45 18 21 -20 -21 22 -1 -22 -25 -19 28 -28 29 -27 31 -31 39 -34 36 40 37 38 -35 -30 -36 -38 -33 -15 -45 -13 -23 48 -48 -50 52 53 -49 54 -52 56 57 -56 -58 -60 -55 -62
right_child=5 -3 3 -5 -6 10 -8 8 -10 12 -12 15 -14 14 -16 -17 -18 25 19 20 23 46 -24 24 -26 26 27 -29 32 30 -32 42 33 34 35 -37 41 -39 -40 -41 -42 -43 -44 44 -46 -47 47 50 49 -51 51 -53 -54 60 55 -57 58 -59 59 -61 61 -63
leaf_value=-0.0060862341526764403 0.023017641840673356 -0.022594957777723242 -0.021076718388827478 -0.011083956146383403 0.016394638262652941 0.034090260011657929 -0.020888726719779795 0.017154645306313845 -0.0010374981220134096 -0.032152030102669371 0.00059009133519482898 -0.05362334408378519 -0.0088068197080538851 -0.054372091871241583 0.014037490595763764 0.019213816615405593 0.023891286922383487 -0.0051984136803159362 -0.035233557967183325 -0.027081143522115499 -0.039237214451631114 -0.015015934687637981 -0.055256857185412615 -0.0053420178978405867 0.024785257334820135 -0.030439213286397638 -0.026259267525770985 0.033847737730781917 0.010158681332798129 -0.037229267638092117 0.025529028975938256 -0.01129498355673968 -0.035794885780253471 -0.0018098207917126169 -0.049925636183680532 -0.0011881646529390598 -0.03826787171084696 0.02831730426533521 -0.052203419952738028 -0.024163059376520784 0.0070792402994095047 0.015314748411451763 0.028823154750135544 0.010109187131523874 -0.039541834106650339 0.021330962728258809 0.024382093317416725 0.02035389367704793 0.0096234837108510225 -0.044122166156378331 -0.0021419390353398034 0.0085239560915490297 0.0015462360659612964 -0.020560493281842038 -0.055830709532991143 -0.039639604329923611 -0.047151273500602151 -0.0026399905748032489 -0.012499532252868541 0.02721580792535715 0.011882349739095282 -0.018697724291056064
leaf_weight=381.83958305935084 86.966308268471039 84.963806064151868 31.693205112387659 576.02156628390367 90.693502403097227 41.212823403533548 13.205862516952037 17.019682784681208 332.76899278396741 92.548160426260438 13831.14193374688 14.758018629334405 87.746250769851031 15.445357378222978 14.988657224283086 33.652716833283193 10.411521243164314 231.93069962074514 78.09211077427608 42.867047474865103 7.0987042650813237 61.472597085201414 6.7663213718042234 57.99503462476423 47.535945063922554 7.5647100022761142 4.0751971569843581 53.383032731711864 337.34003644250333 11.924707223515723 113.12369240872795 20.851031269878149 20.938825108925812 60.205777170485817 29.23624042107258 104.54029797413386 4.2682536581996819 32.794313233578578 31.913435569673311 19.121598304598592 8.418822809471747 174.74073441862129 29.715830471599475 22.142952049151063 12.830181712051852 1.9621593687916181 99.738768035313115 118.94066819531145 39.51497021142859 6.76476765947882 198.00235279969638 219.03630605200306 207.39995750621893 32.151956340385368 16.553267438081093 46.263230009644758 4.5890650044893837 20.639278211514466 27.533371180703398 34.108177642337978 191.21776754286839 33.039598723175004
leaf_count=19399 2788 69598 3074 63069 6072 2834 1375 954 21307 8848 506258 1640 9789 1028 400 982 148 10559 5974 5052 176 5438 560 1857 618 504 142 624 7030 403 1482 505 685 1610 1358 1931 254 434 966 1066 272 2603 381 754 582 17 2777 4227 1387 360 5461 4866 10318 1947 899 2020 189 481 399 655 3997 931
internal_value=2.63564e-05 -0.00240167 -0.00200189 -0.00802454 0.00624467 0.000832175 0.0165115 -0.000906255 -0.00733693 -0.0176727 0.000713566 0.0151738 -0.0213345 0.00012358 -0.0179202 0.0030385 -0.0168924 0.000510683 -0.00160665 -0.015017 -0.00501828 0.000309671 -0.00763344 0.00417307 0.00873598 0.00373766 0.00570046 0.0278238 0.00430648 0.0144099 0.017131 0.00116368 0.00198571 -0.0026473 -0.00071201 -0.0118511 0.00460705 -0.00750334 -0.0210568 0.00800879 -0.0378448 0.013032 0.0127528 -0.0278301 -0.0107734 -0.0419417 0.00260635 0.00349707 0.0163096 -0.00176869 0.00180589 -0.000925255 0.00860473 -0.00439323 -0.0100154 -0.0200244 -0.00982677 -0.0301243 0.00288601 0.00986935 0.00327613 0.00706749
internal_weight=18687.4 4654.11 4569.15 698.408 122.387 14033.3 100.172 3870.74 530.083 197.314 13933.1 101.997 180.294 3340.66 65.4071 60.7844 27.1317 3275.25 1979.16 233.589 155.497 1745.57 388.606 112.63 105.531 1296.09 1064.16 57.4582 1006.7 183.18 175.615 62.4916 823.518 467.057 446.118 142.195 303.923 124.914 92.1192 356.462 37.6551 179.009 50.5669 50.4185 34.9731 16.7202 1356.97 1295.49 146.019 46.2797 1149.47 823.134 326.341 604.098 347.689 149.686 103.423 37.1925 66.2306 61.6415 256.409 224.257
internal_count=814314 298272 228674 72215 9146 516042 4163 156459 40898 19591 511879 5621 18637 115561 2764 2787 1805 112797 79988 13677 7703 66311 19959 2651 2475 32809 22250 766 21484 3275 2771 1289 18209 10113 9428 3561 5867 3010 2576 8096 1630 2857 886 2364 1336 1657 46352 40914 4524 1747 36390 21845 14545 16979 10104 4643 2623 1380 1243 1054 6875 4928
cat_boundaries=0 1 2
cat_threshold=18233600 371819008
is_linear=0
shrinkage=0.05


Tree=124
num_leaves=63
num_cat=12
split_feature=17 36 3 23 47 14 47 3 3 1 18 45 29 29 49 45 16 0 29 29 26 45 22 5 43 49 22 29 5 11 48 47 30 30 19 28 48 33 46 28 33 49 16 49 37 37 42 19 37 33 22 31 45 21 25 48 35 19 16 46 46 47
split_gain=13.2928 16.5745 13.843 13.1099 13.4856 13.4724 14.1198 12.8559 15.7248 13.4268 11.9171 12.1625 12.6415 17.7131 11.5064 11.6849 11.3592 10.6041 10.548 11.6841 10.0537 9.7183 9.52154 15.347 9.47096 10.574 8.94856 8.88238 8.79987 8.67884 10.1696 19.5284 12.4134 11.873 10.5335 11.1204 13.0029 9.95845 9.99512 9.92996 17.6602 19.1908 14.4089 10.4614 14.2062 9.2694 8.88272 12.0123 9.06463 8.72933 13.437 8.66786 8.51159 18.4165 24.9767 14.8731 14.3795 14.7673 14.0077 13.661 13.5758 11.3974
threshold=0.015877015888690952 3.5000000000000004 0.49995559453964239 47.500000000000007 0 1.5000000000000002 1 0.25400680303573614 0.30414117872715002 2.5000000000000004 0.30495168268680578 2 1.775588393211365 0.51880124211311351 26.002746582031254 3 0.66352203488349926 1.5000000000000002 1.2161030173301699 2.2083433866500859 3.5000000000000004 4 36.892423629760749 0.46814665198326116 5 0.92101192474365245 29.34638595581055 3.6264535188674931 0.18012470752000811 5.5000000000000009 1.4749563932418825 6 14.500000000000002 1.5000000000000002 52.500000000000007 119.50000000000001 1.032311022281647 52.500000000000007 7 197.50000000000003 27.500000000000004 10.71123790740967 0.64400920271873485 4.652266502380372 37.500000000000007 19.500000000000004 1.0000000180025095e-35 615.50000000000011 39.500000000000007 8.5000000000000018 30.010115623474125 7.5000000000000009 8 0.55832526087760936 9.5000000000000018 1.1695932745933535 0.78019323945045482 136.50000000000003 0.38956639170646673 9 10 11
decision_type=8 2 8 2 9 2 9 8 8 8 10 9 2 2 2 9 10 2 2 2 2 9 2 8 9 2 2 2 8 10 10 9 2 2 2 2 10 10 9 2 10 2 10 2 2 2 2 2 2 10 2 10 9 2 2 8 10 2 10 9 9 9
left_child=1 2 -1 4 -2 24 10 28 -9 17 11 12 13 -7 15 -4 -16 20 -19 -20 -10 -12 26 -24 25 -5 -3 -21 -6 30 31 34 49 -33 -17 37 46 38 -36 -31 41 42 -41 44 -42 -45 47 48 -37 50 -32 -50 53 54 59 58 57 -57 60 -26 -55 -54
right_child=3 22 14 5 7 6 -8 8 9 -11 21 -13 -14 -15 16 29 -18 18 19 27 -22 -23 23 -25 52 -27 -28 -29 -30 39 32 33 -34 -35 35 36 -38 -39 -40 40 43 -43 -44 45 -46 -47 -48 -49 51 -51 -52 -53 61 55 -56 56 -58 -59 -60 -61 -62 -63
leaf_value=-0.024331331783120871 -0.022849273613553815 -0.035351680845984251 -0.015442110114678449 -0.044826198004042028 -0.022245043985824945 0.00096337105168593285 -0.011477091810918459 -0.034519131873515053 -0.011148746386355459 0.0017425681689092352 0.019822014696567997 0.0043209854806556466 0.02753763738279413 -0.04931714149612304 -0.040244679359645638 0.032557389938433365 -0.0043552103888784086 -0.036233333127723165 0.022316852453139226 -0.031410388448609543 0.015559921555583604 0.0046184473428977583 0.01159089926530979 -0.028356789098151369 -0.04039175497218675 0.0098000987834197095 -0.003740451470605614 0.017621296972493258 0.02056957430225035 6.6052153342408294e-05 0.031452608411107273 0.0064525936336159778 -0.025668040665858812 -0.034225766258214455 0.010592108781326881 0.014432379232952189 -0.0043142025400230112 0.0259181964414327 -0.020616527658277286 -0.015100103035493518 -0.041930204353954344 -0.0043568637115590416 -0.049767584060789939 -0.034040705737673226 0.017956212529337382 0.0071469527965248737 0.019785677155018805 -0.039634222948498325 -0.032533297007719925 0.01250344436847217 -0.022464976388695081 0.021102692379507734 0.008522225479125841 0.011643480305319975 -0.0057485469582738103 0.015997001686500305 -0.019366861409173708 -0.0077596679139888955 0.0073013769441305351 -0.0029061100040903625 -0.027641548668935173 -0.0015811836762381637
leaf_weight=58.948095571307931 37.864611435095867 19.303769678561366 111.09782899093261 4.2983576563419765 9.0815032257232797 32.880611028405838 113.71979514951818 23.996444044198142 35.112345025787363 6184.7712161689014 207.51910061127273 484.57552929397207 9.0762629681266827 32.031952853896655 30.944192303242744 23.339231718658993 60.702485687099397 16.640081303310581 34.932814355124719 23.258982373983599 394.85957251369837 247.52186387038091 26.581928743922617 124.95858146140745 89.676666987921635 244.0191847919923 311.43819073680788 9.8461822308599931 133.22281477900469 1980.5149564279127 10.912740230531197 22.675435497716535 20.451426648316556 61.188610349832743 26.003999278706033 91.897131970035844 213.99882617738331 12.165320392698048 104.10483600012958 80.590535658935551 23.576708487700671 169.76055425326922 50.098654992354568 9.5148102546809223 11.654768002917988 250.0195886119327 154.06963432265911 10.445403375430031 18.731849316274751 454.64902991981944 38.897285216036835 6.9772858929354689 284.94043156161933 26.862858770662569 318.05434760841308 83.337201969407033 170.27065237193165 247.41860501348856 470.17358429823798 47.014995935183833 46.74612046481343 4049.2694053899431
leaf_count=48015 3595 7294 21531 216 201 1400 4067 3560 329 188873 2200 11992 42 1253 4795 2437 4629 91 156 149 2120 3392 1745 20394 13216 7011 42572 25 9857 73930 312 1410 1175 6741 1519 2930 4568 462 10196 4180 1159 6785 2759 323 192 5422 4122 648 1079 10299 2797 179 13248 1657 14668 4420 11061 10414 34907 4935 4908 164835
internal_value=5.17047e-05 -0.00228412 -0.00124827 0.000811964 0.00236848 -0.000679131 0.00432946 0.00255362 0.00223542 0.00239271 0.00620227 0.00134229 -0.0157569 -0.0256008 -0.000882618 -0.000465737 -0.0179283 0.0101138 -0.00578663 0.00363041 0.0132758 0.0122233 -0.0110038 -0.0212031 -0.00161028 0.00768503 -0.00608444 -0.0164287 0.0171749 2.6367e-05 0.00340043 -0.000361018 0.00869629 -0.0211075 0.00268318 0.00138818 0.00492789 -0.0107033 -0.0149599 -0.00164119 -0.00727507 -0.0157013 -0.0297338 0.00143228 -0.0223499 0.0050221 0.0118914 0.00200649 0.00717038 0.0103277 -0.00886068 -0.016911 -0.00202188 -0.00525256 -0.0136279 -0.00160973 -0.00778615 -0.00162485 0.00410015 -0.0311119 -0.0155113 -0.000889862
internal_weight=18703.2 4590.21 4107.93 14113 6903.59 7209.41 1127.33 6865.72 6723.42 6699.42 1013.61 558.564 73.9888 64.9126 4048.98 3957.34 91.6467 514.65 84.6781 68.038 429.972 455.041 482.282 151.541 6082.08 248.318 330.742 33.1052 142.304 3846.24 1270.51 745.598 524.91 83.864 661.734 638.394 496.12 142.274 130.109 2575.73 595.216 300.45 130.689 294.766 35.2315 259.534 282.121 128.052 117.606 504.459 49.81 25.7091 5833.76 1499.56 454.746 1044.81 501.026 330.756 543.783 136.692 73.609 4334.21
internal_count=815397 296599 224594 518798 208956 309842 24346 205361 195303 191743 20279 14687 2695 2653 176579 167155 9424 2870 421 330 2449 5592 72005 22139 285496 7227 49866 174 10058 145624 50874 36291 14583 8151 28140 25703 13526 12177 11715 94750 20820 13724 6939 7096 1351 5745 8958 4836 4188 13408 3109 1258 278269 100186 32819 67367 25895 14834 41472 18151 6565 178083
cat_boundaries=0 1 2 3 4 5 6 7 8 9 10 11 12
cat_threshold=1131616 50333635 701952 580609 42146 262144 304644608 33248 165572 77939 10708 7620256
is_linear=0
shrinkage=0.05


Tree=125
num_leaves=63
num_cat=6
split_feature=14 29 6 23 21 45 22 5 18 34 27 16 7 8 45 26 34 34 29 34 34 34 29 18 36 46 31 15 12 20 20 35 33 32 18 5 22 37 29 5 20 22 5 5 45 37 21 31 30 20 30 45 34 33 33 31 35 27 45 36 26 20
split_gain=13.5049 14.9607 20.0365 12.5111 12.4791 14.7834 17.6768 11.882 11.0663 12.8629 10.3921 11.8998 10.041 18.0803 12.0702 12.4946 14.3757 12.0518 10.7668 12.0984 9.99297 9.9554 9.9255 11.9713 10.8353 9.39262 9.37383 9.13534 9.45085 9.06355 17.7796 10.2176 8.91495 17.5593 12.0175 11.3958 23.2137 16.4482 15.3645 14.2134 14.1143 10.0806 9.87665 9.25659 9.24871 12.4132 8.94618 8.93526 8.93021 9.29937 10.0194 8.73198 11.9244 11.0326 8.81503 8.68435 8.65816 8.35361 8.31446 12.3331 9.25599 8.15321
threshold=1.0000000180025095e-35 0.98540067672729503 11.500000000000002 8.5000000000000018 0.31296642124652868 0 32.00221252441407 0.059182921424508102 0.14759599417448047 0.031949812546372421 67.500000000000014 0.8760964870452882 0.95331859588623058 14.500000000000002 1 108.50000000000001 0.018436104990541938 0.010142974089831116 0.9149741828441621 0.015675140544772152 0.029177330434322361 0.015239171683788301 3.1458511352539067 0.19900990277528766 2.5000000000000004 2 29.500000000000004 0.11006316542625429 6.5000000000000009 0.024476370774209503 0.025052569806575779 0.41522988677024847 9.5000000000000018 1.5000000000000002 0.72474747896194469 0.19141634553670886 33.150342941284187 61.500000000000007 1.5770536065101626 0.24558815360069278 0.033286187797784812 48.027778625488288 0.30086509883403784 0.33046084642410284 3 26.500000000000004 0.84796366095542919 4.5000000000000009 2.5000000000000004 0.032778425142169006 9.5000000000000018 4 0.026183121837675575 46.500000000000007 25.500000000000004 68.500000000000014 0.99342104792594921 85.500000000000014 5 9.5000000000000018 89.500000000000014 0.024481002241373066
decision_type=2 2 8 2 2 9 2 8 10 10 2 8 10 10 9 2 10 10 2 10 10 10 2 10 2 9 10 10 10 2 2 10 8 10 10 8 2 2 2 8 2 2 8 8 9 2 2 10 2 2 2 9 10 10 10 10 10 2 9 2 2 2
left_child=1 7 4 -2 21 6 27 20 10 55 -8 -12 14 -14 -9 18 17 -17 26 -20 -1 -3 -5 -24 -25 -22 -16 28 -6 -7 31 -31 33 44 35 36 37 -34 56 40 -37 42 47 -44 -4 -46 -40 -41 51 50 -50 -36 53 54 -53 -10 -38 -47 59 -35 -61 -45
right_child=3 2 32 22 5 29 8 12 9 -11 11 -13 13 -15 15 16 -18 -19 19 -21 25 -23 23 24 -26 -27 -28 -29 -30 30 -32 -33 34 58 48 39 38 -39 46 41 -42 -43 43 61 45 57 -48 -49 49 -51 -52 52 -54 -55 -56 -57 -58 -59 -60 60 -62 -63
leaf_value=0.023440794023733648 0.01017288814259589 0.016349452376499089 -0.02117943973471555 0.0012044887816698043 -0.034690384022595305 0.02343656700298415 0.028592295329142866 -0.012292753990082993 -0.062118057686039951 -0.0042697892691263692 0.011359078494450406 -0.049595406356461209 -0.0082837248807227752 0.043169744789267099 -0.0059089616611913351 0.0018752439023209432 0.018918371943043386 -0.029351694175279216 -0.0025952095553310943 -0.034673740767104604 0.018612797020113866 -0.034925949778897909 -0.048551635171786262 0.030654412336588961 -0.026499202895809426 -0.025053771760096329 0.026199721174631697 0.021598588028635044 0.028497017139060239 0.0091201611628141024 0.013176953379431046 -0.045215838943048765 -0.062050335623032971 -0.017363934192961016 0.00775771517815448 0.034637221298256339 -0.047181251825845379 0.025769015673808099 0.029056314947696522 0.01756806721247825 -0.034746353216398462 0.027082728052365973 0.031830523497881312 -0.004718600850434883 0.0098153217685273408 -0.036792269668326612 -0.026285359320835922 -0.050986916835770613 0.030398721274871001 0.0039730511297627101 -0.024026244049200628 -0.017265783671996188 -0.036021059048999826 -0.038333608394475124 0.02127584380077191 0.01873255558955296 -0.00024543103027580167 -0.0063797365935615996 0.00029267712452965138 0.03266603826692132 -0.012546692401340091 -0.00035021487837509115
leaf_weight=57.035797681717668 395.56319580902345 10.417656140867619 191.9911756394722 5168.0550473271287 12.938792643602939 171.43734479430714 15.531109780305995 676.61624562988072 23.433552523551047 23.142008504248224 14.173423252650538 9.8689340511918981 40.022116468666354 23.209783077210886 448.95831025565712 201.66960348584689 106.56475254561519 31.386237021768466 52.158384911599569 65.011814265482826 8.1159330529626441 24.313664846820757 17.190197714720853 11.548006150871517 11.651304919738321 16.810559982084673 19.029030632013018 63.937674550106749 4.4147994667291632 11.675766957690941 238.4265604299726 17.66079594247276 27.467327789752748 155.29731839633314 178.30959426172194 42.611260918318294 14.344899347168392 3.5188661073334506 33.569206115789711 3.6713923900388208 4.5228803111240259 27.061278739507543 16.52133414032869 1251.9438216287235 78.424512354584294 28.338561678341648 4.8975707986392072 12.609365324955432 89.285448782378808 94.054419040330686 5.631221763091161 17.230543225654401 27.066700791998301 9.7075366384815407 42.336849989776965 1.5107224618550379 20.07404500269331 78.859826713684015 1001.4160053413798 20.515638324053725 16.637550971150631 7117.6170845720626
leaf_count=3725 3719 204 19696 120839 678 4638 369 156314 1293 749 501 479 5105 1519 98104 2321 6330 1922 1522 6502 523 1348 406 53 111 2460 4880 1449 17 329 5473 1163 1439 23321 4493 760 852 47 449 56 218 581 305 58717 7650 5072 215 680 2728 2580 460 797 1618 444 907 4 673 9710 77108 2786 3962 151551
internal_value=-0.000393924 -0.00127801 -0.000608942 0.00165705 0.00792787 0.00963558 -0.00305568 -0.00557674 -0.0183148 -0.0332371 0.00151196 -0.0178924 -0.00650182 0.0123822 -0.00728368 -0.00340357 0.00415002 -0.00285833 -0.00784329 -0.0210846 0.0125048 -0.0194239 0.00100117 -0.0222815 0.0023413 -0.0122541 -0.00434022 0.0131525 -0.0158368 0.0142452 0.00856083 -0.0254114 -0.00112943 -0.00459924 -0.000524307 -0.000949612 -0.017024 -0.0498826 -0.000749209 -0.000742716 0.0252855 -0.000903159 -0.00100935 -0.000922459 -0.0139219 -0.0046992 0.0197971 -0.035032 0.00727313 0.0154883 0.0261291 0.00144492 -0.00983968 0.000801222 0.00965354 -0.0549112 -0.0233104 -0.0157008 -0.00160476 -0.010708 0.0133327 -0.00100608
internal_weight=18609 13005 11258.4 5604.01 642.883 608.151 168.951 1746.59 87.6598 48.0863 39.5735 24.0424 1664.63 63.2319 1601.39 924.778 339.621 233.056 585.158 117.17 81.9623 34.7313 5208.44 40.3895 23.1993 24.9265 467.987 81.2913 17.3536 439.2 267.763 29.3366 10615.5 1571.48 9044.05 8580.43 103.872 30.9862 72.8857 8476.56 47.1341 8429.42 8402.36 8386.08 377.614 185.623 38.4668 16.2808 463.622 188.971 94.9167 274.651 96.3416 69.2749 59.5674 24.9443 34.4189 107.198 1193.87 192.451 37.1532 8369.56
internal_count=814924 689796 398569 125128 18694 17142 5539 291227 3395 2046 1349 980 284519 6624 277895 121581 10573 4243 111008 8024 6708 1552 121409 570 164 2983 102984 2144 695 11603 6965 1492 379875 149305 230570 216543 3675 1486 2189 212868 978 211890 211309 210573 42128 22432 664 736 14027 5768 3188 8259 3766 2148 1704 1297 1525 14782 107177 30069 6748 210268
cat_boundaries=0 1 2 3 4 5 6
cat_threshold=366601 167363 33060 39368 133070 263458
is_linear=0
shrinkage=0.05


Tree=126
num_leaves=63
num_cat=8
split_feature=17 28 44 46 22 22 7 5 43 12 35 19 16 47 18 17 49 49 49 47 2 37 12 5 31 37 16 37 28 12 48 21 18 48 48 49 48 35 47 49 1 48 47 42 11 37 19 25 1 17 10 28 37 48 16 34 11 48 31 6 19 46
split_gain=19.6583 17.9884 10.33 12.4921 18.3942 14.877 13.0421 21.2103 11.9533 14.0545 20.0345 17.0343 15.2536 13.4358 19.878 13.2509 13.7975 25.8576 12.271 11.9115 11.7964 11.4872 10.6724 12.3082 10.2311 10.9536 10.1578 14.733 15.5012 13.7596 13.0863 11.896 12.9779 11.2733 11.1556 11.1224 10.8413 10.6643 10.0722 14.1133 11.7858 10.3354 9.74811 9.68594 9.84562 9.63568 14.272 14.0437 22.2343 13.7227 11.4664 11.3989 12.4802 11.3305 11.566 11.2655 10.5996 11.8249 11.0744 17.9429 10.2213 10.187
threshold=0.064725596457719817 2.5000000000000004 0 1 42.653694152832038 42.503730773925788 0.96419548988342296 0.19003626704216006 2 6.5000000000000009 0.83424907922744762 306.50000000000006 0.49626865983009344 3 0.33589744567871099 0.083771932870149626 0.83333301544189464 2.2043991088867192 4.7229843139648446 4 2.5000000000000004 23.500000000000004 5.5000000000000009 0.26065328717231756 2.5000000000000004 51.500000000000007 0.33558559417724615 41.500000000000007 267.50000000000006 1.5000000000000002 0.76059174537658703 0.23498637229204181 0.46737588942050939 1.5889930129051211 2.3242299556732182 15.222648620605471 2.0026509761810307 0.060661764815449722 5 18.31180572509766 1.0000000180025095e-35 2.4161468744277959 6 1.0000000180025095e-35 7.5000000000000009 33.500000000000007 105.50000000000001 4.5000000000000009 9.5000000000000018 0.53950104117393505 4.5000000000000009 46.500000000000007 53.500000000000007 1.731389105319977 0.57002803683280956 0.014017554465681316 5.5000000000000009 0.92777091264724743 2.5000000000000004 10.500000000000002 252.50000000000003 7
decision_type=8 2 1 9 2 2 8 10 9 10 8 2 10 9 10 8 2 2 2 9 8 2 8 10 10 2 10 2 2 8 8 2 10 10 10 2 10 10 9 2 8 10 9 2 10 2 2 2 8 10 10 2 2 10 10 10 10 8 10 10 2 9
left_child=1 -1 -2 4 5 8 7 24 9 13 -11 12 -12 14 -4 18 42 22 -10 -6 21 -15 -18 -24 25 -5 27 29 30 -22 -29 -31 33 -33 -35 -28 -32 -36 41 40 -40 -19 -17 44 -13 50 47 48 49 -47 -8 52 -48 54 60 -50 -53 -58 -59 -60 -52 -56
right_child=2 -3 3 6 19 -7 45 -9 15 10 11 43 -14 20 -16 16 17 38 -20 -21 26 -23 23 -25 -26 -27 35 28 -30 31 36 32 -34 34 37 -37 -38 -39 39 -41 -42 -43 -44 -45 -46 46 51 -49 55 -51 53 56 -54 -55 61 -57 57 58 59 -61 -62 -63
leaf_value=-0.039036143338556477 0.0092177483567049013 -0.0023194165887966455 0.00089314242136177878 -0.052840971110407808 0.017604118407918753 -0.045191567933464814 0.002110664004329443 0.014451754884048124 -0.019387200128149835 0.01488899706179808 -0.031897569321089433 -0.0079491966572485494 0.018075512913913742 -0.0072976704105208942 -0.049393552349579539 0.015839834544418896 0.020007316858017661 -0.0013722860311035298 0.02241627363099619 -0.013956727239920814 -0.026688172180682541 0.017765628131636374 -0.027961223046286246 0.006066411251162758 -0.012063234945690445 -0.00020082306816480443 0.0032611971661379181 -0.032759454955758389 -0.013471493737004429 -0.021134790045334875 0.019181707881869382 0.0053162549659250624 0.025437654273362021 -0.039429559228442483 0.035115312098406286 -0.008693172680102423 -0.033600928057019648 -0.031123362972487179 -0.033230298352672098 -0.015568122679176028 0.0093589576847957958 -0.031050320915776215 -0.016569505738388644 -0.014228970774635186 0.012087417338978919 -0.046218791481602101 -0.048084388262073965 0.0057664038244781314 0.029217359962328233 0.011364086932660729 -0.044741261588605072 -0.0010018036878798365 0.001665435403344526 0.018660337510071293 0.012836943750807531 -0.0047047581336884768 0.0077515952027552544 -0.010422638623190874 -0.040853213097858471 0.027406538802784028 0.019327279371320061 -0.016217750919039094
leaf_weight=28.608338688627555 365.63272744837013 4971.0345994576273 63.362898498078721 30.354019770195009 250.55288575292434 11.934152799571164 2821.0675058450252 62.130243987834547 17.015468918194529 113.67311366373906 95.991187493957113 106.59132751700236 14.64938524039462 50.959525704034604 23.37560580047284 164.5510906330237 12.457383857108653 2795.2380133973202 101.63986233592004 25.113832155344426 30.834090529824607 299.44652852840954 149.30255829673843 30.186165143066319 206.82296009466518 13.769745411438633 980.05807168407773 8.5606509478893695 42.768664618313778 37.881663544547337 437.95071639497473 1033.7857370661368 73.148090722424968 23.449635890690843 10.321397228806743 237.51264551816712 5.5590533546928773 5.3483273044403168 11.945265647489578 66.366145814834454 529.37712308846312 24.662718684907304 16.092272741894703 114.95754455134738 131.66566021984909 44.197549698641524 28.851678403880214 596.3938848139951 23.324933125870302 10.929268956009762 38.15666608203901 524.7318667427171 19.567814540670952 23.065525637823157 34.940039819164667 175.07082631114099 66.086287338403054 326.00755938625662 62.549669237108901 7.6612040273612356 4.3969146246090522 68.131412563961931
leaf_count=56071 15874 264269 3132 5204 10601 651 88582 1995 1136 2064 1295 1411 166 462 1888 4825 304 106261 3817 1650 339 1704 7638 1188 39722 1345 38013 1144 780 2361 6582 13638 2275 1186 125 11499 411 322 100 4389 21703 2207 696 1776 1036 703 2644 14341 1225 100 3183 17966 1269 721 1508 16035 3534 8001 4290 86 115 4872
internal_value=0.000113816 -0.0025683 0.00109305 0.000859379 0.00207912 0.00163215 -0.00105674 -0.0108685 0.00173192 0.00366925 -0.00350417 -0.00812234 -0.0247854 0.00491492 -0.0131761 -0.000227747 -0.000751494 -0.00143148 0.01588 0.0146614 0.0054366 0.0140693 -0.0190497 -0.0222292 -0.0172973 -0.038106 0.00439951 0.00687965 0.0141125 0.00388754 0.016841 0.00479273 0.00573782 0.00428297 -0.020531 0.000903231 0.0181529 0.0104472 -0.000418543 0.00534309 0.00812362 -0.0016804 0.0125449 -0.00262971 0.0031443 -0.000418315 -0.00321293 0.00158547 -0.0081712 -0.0348069 0.00134642 -0.00714021 -0.0297049 -0.0111272 -0.016308 -9.64126e-05 -0.00588915 -0.0113664 -0.014612 -0.0320781 -0.0367852 -0.00654314
internal_weight=18701.8 4999.64 13702.1 13336.5 8148.29 7872.62 5188.21 313.077 7860.69 3941.85 577.528 463.855 110.641 3364.32 86.7385 3918.83 3800.18 3619.54 118.655 275.667 3277.58 350.406 191.946 179.489 250.947 44.1238 2927.18 1709.61 494.839 1214.77 452.07 1183.93 1146.05 1072.91 39.1194 1217.57 443.51 15.6697 3427.59 607.689 541.322 2819.9 180.643 353.215 238.257 4875.13 1885.37 849.916 253.523 55.1268 2989.76 1035.46 48.4195 168.691 145.625 198.396 987.037 462.305 396.218 70.2109 42.5536 103.071
internal_count=814430 320340 494090 478216 260775 248524 217441 48266 247873 93609 7748 5684 1461 85861 5020 154264 149311 143790 4953 12251 80841 2166 9130 8826 46271 6549 78675 29163 8917 20246 8137 19907 17546 15271 1633 49512 6993 447 134660 26192 21803 108468 5521 4223 2447 169175 70194 32404 18063 803 98981 37790 3913 10399 9678 17260 33877 15911 12377 4376 3298 6380
cat_boundaries=0 1 2 3 4 5 6 7 8
cat_threshold=8 13426 77888 4260385 103186689 109069424 102760449 32897
is_linear=0
shrinkage=0.05


Tree=127
num_leaves=63
num_cat=8
split_feature=1 22 45 16 43 33 34 37 49 33 19 26 34 11 29 34 42 28 27 48 48 16 45 19 31 18 18 21 31 31 27 15 45 15 34 33 35 33 48 28 49 12 20 17 49 48 29 49 23 21 35 46 37 46 48 48 46 45 33 19 16 37
split_gain=19.7195 10.8982 13.9027 10.3776 9.44137 13.6545 9.81178 10.4485 13.7116 13.5723 10.7847 10.6248 10.4337 10.294 10.221 12.0427 9.62155 17.3213 9.55777 9.15888 17.9953 8.73323 29.3132 11.7081 8.57658 13.9516 7.95777 7.92644 10.8384 11.4043 20.8684 12.5487 11.0076 10.2135 9.2581 8.29548 8.59451 7.98249 15.1789 23.4524 12.4852 9.59667 8.74649 8.65848 8.54909 7.55998 7.42622 7.38572 7.29826 7.24832 14.1802 22.6313 13.5259 9.25516 11.882 19.7633 14.9018 13.4285 13.1407 11.5081 11.4142 9.54657
threshold=1.5000000000000002 27.012195587158207 0 0.11200716719031335 1 43.500000000000007 0.017272553406655792 28.500000000000004 14.636062622070314 26.500000000000004 77.500000000000014 131.50000000000003 0.017921375110745433 28.500000000000004 1.3016482591629031 0.015925846993923191 1.0000000180025095e-35 215.00000000000003 88.500000000000014 2.6614154577255253 2.3715395927429204 0.15470086038112643 2 219.50000000000003 22.500000000000004 0.45393940806388861 0.69397994875907909 0.98952850699424755 20.500000000000004 8.5000000000000018 160.50000000000003 0.11006316542625429 3 0.12537425011396411 0.039547691121697433 3.5000000000000004 0.6123737394809724 24.500000000000004 0.77018782496452343 172.50000000000003 9.5133352279663104 8.5000000000000018 0.024740279652178291 0.42583334445953375 23.322660446166996 0.40088985860347753 1.9924812316894533 1.8109169006347658 54.500000000000007 0.99618682265281688 0.14642857760190967 4 31.500000000000004 5 1.0753366351127627 1.1249616742134096 6 7 35.500000000000007 112.50000000000001 0.49626865983009344 31.500000000000004
decision_type=8 2 9 8 9 10 10 2 2 10 2 2 10 10 2 10 2 2 2 10 10 8 9 2 10 10 10 2 10 10 2 10 9 10 10 10 10 10 10 2 2 10 2 10 2 10 2 2 2 2 8 9 2 9 10 10 9 9 10 2 10 2
left_child=45 2 -2 4 5 24 7 13 9 -9 -11 -10 -8 16 -15 -16 17 18 -6 20 -19 22 -5 46 25 -3 -18 28 29 32 31 -31 -14 34 35 -32 48 41 40 43 -39 42 -34 -40 -41 -1 -24 -12 -37 -23 51 52 -51 -52 58 60 57 -57 -55 -59 -56 -61
right_child=1 3 -4 21 6 -7 12 8 11 10 47 -13 27 14 15 -17 26 19 -20 -21 -22 49 23 -25 -26 -27 -28 -29 -30 30 33 -33 37 -35 -36 36 -38 38 39 44 -42 -43 -44 -45 -46 -47 -48 -49 -50 50 53 -53 -54 54 55 56 -58 59 -60 61 -62 -63
leaf_value=-0.028472071530323134 0.0098075127855618768 -0.024825106143683676 -0.036618366520816924 -0.030416247220425657 -0.014429740145314672 0.030772852097988398 -0.040717317253848806 -0.003018772489275269 0.026268128802043947 0.020586674504345131 -0.011319273139093967 -0.019886282101735046 0.0027631767294608311 0.018347791654068604 -0.060384206386512922 0.0079240104894933768 0.0043129924968269388 -0.039781423539867584 0.036624279961804715 -0.050157810145983396 0.038841521396157319 0.00026434670014616098 0.033508079440536326 -0.001975779993577371 0.028638109651261675 0.015814611314297119 -0.043098891478942435 -0.018628758078438633 -0.031242065331492888 -0.03305526661872292 -0.013180632134080989 0.010853711483894926 -0.031094473391935242 -0.024111128671891316 -0.029984538648692799 0.021252392480958265 0.04037217120874137 0.024772690995115674 -0.0019778806844300187 -0.048948696173916971 -0.021572094276134185 0.021427410628357346 -0.003752040204997554 -0.049261381349148287 0.0072930881024272295 0.0088141096857936255 0.0018953858424851822 -0.064202187584548681 -0.025086085287089246 0.015780639159209988 0.0038541668963250524 -0.038960082700278224 -0.025221905522030044 -0.0069001698013480862 -0.025632370996010248 -0.011847024022146879 -0.024362013087171785 0.0093473243574654207 -0.036955060715083976 -0.046582496120424942 0.034042984830052615 0.0057396243698321315
leaf_weight=9.1126460636733082 21.962047655677452 48.625652153425108 29.317032112867309 24.173070685814309 7.6255170963704577 40.686181041844975 19.296639261279779 53.262792958441423 33.112212857544364 3.592342090640158 12.039091048238332 14.203243494732304 190.90684998268625 10.136461262241939 11.469648556201721 8.905292993236797 75.1748104188664 7.8417337033897683 79.661278610466979 5.7790729359257957 11.923431718721986 14312.508644370067 92.689337853309553 46.128809441550402 13.306466867921698 30.494353662557842 4.9509894022194194 129.97749159709019 34.121081166969816 36.162655463809642 9.1382469639356696 23.67821917609399 31.033967396255321 8.5217548430664447 3.6822904253494917 20.475637870957147 65.682200310548069 29.317842666805518 86.222611801989842 72.880745260452386 20.402507339280419 25.511908430911717 165.46734371264756 5.978322062524966 6.0839473401429123 686.38790892332327 23.708900242083473 22.187938439077698 7.942584474454633 52.287298385344911 500.34975575685166 53.164995016712055 26.010293448605807 623.18161305619287 5.5470287735442971 129.6909264152273 51.115847682856838 306.59405316670018 34.075154427038797 12.929915671062192 54.742121402196062 15.081695553613825
leaf_count=163 5034 7172 16389 2841 1750 1147 2239 4489 2977 734 478 1102 11116 310 837 341 4150 431 2082 239 134 526057 3508 2686 697 1963 373 27194 4692 5525 1538 1899 5711 1008 557 613 2415 1455 3946 2956 2144 1577 12951 500 413 3845 1367 1490 680 4592 34454 11621 3921 39162 515 7717 5007 15761 3314 815 1613 598
internal_value=-0.000103843 -0.000425736 -0.022394 -0.000356378 -0.00434768 0.00783339 -0.00558584 0.0014078 -0.00919216 -0.0201639 -0.0411381 0.0118369 -0.00818603 0.00803003 -0.0170818 -0.0348502 0.012332 0.021423 0.031624 -0.0129054 0.00591433 7.64234e-06 0.010617 0.0181763 -0.0025216 -0.00915279 -0.000976006 -0.00733616 -0.00549591 -0.00422492 0.00692379 -0.0161839 -0.00733823 0.0190765 0.023442 0.0266447 0.030982 -0.01148 -0.0183739 -0.0252748 0.0055219 -0.00487314 -0.00873472 -0.00742004 -0.0444392 0.00812584 0.0274122 -0.0494148 0.00648567 -0.000118042 -0.00304581 -0.0185679 0.00130648 -0.00181852 -0.00412465 0.00108695 -0.0021757 0.000998244 -0.0087256 0.00627167 0.0270099 -0.0218093
internal_weight=18598.2 17902.7 51.2791 17851.4 1487.46 133.113 1354.35 361.866 138.398 91.0822 37.8194 47.3155 992.485 223.468 30.5114 20.3749 192.957 112.831 87.2868 25.5442 19.7652 16364 186.7 162.527 92.4265 79.12 80.1258 973.188 843.211 809.09 175.284 59.8409 633.806 115.443 106.921 103.239 94.1004 442.899 220.886 171.166 49.7204 222.013 196.501 92.2009 78.9647 695.501 116.398 34.227 28.4182 16177.3 1864.77 131.463 78.2976 1733.31 1232.96 575.702 515.412 464.297 657.257 334.606 60.2892 28.0116
internal_count=815005 810997 21423 789574 124025 10979 113046 21917 11270 7191 2702 4079 91129 10647 1488 1178 9159 4636 3832 804 565 665549 10402 7561 9832 9135 4523 88890 61696 57004 14235 7424 42769 6811 5803 5246 3708 31653 11414 7815 3599 20239 18662 4446 3369 4008 4875 1968 1293 655147 129090 20134 8513 108956 74502 32026 29898 24891 42476 17174 2128 1413
cat_boundaries=0 1 2 3 4 5 6 7 8
cat_threshold=1276032 335873 39818 262308 41986 207600 524551 67843
is_linear=0
shrinkage=0.05


Tree=128
num_leaves=63
num_cat=13
split_feature=12 15 27 14 15 24 32 16 46 36 48 45 9 33 20 23 5 19 28 6 22 35 30 19 43 22 33 20 34 20 45 25 47 36 15 45 16 21 35 30 46 2 25 45 48 45 17 45 1 17 47 10 32 22 34 35 35 46 48 19 47 22
split_gain=10.7348 13.9687 12.5439 9.88414 12.7404 11.1869 10.1109 11.0032 11.3682 14.862 13.7475 13.3704 11.5819 10.5412 9.76286 14.3106 9.57683 15.3632 15.2524 15.0445 11.1048 11.0113 10.909 13.1008 10.1947 9.80611 9.76347 9.63217 9.88937 9.52581 9.46974 15.0778 13.3309 12.1484 9.26068 10.9868 10.242 9.21496 25.8379 13.5818 14.0387 12.6927 16.9136 12.478 13.406 11.9453 13.876 12.8458 16.2162 12.3151 13.6189 13.4005 12.3372 18.7476 11.8523 11.4957 12.866 11.3967 11.3765 11.1115 11.064 10.8707
threshold=7.5000000000000009 0.56904762983322155 433.00000000000006 1.0000000180025095e-35 0.067075666040182128 1.0000000180025095e-35 2.5000000000000004 0.93440860509872448 0 15.500000000000002 0.6195618510246278 1 88.500000000000014 19.500000000000004 0.021485567092895511 48.500000000000007 0.11329249292612077 131.50000000000003 101.50000000000001 3.5000000000000004 38.003267288208015 0.81980520486831676 5.5000000000000009 321.50000000000006 2 36.797872543334968 22.500000000000004 0.016528201289474968 0.031539045274257667 0.0082151698879897612 3 24.500000000000004 4 8.5000000000000018 0.076340328902006163 5 0.18301435559988025 0.82668063044548046 0.10263158008456232 3.5000000000000004 6 2.5000000000000004 47.500000000000007 7 1.0933166742324831 8 0.32163383066654211 9 3.5000000000000004 0.15450928360223773 10 2.5000000000000004 1.5000000000000002 40.229091644287116 0.016646892763674263 0.69397994875907909 0.19098278135061267 11 1.1067461967468264 568.00000000000011 12 34.58876037597657
decision_type=8 10 2 2 10 2 10 10 9 2 10 9 2 10 2 2 10 2 2 10 2 10 2 2 9 2 10 2 10 2 9 2 9 2 10 9 10 2 10 2 9 10 2 9 10 9 10 9 10 10 9 8 10 2 10 10 10 9 10 2 9 2
left_child=1 -1 3 5 6 16 14 8 9 11 -11 -8 -13 -10 -5 -16 30 -18 19 20 26 -21 23 27 -23 -25 -19 -20 -29 -28 -2 32 -32 -33 35 -6 -37 45 41 -40 54 42 -39 -42 -45 57 49 -48 -49 51 59 -47 -52 -54 -41 56 -53 -36 -50 -51 -57 -56
right_child=2 -3 -4 4 34 -7 7 -9 13 10 -12 12 -14 -15 15 -17 17 18 22 21 -22 24 -24 25 -26 -27 29 28 -30 -31 31 33 -34 -35 37 36 -38 38 39 40 43 -43 -44 44 -46 46 47 48 58 50 52 55 53 -55 61 60 -58 -59 -60 -61 -62 -63
leaf_value=0.0032264669428640844 -0.00022880693867533453 -0.027476820783720921 -0.035518426011626761 0.033728770611776995 0.0074937324084868783 -0.0086938113349572053 0.015378405865768975 -0.025473452953295818 0.014866527418899168 0.013782806280257173 -0.065036127679354933 -0.030133771348369573 0.026860253042582688 -0.035699261654788032 0.023084914827181859 -0.016204315222781086 0.012131390826058254 0.0087613174899733633 -0.033367624703435655 -0.029518046778865936 0.035094576858347708 0.0024530067059892052 -0.0015631167919201204 0.025293359993891984 -0.028104890828311604 -0.02917688992808723 0.017184610473086614 0.015490095818882605 -0.017664045971961549 -0.054921742217678662 0.0045061957525119869 -0.0022294251751087029 -0.0226103132792152 -0.024548799013883946 -0.022009006193060322 0.010047609886964936 -0.048810569050729273 -0.043852242999922873 0.013971920426967361 0.017592413291119938 0.0029017029024530627 0.01382951821093936 0.010050532936850771 -0.002479758610157977 -0.029144839524207794 -0.032386934043475452 0.0040596401306567794 -0.0023907899999291975 -0.011020639054071602 0.011121523693719606 0.018198614010406278 -0.0068923692604187393 -0.039508632426095973 0.011270509167049868 -0.0012740828473923901 0.018263112434215342 0.019445260573103952 0.00044882929540876064 -0.034977678688277385 -0.036050203270272786 -0.015724312348325251 0.0074312628668777754
leaf_weight=2971.9193000961677 5395.4353228862219 32.555472621694207 20.403284883126616 62.870184684405103 28.390420235577039 479.27698029946805 61.431849732849514 24.076503289397806 237.98773372167489 5.9049307572422576 12.442676828795809 38.044173243339173 7.0920935855247071 6.1119978239294133 53.683854829519987 33.823769711772911 342.60055858461419 40.792918456136249 13.908743465115547 88.044827143428847 22.047696432913654 97.334728249406908 332.82219259990961 129.98543707246426 22.590842778503429 4.7339595301309592 3.9197963892947874 68.29724458581768 27.725256432720926 9.2396827482152712 61.013543232198572 2811.2655604645115 162.69034699520853 57.393225471794722 116.9758942455519 7.49340405256953 29.384852002200205 55.282814724603668 298.08039214558084 155.17510490503628 197.81585643009748 16.4010106890928 17.039384218165651 98.164705966599286 87.528060219949111 31.618105586967431 356.9502082944382 580.96530354866991 212.69381747877924 633.30499472195515 23.652327944408171 79.746737852110527 42.958692554850131 26.352235376718454 691.92158662347356 17.215051440172829 99.533104089263361 107.05586414676509 63.390447036013938 7.9772033593617371 123.85916465159971 736.65588018580456
leaf_count=59599 212603 1043 2171 1277 546 190874 1235 999 4968 171 502 2058 112 376 726 1090 16286 1724 952 9253 436 7397 17041 3307 3430 231 70 2037 1223 679 7735 111201 30686 10703 4769 176 1483 2916 3528 2390 4997 241 125 2926 2183 928 6286 14675 4358 13239 596 2323 2325 555 13846 315 2271 4123 1469 108 4340 12564
internal_value=0.000113408 0.00284868 -0.000411491 -0.000354421 0.00135515 -0.00127691 0.00858534 0.00425536 0.00650963 -0.00558186 -0.0421501 0.00182053 -0.0161681 0.012411 0.0194029 0.00784367 -0.000905834 0.00325848 -0.00031996 -0.00970958 0.00890923 -0.016563 0.00434107 0.0122435 -0.00625115 0.0224037 -0.00386038 -0.000640548 0.0055168 -0.0346257 -0.00149814 -0.0036962 -0.0160693 -0.00271791 0.000552436 -0.0174709 -0.0299319 0.000811219 0.00305838 0.00411435 0.00258909 -0.0226845 -0.0313239 -0.00585937 -0.0147117 -0.00128634 -0.000174324 -0.00384102 -0.00710072 0.00392094 0.00759031 -0.00373278 -0.0094476 -0.0207429 0.00465449 -0.000450433 0.0078607 -0.0119226 -0.0170457 0.010104 -0.0109199 0.00322515
internal_weight=18683 3004.47 15678.6 15658.2 5487.05 10171.1 543.47 393.092 369.015 124.916 18.3476 106.568 45.1363 244.1 150.378 87.5076 9691.84 1204.04 861.443 283.97 76.0001 207.97 577.473 244.651 119.926 134.719 53.9524 109.931 96.0225 13.1595 8487.8 3092.36 223.704 2868.66 4943.58 65.2687 36.8783 4878.31 2354.06 2265.34 1967.26 88.7232 72.3222 383.509 185.693 2524.25 2300.22 1214 857.05 1086.22 734.245 351.972 92.9633 69.3109 1583.75 320.354 179.28 224.032 276.084 641.282 141.074 1428.58
internal_count=814796 60642 754154 751983 124115 627868 13514 10421 9422 4078 673 3405 2170 5344 3093 1816 436994 64066 47780 22989 2909 20080 24791 7750 10827 3538 2473 4212 3260 749 372928 160325 38421 121904 110601 2205 1659 108396 45716 42434 38906 3282 3041 10106 5109 62680 53788 26788 20502 27000 16823 10177 3476 2880 28800 9249 4594 8892 5827 13347 4655 26410
cat_boundaries=0 1 2 3 4 5 6 7 8 9 10 11 12 13
cat_threshold=108933 77190 73920 1971395 268485089 927872 74151 1999138 558092 1340288 103170706 67603 279058
is_linear=0
shrinkage=0.05


Tree=129
num_leaves=63
num_cat=3
split_feature=1 13 46 18 26 34 22 43 15 28 27 19 33 25 17 32 10 17 18 48 34 48 31 19 19 17 49 46 1 31 9 19 15 49 48 48 48 21 35 34 23 21 37 49 49 6 29 48 3 27 19 11 33 19 18 22 19 29 6 49 48 18
split_gain=12.9707 15.6403 13.4573 20.2861 17.117 16.4799 11.714 11.3683 10.9874 15.3014 11.7797 11.4125 10.5346 9.8064 21.9258 16.2271 10.2499 9.65986 9.3187 8.43593 9.85391 9.65726 9.14563 8.35563 13.1616 9.4434 8.30155 11.2181 10.5532 13.096 14.8784 14.5727 16.0805 14.0564 13.1491 12.778 12.3192 14.8774 14.8822 12.0946 11.6329 11.7774 12.9548 11.3779 11.1624 10.7902 10.0906 9.76167 9.18768 14.3965 15.4473 12.8826 15.9564 14.7516 12.0376 11.0207 9.23606 8.62639 9.43632 8.94431 13.094 8.63928
threshold=1.5000000000000002 1.5000000000000002 0 0.055946791544556625 1.5000000000000002 0.019421402364969257 44.314144134521491 1 0.24068965017795566 57.500000000000007 23.500000000000004 174.50000000000003 1.5000000000000002 11.500000000000002 0.050641026347875602 3.5000000000000004 1.5000000000000002 0.16141439229249957 0.15353598445653918 0.9895804524421693 0.026436766609549526 0.55728209018707286 6.5000000000000009 347.50000000000006 98.500000000000014 0.066890381276607527 8.771792411804201 2 29.500000000000004 12.500000000000002 66.500000000000014 492.50000000000006 0.099450550973415389 8.3181056976318377 0.99541211128234874 2.0026509761810307 1.032311022281647 0.74341648817062389 0.15587044507265094 0.024143877439200882 28.500000000000004 0.95470327138900768 29.500000000000004 5.0981597900390634 5.7857141494750985 13.500000000000002 0.88799282908439647 1.3968062400817873 0.24808940291404727 159.50000000000003 154.50000000000003 32.500000000000007 30.500000000000004 317.50000000000006 0.28165064752101904 30.12060642242432 305.50000000000006 0.52885684370994579 6.5000000000000009 9.9037399291992205 2.4560366868972783 0.091507177799940123
decision_type=8 2 9 10 2 8 2 9 10 2 2 2 8 2 10 10 8 10 10 10 10 10 10 2 2 10 2 9 8 10 2 2 10 2 8 10 10 2 10 8 2 2 2 2 2 10 2 10 10 2 2 8 10 2 10 2 2 2 10 2 10 10
left_child=-1 2 3 5 -5 23 7 -6 11 10 -10 17 -4 19 -15 16 -16 -9 -19 21 22 -7 -21 24 25 -2 28 -28 -3 30 31 34 33 39 48 45 37 38 -32 -33 44 -42 43 -43 -36 -31 -44 -45 49 50 -30 52 53 -51 -50 -54 -52 58 -29 60 61 -59
right_child=1 26 12 4 6 13 -8 8 9 -11 -12 -13 -14 14 15 -17 -18 18 -20 20 -22 -23 -24 -25 -26 -27 27 57 29 35 36 32 -34 -35 40 -37 -38 -39 -40 -41 41 42 46 47 -46 -47 -48 -49 54 51 56 -53 55 -55 -56 -57 -58 59 -60 -61 -62 -63
leaf_value=0.0064079474161977783 0.012834144650261456 0.016395227736440039 -0.0082962698460697717 -0.028311286460681213 0.013966257678060385 0.0021567442830283381 0.033862925986896365 -0.0047530018195804822 -0.0060198864992499117 0.011137989501616707 -0.051820028626954409 -0.028209374774662888 -0.0017041439786359442 -0.0063198935297074932 -0.036629069952258404 -0.014247183479400178 0.023819624644934118 -0.0018777004884573839 0.028302616081131445 -0.014601756115050678 -0.018334190088551468 -0.035116522955198459 0.029730971844834742 0.023780070069783658 -0.04926592601970866 -0.022325050925441545 -0.02058818886118707 -0.024538340760059257 -0.01109573464347529 -0.0054800370687753891 0.0097737093786191415 -0.03744168057639962 0.011905625688519817 -0.049254339249312031 0.0040454799582495538 -0.05385337762949205 0.029629549334850735 0.022690096726372448 -0.047183128937096669 -0.0046128051445816108 0.012239422016929428 -0.039261449651502085 -0.024572156807473176 0.0085289480220496535 -0.010488738203010533 -0.043388751853937556 0.023682886387668235 -0.035525130270783682 -0.012219569819391464 0.013442430310216795 -0.05883000312011305 0.0278974556472067 0.0054903756766137603 -0.033145071821630151 0.028618249216814419 -0.059360894031670212 0.0020038400246985117 0.0059069265779320666 0.0081963439091878917 0.0028964010124172433 -0.031238438448381541 0.019075473485331323
leaf_weight=693.71667957564932 24.426938776348834 81.983317431877367 638.71602516787607 25.074899855753756 379.02362484563491 25.736701525864191 44.968090752401622 60.645474501608987 29.982541654142551 35.791923836164642 24.15250511909835 15.657531375181859 10500.645885435159 233.96264360762143 2.9902403403539211 34.136063320271205 172.14802116694045 35.623922511091223 80.628888856954291 13.693088185129453 32.154424519208987 45.194470147816901 30.218367792931531 6.243942284199874 29.804324222321156 53.477038607270515 33.745560894953087 50.034986922051758 85.261907224572496 232.43444759288104 19.921318670269102 32.436636986036319 48.34767068689689 28.420256357057951 311.72008850210113 12.069823110126888 69.690625265007839 34.788391895126551 18.164690964855254 119.27086866821628 432.49716467797407 28.303561648237519 9.4379647382884269 46.591615698242094 221.91687787568662 15.686482405464629 45.401356414717156 11.651050668326205 32.055184109718539 66.251205870124977 31.464995224901941 25.816658300638665 8.3342281666118669 17.335713612032123 30.942587010329589 16.232315965928137 7.1385807595797806 309.08309659472434 33.407676987873856 2519.3027460821322 13.944170092931016 211.77678625375847
leaf_count=4059 5294 567 89049 7163 14531 9622 986 3351 1191 659 1334 1114 507524 12748 131 2430 6817 1862 2996 2841 5043 10964 2722 680 3992 6696 2409 2520 2893 9546 153 1645 1033 551 5858 788 484 352 456 2829 5929 908 344 945 4027 1047 711 627 879 2094 1769 416 203 1350 400 626 321 3556 2050 45588 385 3559
internal_value=-0.000275352 -0.000536257 -0.00149711 0.00303968 0.00886458 -0.00298853 0.0103738 0.00853494 0.000623762 -0.0133464 -0.0291075 0.00735232 -0.00208381 0.000429564 0.00414764 0.0157244 0.0217995 0.0111888 0.0193582 -0.0105491 0.00114633 -0.0223408 0.0158271 -0.019967 -0.0234455 -0.0111917 0.00173727 0.00335949 -0.000667186 -0.00138443 0.000143931 -0.00120755 -0.0127889 -0.0195596 0.000683117 -0.0117575 0.0153589 0.000685637 -0.0197143 -0.0126026 0.00326803 0.00817875 -0.0042366 -0.0159379 -0.00203994 -0.0086864 0.0140188 -0.00239567 -0.00815325 -0.0122982 -0.0242302 -0.000791411 -0.00856968 0.00245488 0.00846815 -0.0401521 -0.0486408 0.00370314 -0.01171 0.00415481 0.010001 0.0113916
internal_weight=18581.7 17888 12575.1 1435.74 731.549 704.186 706.475 661.506 282.483 89.927 54.135 192.556 11139.4 590.234 443.237 209.274 175.138 176.898 116.253 146.997 76.0659 70.9312 43.9115 113.952 107.708 77.904 5312.86 3171.3 2141.57 2059.58 1799.39 1656.83 228.475 180.128 1428.35 260.191 142.565 72.8744 38.086 151.708 1107.52 573.883 141.386 86.5462 533.637 248.121 54.8393 58.2427 320.833 257.836 123.865 133.97 108.153 83.5869 62.9978 24.5665 38.6036 3137.55 83.4427 3054.11 534.804 520.86
internal_count=815617 811558 701740 105167 35187 69980 28024 27038 12507 3184 2525 9323 596573 53318 22126 9378 6948 8209 4858 31192 10606 20586 5563 16662 15982 11990 109818 60067 49751 49184 37803 36358 6058 5025 30300 11381 1445 961 609 4474 19349 9464 3535 2480 9885 10593 1055 1572 10951 9672 4983 4689 4273 3444 1279 829 2090 57658 4570 53088 7500 7115
cat_boundaries=0 1 2 3
cat_threshold=15456 102496 11536
is_linear=0
shrinkage=0.05


Tree=130
num_leaves=63
num_cat=3
split_feature=27 2 16 27 36 18 33 5 18 11 31 31 35 18 33 36 48 28 37 37 44 17 20 26 46 47 34 20 49 19 15 28 19 49 35 20 37 33 33 34 26 33 49 30 19 30 22 22 26 26 27 35 37 36 29 25 19 17 35 34 22 48
split_gain=11.3337 12.0222 11.8983 10.6287 17.6797 14.3542 15.9398 13.0282 11.6044 16.8647 10.4519 9.77364 14.7762 12.6312 11.3538 17.3219 10.6514 9.14467 9.12027 9.10143 8.9905 10.4979 10.4926 9.76159 9.40908 12.2244 10.3115 12.5583 11.9837 15.3376 17.092 14.4202 10.2694 12.0845 12.0359 14.7123 11.9745 11.5459 11.769 10.3314 10.2134 10.105 10.0991 9.89817 9.10865 8.98491 10.2167 14.7024 9.57699 9.27533 8.98404 12.2291 10.6806 12.6934 10.3024 8.91278 8.82452 11.9315 18.7137 17.8759 13.552 10.9161
threshold=1.5000000000000002 8.5000000000000018 0.79034125804901134 269.50000000000006 1.5000000000000002 0.5524578094482423 54.500000000000007 0.10388087853789331 0.19900990277528766 4.5000000000000009 8.5000000000000018 17.500000000000004 0.28730159997940069 0.21352583914995196 6.5000000000000009 3.5000000000000004 2.2350438833236699 3.5000000000000004 26.500000000000004 32.500000000000007 0 0.058444023132324226 0.03309143893420697 34.500000000000007 1 2 0.027526482939720157 0.014811127912253143 2.8229255676269536 8.5000000000000018 0.70820432901382457 123.50000000000001 94.500000000000014 0.83333301544189464 0.27466151118278509 0.029886167496442798 40.500000000000007 9.5000000000000018 27.500000000000004 0.013830932322889568 6.5000000000000009 3.5000000000000004 16.675424575805668 20.500000000000004 87.500000000000014 42.500000000000007 36.797872543334968 34.536512374877937 88.500000000000014 42.500000000000007 41.500000000000007 0.22474747896194461 30.500000000000004 2.5000000000000004 1.2785964608192446 78.500000000000014 156.50000000000003 0.46862745285034185 0.74679487943649303 0.019762494601309303 34.004098892211921 1.5315753817558291
decision_type=2 8 10 2 2 10 10 8 10 8 10 10 10 10 10 2 10 2 2 2 1 10 2 2 9 9 10 2 2 2 10 2 2 2 10 2 2 10 10 10 2 10 2 2 2 2 2 2 2 2 2 10 2 2 2 2 2 10 10 10 2 10
left_child=2 11 -1 -3 5 6 7 -5 9 10 18 16 -13 17 45 -16 20 -14 -6 -9 21 23 50 -2 26 43 27 -23 29 -28 31 -31 42 -34 35 -35 37 -36 39 -39 -27 -42 44 56 -29 46 47 -15 49 -47 52 54 53 -22 -52 -19 57 59 61 60 -26 -59
right_child=1 3 -4 4 8 -7 -8 19 -10 -11 -12 12 13 14 15 -17 -18 55 -20 -21 22 24 -24 -25 25 40 28 32 -30 30 -32 -33 33 34 36 -37 -38 38 -40 -41 41 -43 -44 -45 -46 48 -48 -49 -50 -51 51 -53 -54 -55 -56 -57 -58 58 -60 -61 -62 -63
leaf_value=-0.033331850606719969 -0.059437826455108977 -0.0012521666220593464 0.0037935714959713377 -0.040296951424228997 0.029091565846529645 0.016530872788457624 0.037774672694014869 -3.6025965184269939e-06 -0.0009848854995059247 -0.034469045405699054 -0.024677398800004614 -0.035524269791328417 -0.031822806926955216 -0.0066337857873615584 -0.0059829466714130548 -0.064330865678937851 -0.018479057097590477 0.0093530330795013727 -0.015396596919726134 0.0067771683422503635 -0.050900423975235413 0.017768323741922543 -0.01121597119932242 0.014712029235176805 -0.012907347800289315 -0.053382850993457798 0.031890618465757782 0.0075215185386541695 0.016602740998423345 -0.049692612498537701 0.023521175060677999 0.01252449519035532 0.028025080068224802 -0.046958332108284359 0.00079192797928551129 0.0046180976733048778 0.015748106571541142 0.015850756927546578 0.00081104113343796454 -0.060909358875304936 0.0087275184740493606 -0.027516754531081114 -0.019224613639161264 0.031042453112316439 0.038591360613303489 0.010175858607781925 0.0080285138981949569 -0.053920523003167735 0.040231769204856049 -0.039711522944971579 -0.049281589087630563 0.014224808448265798 0.0055728534544565861 -0.0027411587840885971 0.014430067730557114 -0.036389592133138055 0.014559838201064448 -0.053351777115710368 -0.00030028244818472465 -0.0038060149541208517 0.035680005029819904 0.011539665367276554
leaf_weight=47.141476333832543 6.5856370346737076 12799.942415280329 35.236654606473166 13.034688345505854 28.005628916202113 195.99905574566219 26.690362132154405 1401.8184861282934 230.85381257870176 74.626341432536719 22.151247683737893 28.197269908152521 10.539180346764622 53.22979405883234 33.154947895091027 16.890380248427391 45.70980546134524 272.70890423981473 13.825314153364159 759.88895995309576 18.488701093592681 139.1844912111992 168.76766494580079 4.5611030997242779 15.846738544292746 10.898240013397297 16.064174855360761 208.39252978377044 517.90537047322141 29.248470360296778 14.28314253920689 10.430116603383793 18.490016838070005 34.285068458877504 71.495108386268839 20.055620389757678 53.660761920036748 3.1083932654000845 17.966950847301632 21.629830459016375 38.421509532723576 30.265617232886143 26.069841130112763 27.71388310007751 22.340281342389062 35.735510543338023 40.44872930389829 19.956408345024101 15.221586798317729 7.0860621611354864 10.270479370839896 187.27865838643629 77.371600266837049 34.238994969637133 7.7872026525437823 6.2246830286458126 111.203385295521 29.011429940466769 81.041153590776958 175.06638160551665 56.802229326800443 6.0685205780901006
leaf_count=55790 132 640036 19536 397 477 3898 267 21841 13229 8117 1248 706 284 636 635 368 557 3089 844 13561 921 1641 1447 28 427 497 80 2551 4491 497 63 65 95 712 605 155 457 14 271 477 275 659 539 202 132 309 346 215 52 75 244 1614 1373 550 45 74 1161 834 1073 3107 609 61
internal_value=-0.000178232 -9.32363e-05 -0.0181433 -0.000644676 0.00216283 0.00373445 0.00256027 0.00204243 -0.00794904 -0.0191098 4.60243e-06 0.00285532 -0.00319678 -0.00108679 -0.00994804 -0.0297302 0.00423772 0.00575421 0.014314 0.00239013 0.0047236 0.00633857 -0.00120565 -0.0339364 0.00671496 0.00134816 0.00916567 0.00477423 0.0139954 -0.0051093 -0.0178943 -0.0337665 0.000998233 -0.00635439 -0.00976899 -0.0291377 -0.00283742 -0.0118647 -0.030916 -0.0502209 -0.0152257 -0.00802628 0.00787933 0.00433688 0.0112845 -0.00350325 -0.0115233 -0.0221516 0.0118667 -0.00136836 0.00388618 0.010303 -0.006248 -0.022574 -0.0246353 0.0077094 0.00256211 -0.00125255 -0.0141402 0.00494902 0.0249331 -0.042087
internal_weight=18556.6 18474.2 82.3781 15566.8 2766.89 2397.43 2201.43 2174.74 369.462 138.609 63.9822 2907.4 539.393 511.196 221.723 50.0453 2368.01 289.473 41.8309 2161.71 2322.3 1818.1 504.203 11.1467 1806.95 582.339 1224.61 636.679 587.931 70.0259 53.9617 39.6786 497.494 240.692 222.202 54.3407 167.861 114.2 42.7052 24.7382 79.5854 68.6871 256.803 502.754 230.733 171.678 113.635 73.1862 58.0432 42.8216 335.436 205.336 130.099 52.7277 18.0577 278.934 475.04 363.836 116.121 247.715 72.649 35.08
internal_count=814691 739365 75326 703915 63879 39964 36066 35799 23915 10686 2569 35450 6789 6083 2636 1003 28661 3447 1321 35402 28104 21910 6194 160 21750 8905 12845 7649 5196 705 625 562 6008 2786 2691 867 1824 1367 762 491 1431 934 3222 7474 2683 1633 1197 851 436 384 4747 1903 2844 1471 289 3163 7272 6111 1968 4143 1036 895
cat_boundaries=0 1 2 3
cat_threshold=28 142694 318919041
is_linear=0
shrinkage=0.05


Tree=131
num_leaves=63
num_cat=7
split_feature=20 21 1 17 30 19 37 15 49 19 46 47 49 45 34 37 17 18 35 30 21 19 21 43 15 20 37 16 47 29 49 9 24 34 35 37 1 15 30 19 48 27 11 30 48 27 5 6 46 16 19 28 11 20 49 19 21 5 18 28 30 47
split_gain=15.6823 13.5117 11.8633 11.231 21.3616 11.4944 9.81214 12.3647 9.23003 11.6695 9.08062 21.0712 12.8249 14.5077 11.0634 10.6902 13.6678 11.3275 11.1356 10.927 9.93662 9.83093 9.81961 18.5716 19.7826 15.9505 13.9005 12.434 11.1595 13.1418 12.0799 9.81444 9.28229 9.0035 8.86249 12.4816 9.66438 8.81374 13.395 11.5617 8.67967 14.5339 9.57708 10.1174 9.47075 9.79862 8.65384 8.62226 8.54801 8.54578 9.89127 8.4074 8.35078 8.34743 8.16581 8.08088 8.05878 8.04985 7.94821 7.90265 17.5636 13.9945
threshold=0.063184387981891646 0.82668063044548046 19.500000000000004 0.015877015888690952 35.500000000000007 16.500000000000004 30.500000000000004 0.49647887051105505 0.33127784729003912 354.50000000000006 0 1 14.851549148559572 2 0.018029189668595794 26.500000000000004 0.40175439417362219 0.41625411808490759 0.3178947269916535 14.500000000000002 0.44667470455169683 146.50000000000003 0.30053764581680303 3 0.090454548597335829 0.01688212621957064 30.500000000000004 0.31455026566982275 4 0.65817889571189891 6.3415660858154306 31.500000000000004 26.500000000000004 0.022862234152853492 0.92940199375152599 23.500000000000004 5.5000000000000009 0.17694497108459475 9.5000000000000018 58.500000000000007 0.6311357617378236 213.00000000000003 7.5000000000000009 1.5000000000000002 0.65517807006835949 283.00000000000006 0.36122058331966406 6.5000000000000009 5 0.91042780876159679 23.500000000000004 17.500000000000004 30.500000000000004 0.032852914184331901 6.9978065490722665 81.500000000000014 0.90645834803581249 0.14227043837308886 0.59586465358734142 210.50000000000003 7.5000000000000009 6
decision_type=2 2 10 8 2 2 2 10 2 2 9 9 2 9 8 2 8 10 10 2 2 2 2 9 8 2 2 8 9 2 2 2 2 10 8 2 8 10 2 2 10 2 8 2 10 2 10 10 9 8 2 2 8 2 2 2 2 8 10 2 2 9
left_child=3 6 48 4 5 -1 7 -2 9 -7 11 21 15 -14 -15 16 18 31 20 -20 -13 46 23 24 -12 26 -26 -27 34 51 -31 -18 -24 -28 36 -36 -25 57 -39 -40 41 58 -43 -44 45 52 -5 -45 54 -37 -51 -30 -42 -29 -3 -8 -4 -38 -10 -46 -61 -62
right_child=1 2 56 10 -6 8 55 -9 40 -11 22 12 13 14 -16 -17 17 -19 19 -21 -22 -23 32 28 25 27 33 53 29 30 -32 -33 -34 -35 35 49 37 38 39 -41 44 42 43 47 59 -47 -48 -49 -50 50 -52 -53 -54 -55 -56 -57 -58 -59 -60 60 61 -63
leaf_value=-0.027075464433324849 -0.048424927957164306 0.011403628733936343 0.020293282379110839 -0.061751888271407679 -0.035894554742129332 -0.043352147777365492 -0.012212789393792917 0.011441001395185257 -0.021665344016141234 0.0076582301514386206 -0.054697327178535982 0.039979859193477379 0.016493545415566749 -0.033241723457208182 -0.0047406542553076478 0.010258259762375502 -0.027440049132676572 0.013946267696896861 -0.014755339701042362 0.013451064968402981 0.00030448988085914497 0.0016049012260299042 -6.5016333646338424e-05 -0.018953086125602168 -0.020654120057737202 0.012413194777210453 0.026490500465318086 -0.018135273131773186 -0.025366479834132868 -0.0014022162136406403 -0.056767702547972469 0.008631664691162463 0.034250854188297604 -0.023247782325095123 0.0067832952181820852 -0.034172928012028231 -0.03376955430249181 0.0054944266535232079 0.0048648345303022207 -0.051803819454638828 -0.011767785134597947 -0.027727765401527261 -0.02263135197206026 0.014347047871206706 -0.00048786484265683988 0.041656013500521102 0.011295981486783763 -0.030350208476185594 0.018875035992797978 0.031137957321819461 -0.012164026797985714 0.020816675977577404 0.02080141612960967 -0.049202836210976382 -0.03774293289908124 0.02620232522830267 -0.037608693558040029 0.016127708708591308 0.001444050437837254 -0.0019428544817897836 0.012250025553818385 -0.023716095147031706
leaf_weight=42.121570313320262 19.82089314297264 14.558286880102971 5.1133403696585455 20.021712227793618 43.446045405162295 24.579934411071008 25.287766701410874 10.747042740389587 183.0103885732824 15.947708643478107 26.387382425167743 35.815811132371891 57.747796155883407 35.149263542080007 241.54833398843039 819.61643467376416 82.822575965168653 27.897512203111546 63.239984544663457 64.116308058328286 25.854934955590579 12.180631077324504 11042.144884030051 33.350099686300382 29.704455857456196 19.223014230803528 49.493910055374727 82.544318647909677 11.041566438187148 15.195846757516845 24.440406714711571 21.44010586629156 14.74151372309643 6.909087276661011 110.23273944525135 37.387716932706098 3.8504032030468807 172.40408217816002 14.330506484788204 16.083760135836201 35.378566628627595 19.119068203290226 21.530598283396102 131.59211183655134 3062.9194529610104 19.513315266842255 3.1824256863910696 7.0664251500857054 263.92393470430034 9.934261796246572 120.48232228880806 20.72053731456981 33.732014563749544 31.226646260780399 10.728967050628851 20.328750750166364 13.518912290222943 204.74688431633695 45.639730814305949 631.41431991232093 26.021012473793235 162.90430005377857
leaf_count=56596 1501 934 63 2592 6420 2101 1591 416 26565 809 4492 1119 2073 3124 14222 33068 6751 897 3925 3020 1454 823 364562 520 2236 1102 1458 7011 2738 782 2320 439 7937 867 2622 5123 469 6536 829 1294 1872 1679 1555 10758 143198 339 112 741 11603 375 4137 1216 2049 3180 1728 503 498 12291 5065 18992 1114 8822
internal_value=-0.000486891 0.00944617 0.0140736 -0.000700037 -0.00286212 -0.00250071 -0.00896741 -0.0287278 -0.00223621 -0.0246429 1.67119e-05 0.00365198 0.004695 -0.00384027 -0.00858228 0.00724407 -0.000486981 -0.0125608 0.00806068 -0.000583397 0.0246166 -0.0282851 -0.000441239 -0.00507521 -0.0166468 -0.0116888 0.00493836 -0.0222431 -0.00119343 -0.0181842 -0.0380763 -0.0199669 -3.80416e-06 0.0190009 0.000820492 -0.00610592 0.0051884 0.00734943 -0.000112819 -0.0281858 -0.00200102 -0.00890138 0.00175947 0.0060116 -0.00128197 0.0144369 -0.051507 0.0110921 0.0166346 -0.0145243 -0.00783765 0.00349539 0.00445975 -0.0283747 -0.00919948 0.00580392 -0.0207868 0.0144377 -0.0171204 -0.00165881 -0.00600134 -0.0191656
internal_weight=18497.2 384.028 307.843 18113.1 4505.94 4462.49 76.1845 30.5679 4420.37 40.5276 13607.2 1510.63 1475.25 334.445 276.698 1140.8 321.187 132.16 189.027 127.356 61.6707 35.3848 12096.6 1039.69 245.489 219.101 86.1075 132.994 794.201 71.3984 39.6363 104.263 11056.9 56.403 722.803 278.037 444.766 411.416 202.818 30.4143 4379.84 407.958 179.308 160.189 3971.88 88.6239 23.2041 138.659 289.211 167.804 130.417 31.7621 69.1106 113.771 25.2873 45.6165 18.6323 208.597 228.65 3883.26 820.34 188.925
internal_count=815228 18837 14826 796391 288675 282255 4011 1917 225659 2910 507716 73619 70092 19419 17346 50673 17605 8087 9518 6945 2573 3527 434097 61598 20346 15854 4561 11293 41252 7056 3102 7190 372499 2325 34196 12257 21939 21419 8659 2123 222749 46363 14733 13054 176386 4260 2704 11499 14265 9635 4512 3954 3921 10191 2662 2094 561 12760 31630 172126 28928 9936
cat_boundaries=0 1 2 3 4 5 6 7
cat_threshold=15440 2688544 1657860 4192 35841248 541936 32768
is_linear=0
shrinkage=0.05


end of trees

feature_importances:
garment_group_name=560
ci_age_gap=440
perceived_colour_master_name=425
ci_price_ratio=370
c_days_since_last=325
a_trend=316
c_price_mean=296
a_online_share=285
rep_days_since=257
c_age=253
a_pop_8w=244
a_price_mean=242
a_buyer_age_mean=242
c_online_share=241
ci_colour_share=234
ci_igroup_share=228
ci_garment_share=214
a_days_since_first=208
graphical_appearance_name=196
als_score=192
a_pop_1w=169
als_rank=158
c_n_articles=151
a_buyers_4w=148
ci_ptype_share=146
a_pop_2w=138
a_pop_4w=135
c_n_tx_2w=134
pop_rank=125
ci_prodcode_count=123
c_n_tx=108
sib_rank=92
bandpop_rank=90
product_group_name=79
rep_rank=78
content_score=75
itemcf_rank=69
n_sources=68
itemcf_score=64
c_n_weeks=62
sib_pop=56
a_days_since_last=49
content_rank=35
index_group_name=21
c_active=14
rep_count=11
c_news_regular=9
c_fn=6
c_club_active=3

parameters:
[boosting: gbdt]
[objective: lambdarank]
[metric: ndcg]
[tree_learner: serial]
[device_type: cpu]
[data_sample_strategy: bagging]
[data: ]
[valid: ]
[num_iterations: 500]
[learning_rate: 0.05]
[num_leaves: 63]
[num_threads: 2]
[seed: 42]
[deterministic: 0]
[force_col_wise: 0]
[force_row_wise: 0]
[histogram_pool_size: -1]
[max_depth: -1]
[min_data_in_leaf: 50]
[min_sum_hessian_in_leaf: 0.001]
[bagging_fraction: 0.8]
[pos_bagging_fraction: 1]
[neg_bagging_fraction: 1]
[bagging_freq: 1]
[bagging_seed: 400]
[bagging_by_query: 0]
[feature_fraction: 0.9]
[feature_fraction_bynode: 1]
[feature_fraction_seed: 30056]
[extra_trees: 0]
[extra_seed: 12879]
[early_stopping_round: 0]
[early_stopping_min_delta: 0]
[first_metric_only: 0]
[max_delta_step: 0]
[lambda_l1: 0]
[lambda_l2: 5]
[linear_lambda: 0]
[min_gain_to_split: 0]
[drop_rate: 0.1]
[max_drop: 50]
[skip_drop: 0.5]
[xgboost_dart_mode: 0]
[uniform_drop: 0]
[drop_seed: 17869]
[top_rate: 0.2]
[other_rate: 0.1]
[min_data_per_group: 100]
[max_cat_threshold: 32]
[cat_l2: 10]
[cat_smooth: 10]
[max_cat_to_onehot: 4]
[top_k: 20]
[monotone_constraints: ]
[monotone_constraints_method: basic]
[monotone_penalty: 0]
[feature_contri: ]
[forcedsplits_filename: ]
[refit_decay_rate: 0.9]
[cegb_tradeoff: 1]
[cegb_penalty_split: 0]
[cegb_penalty_feature_lazy: ]
[cegb_penalty_feature_coupled: ]
[path_smooth: 0]
[interaction_constraints: ]
[verbosity: -1]
[saved_feature_importance_type: 0]
[use_quantized_grad: 0]
[num_grad_quant_bins: 4]
[quant_train_renew_leaf: 0]
[stochastic_rounding: 1]
[linear_tree: 0]
[max_bin: 255]
[max_bin_by_feature: ]
[min_data_in_bin: 3]
[bin_construct_sample_cnt: 200000]
[data_random_seed: 175]
[is_enable_sparse: 1]
[enable_bundle: 1]
[use_missing: 1]
[zero_as_missing: 0]
[feature_pre_filter: 1]
[pre_partition: 0]
[two_round: 0]
[header: 0]
[label_column: ]
[weight_column: ]
[group_column: ]
[ignore_column: ]
[categorical_feature: 43,44,45,46,47]
[forcedbins_filename: ]
[precise_float_parser: 0]
[parser_config_file: ]
[objective_seed: 16083]
[num_class: 1]
[is_unbalance: 0]
[scale_pos_weight: 1]
[sigmoid: 1]
[boost_from_average: 1]
[reg_sqrt: 0]
[alpha: 0.9]
[fair_c: 1]
[poisson_max_delta_step: 0.7]
[tweedie_variance_power: 1.5]
[lambdarank_truncation_level: 30]
[lambdarank_norm: 1]
[label_gain: ]
[lambdarank_position_bias_regularization: 0]
[eval_at: 12]
[multi_error_top_k: 1]
[auc_mu_weights: ]
[num_machines: 1]
[local_listen_port: 12400]
[time_out: 120]
[machine_list_filename: ]
[machines: ]
[gpu_platform_id: -1]
[gpu_device_id: -1]
[gpu_device_id_list: ]
[gpu_use_dp: 0]
[num_gpu: 1]

end of parameters

pandas_categorical:[["Accessories", "Bags", "Cosmetic", "Fun", "Furniture", "Garment Full body", "Garment Lower body", "Garment Upper body", "Garment and Shoe care", "Interior textile", "Items", "Nightwear", "Shoes", "Socks & Tights", "Stationery", "Swimwear", "Underwear", "Underwear/nightwear", "Unknown"], ["Baby/Children", "Divided", "Ladieswear", "Menswear", "Sport"], ["Accessories", "Blouses", "Dressed", "Dresses Ladies", "Dresses/Skirts girls", "Jersey Basic", "Jersey Fancy", "Knitwear", "Outdoor", "Shirts", "Shoes", "Shorts", "Skirts", "Socks and Tights", "Special Offers", "Swimwear", "Trousers", "Trousers Denim", "Under-, Nightwear", "Unknown", "Woven/Jersey/Knitted mix Baby"], ["Beige", "Black", "Blue", "Bluish Green", "Brown", "Green", "Grey", "Khaki green", "Lilac Purple", "Metal", "Mole", "Orange", "Pink", "Red", "Turquoise", "Unknown", "White", "Yellow", "Yellowish Green", "undefined"], ["All over pattern", "Application/3D", "Argyle", "Chambray", "Check", "Colour blocking", "Contrast", "Denim", "Dot", "Embroidery", "Front print", "Glittering/Metallic", "Hologram", "Jacquard", "Lace", "Melange", "Mesh", "Metallic", "Mixed solid/pattern", "Neps", "Other pattern", "Other structure", "Placement print", "Sequin", "Slub", "Solid", "Stripe", "Transparent", "Treatment", "Unknown"]]
